composition,band gap
Ag(AuS)2,0
Ag(W3Br7)2,0
Ag0.5Ge1Pb1.75S4,1.83
Ag0.5Ge1Pb1.75Se4,1.51
Ag2BBr,0
Ag2BiO3,0
Ag2GeS3,1.98
Ag2GeSe3,0.9
Ag2HgI4,2.47
Ag2Mo(I2O7)2,3.06
Ag2P2PbO7,0
Ag2PdO2,0.18
Ag3AsO4,0
Ag3Pd,0
Ag3RuO4,0
Ag5IO6,1.4
Ag7(SI)2,0
Ag7AsS6,1
Ag7AsSe6,1
Ag7NO11,0
Ag8GeS6,1.18
Ag8SnSe6,0.71
Ag9(PbO3)4,0
Ag9Ge2IO8,0
AgAsSe2,1.4
AgAu3,0
AgBi(PS3)2,1.7
AgBi(PSe3)2,1.4
AgBiPbS3,1.2
AgBiPbSe3,0.13
AgBiS2,0.9
AgBiSe2,0.34
AgBr,2.52
AgCNO,0
AgCl,5.13
AgF,2.8
AgGeO3,0
AgO,1.57
AgP15,1.47
AgPd(IO3)3,1.5
AgPdO2,0
AgPt3,0
AgSO4,0.18
AgTe2As,0.8
Al(Ni10B7)2,0
Al(NiS2)2,0
Al0.01Cd0.99Sb0.01Te0.99,1.6
Al0.01Ga0.99P1,2.27
Al0.01In0.99P1,1.3
Al0.05Cd0.95Sb0.05Te0.95,1.37
Al0.15Ga0.85As1,1.6
Al0.1Cd0.9Sb0.1Te0.9,1.36
Al0.1In0.9P1,1.5
Al0.2Ga0.8P1,2.3
Al0.2In0.8P1,1.7
Al0.35Ga0.65As1,2
Al0.3Ga0.7As1,1.81
Al0.3In0.7P1,1.9
Al0.45Cd0.55Sb0.45Te0.55,1.93
Al0.4Cd0.6Sb0.4Te0.6,1.8
Al0.4Ga0.6P1,2.35
Al0.4In0.6P1,2.12
Al0.5Ga0.5As1,2.12
Al0.6Ga0.4As1,2.3
Al0.6Ga0.4P1,2.4
Al0.6In0.4P1,2.3
Al0.75Ga0.25As1,2.42
Al0.7In0.3P1,2.3
Al0.8Ga0.2P1,2.43
Al0.99Cd0.01Sb0.99Te0.01,2.21
Al0.99Ga0.01P1,2.49
Al0.99In0.01P1,2.4
Al10V,0
Al13Ru4,0
Al2(CuSe2)3,0
Al21Pt8,0
Al2CoIr,0
Al2Cr2O7,0
Al2CrS4,0
Al2Cu,0
Al2FeNi,0
Al2Ru,0
Al2S3,4.1
Al2Se3,3.1
Al3Tc,0
Al4Cu2O7,0
Al4Cu9,0
Al5Rh2,0
Al6Fe,0
Al6Ru,0
Al6Tc,0
Al7(CN)3,0
Al9Co2,0
Al9Ir2,0
Al9Rh2,0
AlAgO2,3.6
AlAgS2,3.13
AlAgSe2,2.55
AlAgTe2,1.8
AlAs,0
AlB2,0
AlBi,0.4
AlCoO3,0
AlCu3,0
AlCu7O12,0
AlCuS2,3.5
AlCuTe2,2.06
AlFe2Si,0
AlFe4(CuO4)3,0
AlIr,0
AlNi2,0
AlPd5I2,0
AlSn,0
AlV(TeO4)2,2.9
AlVCo2,0
As2Ir,1
As2O3,4
As2Os,0.9
As2Rh,1.15
As2Ru,0.8
As2S5,2.48
AsAu3,0
AsBr3,2.6
AsOsS,1.3
AsP,0.23
AsPPd,0.45
AsPPt,0.4
AsPRu,0.8
AsPd3Pb2,0
AsRuS,1.2
AsS,2.4
AsS3,2.35
AsSI,2.05
AsSeBr,0
AsSeI,1.76
Au3S,0
AuBrO2,0
B2Mo(PbO2)6,2.9
B2O3,4.89
B2Se2O7,4.64
B3H2Pb2O7.5,4.42
B3Pb10Br3O13,3.25
B3Pb3NO10,3.64
B4C,1.64
B4H2Pb6O13,3.24
B4W,0
B5Mo2,0
B6As,1.51
B6P,3.3
BAs,1.45
BH(PbO2)2,3.76
BMo,0
BP,4.2
BPb2ClO3,3.99
BPb6BrO7,2.84
BPb7Br3O7,2.62
BRh2,0
BSb,2.6
BSbPbS4,1.8
BSe2Cl,0
BTe2As,0
Ba(AsPd)2,0
Ba(AsRh)2,0
Ba(BRh)2,0
Ba(FeS2)2,0
Ba(GaS2)2,4.13
Ba(GaSe2)2,3.16
Ba(InS2)2,3.06
Ba(InSe2)2,2.63
Ba(NiP2)2,0
Ba(PdO2)2,0
Ba(SnO2)4,0
Ba(ZnAs)2,0.23
Ba1.88Ta15O32,0.13
Ba12In4S19,2.56
Ba14Ir8(PdO11)3,0
Ba14Na8CaN6,0
Ba23Ga8(SbS19)2,2.84
Ba2B4H2O9,5.12
Ba2B6H4O13,6.53
Ba2B6O11,5.17
Ba2BiSbO6,0
Ba2CaOsO6,0
Ba2CaReO6,0
Ba2Cd(BO2)6,4.59
Ba2Ce2O5,0
Ba2CeInTe5,1.35
Ba2CoWO6,0
Ba2Cu5F14,0
Ba2CuWO6,0
Ba2DyCu3O7,0
Ba2DyGaSe5,2.35
Ba2DyGaTe5,1.13
Ba2DyInSe5,2.27
Ba2DyInTe5,1.35
Ba2ErGaSe5,1.95
Ba2ErGaTe5,1.15
Ba2ErInSe5,2.29
Ba2ErInTe5,1.35
Ba2FeMoO6,0
Ba2FeReO6,0
Ba2Ga8GeS16,3
Ba2Ga8SiS16,3.4
Ba2GaAsSe5,1.39
Ba2GaBiS5,2.38
Ba2GaBiSe5,2.21
Ba2GaBiTe5,1.43
Ba2GaS4,2.55
Ba2GaSbSe5,2.51
Ba2GaSbTe5,1.66
Ba2GaSe4,1.63
Ba2GdGaSe5,1.87
Ba2GdGaTe5,1.12
Ba2GdInSe5,2.24
Ba2GdInTe5,1.36
Ba2HgS5,2.4
Ba2In2S5,2.47
Ba2In2Se5,2.12
Ba2InAgS4,2.32
Ba2InBiS5,1.55
Ba2InSbSe5,1.92
Ba2LaIrO6,0
Ba2LiFe2N3,0
Ba2NaCu3S5,0.45
Ba2NdGaS5,2.12
Ba2NdGaSe5,2.18
Ba2NdInSe5,2.2
Ba2NdInTe5,1.37
Ba2ReNiO6,0
Ba2Sb7HO14,2.7
Ba2ScIrO6,0
Ba2ScTaO6,4.19
Ba2SmCu3O7,0
Ba2SmGaSe5,2.27
Ba2SmGaTe5,1.04
Ba2SmInSe5,2.22
Ba2SmInTe5,1.36
Ba2SmTaO6,3.02
Ba2SnSe4,1.9
Ba2SnSe5,1.8
Ba2TaInO6,4.17
Ba2TbIrO6,0
Ba2ThCu2Se5,1.75
Ba2UCuO6,0
Ba2V2Te2O11,3.16
Ba2V2ZnO8,3.48
Ba2V4(TeO6)3,2.64
Ba2YGaSe5,2.31
Ba2YGaTe5,1.08
Ba2YInSe5,2.31
Ba2YInTe5,1.36
Ba2YReO6,0
Ba2Yb(CuO2)4,0
Ba2Zn0.2B2S5.2,3.54
Ba2ZnSe3,2.75
Ba2ZnTe3,2.1
Ba3(AlGe)2,0
Ba3(LiSn2)4,0
Ba3Ag2(SnS4)2,2.37
Ba3B1.5Sb0.5S6,3.01
Ba3BSbS6,2.62
Ba3BSbSe6,1.89
Ba3Bi0.5B1.5S6,2.43
Ba3Bi2TeO9,2.3
Ba3CaIr2O9,0
Ba3CaRu2O9,0
Ba3Cd(SnS4)2,2.75
Ba3Co10O17,0
Ba3CrS5,0
Ba3Dy2(PS4)4,3.28
Ba3Er2(PS4)4,3.3
Ba3ErRu2O9,0
Ba3Eu(PO4)3,4.09
Ba3FeS4Br,1.65
Ba3Gd2(PS4)4,3.41
Ba3GeS5,3
Ba3Ho2(PS4)4,3.3
Ba3In2(PO4)4,3.87
Ba3InS4Cl,3.42
Ba3La3(Cu3O7)2,1.8
Ba3MgTa2O9,4.28
Ba3N2,0
Ba3NaIr2O9,0
Ba3NaIrO6,0
Ba3Nb2CoO9,0
Ba3Nb2Se9,1.3
Ba3P3ClO10,6.89
Ba3PN,0
Ba3Sb2S7,2.4
Ba3Sn(SbSe4)2,0.97
Ba3Sn0.87Bi2.13Se8,0.79
Ba3Ta2Se9,1.6
Ba3Ta2ZnO9,4.32
Ba3Ta5NO14,2.8
Ba3Tb2(PS4)4,3.37
Ba3Te,0
Ba3ThSe7,1.96
Ba3V2(SeO4)4,2.87
Ba3YIr2O9,0
Ba3Yb4O9,0
Ba3ZrRu2O9,0
Ba4B11O20F,7.1
Ba4Ga4GeSe12,2.18
Ba4Ga4SnSe12,2.16
Ba4Ga5AgS12,2.52
Ba4Ga5CuS12,2.82
Ba4Ga5CuSe12,1.45
Ba4Ga5Si18,0.31
Ba4Ge3S9Cl2,2.91
Ba4Ge3Se9Cl2,1.89
Ba4InAgSe6,2.41
Ba4InCuSe6,2.23
Ba4LiGa5Se12,2.65
Ba4Nb14O23,0
Ba4Sb3S8Cl,2.09
Ba4Si20Au3,0
Ba4Si3Se9Cl2,1.76
Ba4Sm2Cu2O9,0
Ba4Yb(CuO3)3,0
Ba5(Ga2Se5)2,2.2
Ba5(GaSe4)2,2.51
Ba5Al2Ge7,0
Ba5Bi3,0
Ba5Cd(Ga2Se5)3,2.6
Ba5Ga6GeP12,1.39
Ba5Ga6SnP12,1.21
Ba5Ge3,0
Ba5In4Bi5,0
Ba5In4Te4S7,2.13
Ba5Sb3,0
Ba5V3O12F,3.85
Ba6Al4B14O33,3.44
Ba6Ga2SnSe11,1.99
Ba6In2NF,0
Ba6Sn6Se13,1.52
Ba7(SnS3)5,2.29
Ba7B3O9F5,4.94
Ba7Ga5AgS15,2.6
Ba7Ru4Br2O15,0
Ba8Al10B12O41,3.1
Ba8Hg4Se7S5,1.98
Ba8Sn4S15,2.31
Ba8Ta7O24,0
BaAg,0
BaAg2,0
BaAgSbS3,2.2
BaAl2,0
BaAl4Se7,3.4
BaAlCu4O7,0
BaAu(IO3)5,2.32
BaAu2,0
BaB6,2.64
BaBClF4,6.89
BaBSbS4,2.34
BaBiClO2,3.71
BaCaB2O5,5.6
BaCaSn3,0
BaCdSnS4,2.3
BaCu2SnSe4,0.48
BaCuSbS3,2
BaCuSbSe3,1.6
BaCuTeF,2.3
BaDy2CuO5,0
BaEu2Mn2O7,0
BaGa2GeS6,3.23
BaGa2SiS6,3.75
BaGa2SiSe6,2.88
BaGa4S7,3.54
BaGa4Se7,2.64
BaGe2,1
BaGe3Pt,0
BaGe4(IrS3)2,1.54
BaGe4(IrSe3)2,1.33
BaGe4(RhSe3)2,1.09
BaHgS2,1.93
BaHgSe2,1.56
BaIn2(P2O7)2,3.97
BaIn2Ir,0
BaLa2CoS5,0
BaLa2In2S7,1.87
BaLa2In2Se7,1.66
BaLa2Te5O14,3.81
BaLi4,0
BaMn4O7,0
BaMn4ZnO8,0
BaMnO3,0
BaNa2GeS4,3.7
BaNa2GeSe4,2.25
BaNa2SnS4,3.27
BaNa2SnSe4,2.46
BaNaB5O9,4.78
BaNb4O6,0
BaO,4.8
BaPd(IO3)4,1.97
BaPdSe6,2.15
BaPrO3,2
BaPt5,0
BaReH9,3.44
BaS,3.88
BaSi,0
BaSi2,1.3
BaSn2S5,2.35
BaSn3,0
BaSnO3,3.1
BaTaNO2,1.78
BaTbMn2O6,0
BaTe,3.4
BaTeMo2O9,3.12
BaTh3,0
BaTi14O28,0
BaTi4O7,0
BaTi4O8,0
BaTl(MoO3)2,0
BaTl3,0
BaUSe3,1
BaV2SeO8,2.13
BaYb2O4,0
BaYbSn3,0
BaZn(MoO2)4,0
BaZn5,0
BaZnGeSe4,2.46
BaZnSO,3.9
BaZnSiSe4,2.71
Be12Pt,0
Be22Re,0
Be2HgTe,0
Be2W,0
Be3N2,3.8
Be3Sb2,0.67
BeAlB,0
BeCu,0
BeFe2Si,0
BeGaO3,0
BeGaRh2,0
BeO,10.39
BePd2,0
BePd3,0
BeS,4.17
BeSe,4
BeSiOs2,0
BeSiRu2,0
BeTcSe,0
BeTe,2.89
Bi0.002Te0.003Pb0.999Se0.999,0.79
Bi0.04Te0.06Pb0.98Se0.98,0.28
Bi0.2Sb1.8Te3,0.28
Bi0.2Te0.3Pb0.9Se0.9,0.25
Bi0.4Sb1.6Te3,0.21
Bi0.4Te0.6Pb0.8Se0.8,0.22
Bi0.6Sb1.4Te3,0.2
Bi1.4Sb0.6Te3,0.17
Bi1.6Sb0.4Te3,0.16
Bi1.8Sb0.2Te3,0.15
Bi1.98Sb0.02Te3,0.14
Bi12PO20,3.25
Bi12Rh12O41,0
Bi1Sb0.15,0.02
Bi2(BO3)3,0
Bi2(MoO4)3,2.9
Bi2(PO4)3,0
Bi24BO39,2.91
Bi2AsClO4,3.43
Bi2CO5,3.42
Bi2I4O13,3.3
Bi2Mo2Se2O13,3.15
Bi2O5,0
Bi2Pd3S2,0
Bi2Pt,0
Bi2SI2O11,3.74
Bi2Se3,0.35
Bi2SeI2O11,3.7
Bi2Te0.03Se2.97,0.27
Bi2Te0.1Se2.9,0.78
Bi2Te0.3Se2.7,0.24
Bi2Te0.45Se2.55,0.2
Bi2Te0.4Se2.6,0.7
Bi2Te0.6Se2.4,0.28
Bi2Te0.9Se2.1,0.28
Bi2Te1.2Se1.8,0.28
Bi2Te1.5Se1.5,0.29
Bi2Te2.1Se0.9,0.29
Bi2Te2.4Se0.6,0.25
Bi2Te2.7Se0.3,0.2
Bi2Te2.97Se0.03,0.15
Bi2Te2SO10,3.6
Bi2Te2Se,0.3
Bi2Te3,0.25
Bi3BTeO9,2.6
Bi3I4O13F3,3.7
Bi3Se2NO11,3.59
Bi4I,0
Bi4Pb7Se13,0.29
Bi4Pd(SeO3)4,2.06
Bi5IO7,2.76
Bi7O5F11,4.05
Bi8Te7S5,0.4
Bi9S6O7.5,1.27
BiAs2Os,0
BiBPbO4,3.2
BiBr3,2.66
BiBrO,2.92
BiClO,3.46
BiIO3F2,3.97
BiO,0
BiP3(PbO4)3,3.7
BiPO4,3.85
BiPb2S2I3,1.6
BiPbClO2,2.45
BiPd,0
BiSBr,1.88
BiSCl,1.89
BiSI,1.56
BiSbTe3,0.19
BiSe,0.4
BiSeI,1.28
BiSeO3F,3.83
BiTeI,0.46
BiTeNO6,3.62
CBr4,3.7
CI4,2.26
Ca(AgGe)2,0
Ca(Al4Co)2,0
Ca(AlZn)2,0
Ca(BC)2,0
Ca(BIr)2,0
Ca(BiO2)2,3.08
Ca(CoGe)2,0
Ca(CoS2)4,0
Ca(GdS2)2,2.55
Ca(GeRh)2,0
Ca(LaS2)2,2.7
Ca(MnAs)2,0
Ca(NdS2)2,2.7
Ca(Ni2O3)2,0
Ca(PrS2)2,2.9
Ca(SiPd)2,0
Ca(SmS2)2,2.05
Ca(TiS2)4,0
Ca10Ge16(B2O17)3,5.47
Ca11Bi10,0
Ca11Ga7,0
Ca2Bi2O5,3.34
Ca2CdAs2,0.95
Ca2CdPb,0
Ca2Co9O13,0
Ca2CuWO6,0
Ca2Ge,1
Ca2GeN2,0
Ca2Mn9O13,0
Ca2MnAlO5,0
Ca2NiIrO6,0
Ca2Os2O7,0
Ca2PbAu2,0
Ca2ScSbO6,3.68
Ca2Si,1.9
Ca2SmTaO6,3.45
Ca2Sn,0.9
Ca2Sn2F3,0
Ca2SnS4,2.32
Ca2Ti9O13,0
Ca2TlCd,0
Ca2ZnRh,0
Ca3(GaPt)2,0
Ca3Al2Ge3,0
Ca3Au,0
Ca3Au4,0
Ca3Bi(PO4)3,4.2
Ca3BiAs,0
Ca3BiSb,0
Ca3Cu2(ClO2)2,0
Ca3In,0
Ca3La2(SnS4)3,1.45
Ca3N2,1.55
Ca3PbN,0
Ca3Sb2,1.4
Ca3SbN,0
Ca3Sn2S7,0
Ca3Ti2(SiO4)3,1.65
Ca3TlN,0
Ca3Zr17O37,0
Ca4Al3O10,0
Ca4Bi6O13,2.76
Ca5(Bi7O13)2,2.6
Ca5Au2,0
Ca5B3O9F,6.53
Ca5Ir,0
Ca5Sb3,0
Ca5Sn4S13,0
Ca6Ag16N,0
Ca6Cu2Sn7,0
CaAgF5,0
CaAu5,0
CaB6,4.5
CaCdPd2,0
CaCdSi,0
CaCu5,0
CaEu2O3,0
CaEuO2,0
CaF2,9.92
CaGa3Ni2,0
CaGaAu3,0
CaGaGe,0
CaGe2,0
CaHfZn,0
CaHg2,0
CaI2,5.98
CaIn2Ir,0
CaIn4Ir,0
CaInAu,0
CaInPt,0
CaIrO3,0
CaMg2N2,3.25
CaMgSn,0
CaMnSn,0
CaNi5,0
CaOsO3,0
CaPb,0
CaPd3C,0
CaPrZn2,0
CaSnO3,4.4
CaTaNO2,2.4
CaTi4O8,0
CaTiO2,0
CaVO2,0
CaYbInSe4,0
CaZn2,0
CaZn3,0
CaZn3Ni2,0
CaZn5,0
CaZnSO,3.7
Cd(GaS2)2,3.4
Cd(In15Te23)2,1.17
Cd(PS2)2,3.76
Cd0.01Ga0.99Sb0.99Te0.01,0.72
Cd0.01Hg0.99Se1,1.72
Cd0.01In0.99Te0.01As0.99,0.76
Cd0.02In0.98Te0.02As0.98,0.73
Cd0.03In0.97Te0.03As0.97,0.71
Cd0.04In0.96Te0.04As0.96,0.69
Cd0.05Ga0.95Sb0.95Te0.05,0.74
Cd0.05In0.95Te0.05As0.95,0.68
Cd0.06In0.94Te0.06As0.94,0.68
Cd0.07In0.93Te0.07As0.93,0.68
Cd0.1Ga0.9Sb0.9Te0.1,0.78
Cd0.1In0.9Te0.1As0.9,0.69
Cd0.204Hg0.796Te1,0.06
Cd0.23Hg0.77Te1,0.12
Cd0.28Hg0.72Te1,0.21
Cd0.2Ga0.8Sb0.8Te0.2,0.8
Cd0.2In2.4Ag0.4Te4,0.42
Cd0.35Hg0.65Te1,0.28
Cd0.37Hg0.63Te1,0.35
Cd0.3Hg0.7Se1,1.1
Cd0.3Hg0.7Te1,0.27
Cd0.4Hg0.6Se1,0.95
Cd0.5Hg0.5Se1,0.8
Cd0.5In2.25Ag0.25Te4,0.39
Cd0.5In2.2Ag0.4Te4,0.19
Cd0.6Hg0.4Se1,0.7
Cd0.75In2.1Ag0.2Te4,0.54
Cd0.7Hg0.3Se1,0.55
Cd0.8Hg0.2Se1,0.45
Cd0.8In2.1Ag0.1Te4,0.29
Cd0.99Ga0.01Sb0.01Te0.99,1.35
Cd0.99Hg0.01Se1,0.29
Cd0.9Hg0.1Se1,0.35
Cd12Ge17(B4O29)2,4.29
Cd13I28,0
Cd1Se0.01S0.99,2.4
Cd1Se0.2S0.8,2.23
Cd1Se0.35S0.65,2.13
Cd1Se0.45S0.55,2.05
Cd1Se0.65S0.35,1.93
Cd1Se0.99S0.01,1.68
Cd2AgRh,0
Cd2InAgTe3,0.47
Cd2InCuTe3,0.7
Cd2InCuTe4,0.85
Cd2PbO4,0
Cd3AgPS6,2.56
Cd3Bi(PO4)3,3.9
Cd3Bi2,0.2
Cd3In2(Te2S)2,1.23
Cd3P2,0.5
Cd3Sb2,0.3
Cd3Te2MoO10,3.81
Cd4P2Br3,2.19
Cd4P2Cl3,2.17
Cd4P2I3,2.17
Cd4Sb2I3,1.83
Cd4Sb3,1.25
Cd5Ga2(Te3S)2,1.29
Cd6P7,0.85
Cd8B5O15F,3.14
CdAg,0
CdAg2(PS3)2,2.49
CdAg2GeS4,2.32
CdAsPd5,0
CdAuO2,0
CdBiClO2,3.08
CdBr2,4.47
CdCl2,5.7
CdCu(SeO3)2,3.33
CdCu2GeS4,2.05
CdCu2GeSe4,1.2
CdCu2SnS4,1.37
CdCu2SnSe4,0.96
CdF2,6
CdHIO4,4.35
CdHg4(AsI2)2,1.45
CdHg6(As2Br3)2,1.89
CdI2,3.8
CdIClO3,4.3
CdIn,0.6
CdIn8Te13,1.02
CdInCuSe3,1.66
CdO,2.3
CdP4PbO12,4.85
CdPd,0
CdPt,0
CdRhF6,0
CdSb2Se3Br2,1.4
CdSb4MoO10,3.4
CdSnO3,3
Ce(AlZn)2,0
Ce(BC)2,0
Ce(CoAs)2,0
Ce(CoB)4,0
Ce(CuSb)2,0
Ce(HO)3,0
Ce(InS2)3,1.11
Ce(MnGe)2,0
Ce(MnSi)2,0
Ce(PPt2)2,0
Ce(SiAu)2,0
Ce(SiNi)2,0
Ce(SiPd)2,0
Ce1.3Lu0.7S3,1.25
Ce10Se14O,1.93
Ce15B8N25,3.5
Ce1Mn0.5Se1O1,2.01
Ce2(SbPd3)3,0
Ce2(SnSe3)3,0.3
Ce2Al2Co15,0
Ce2Co5B2,0
Ce2CrN3,0
Ce2Cu(NO)2,0
Ce2Fe(SeO)2,0.64
Ce2Fe17,0
Ce2Ge2Se7,1.1
Ce2GeSe5,1.7
Ce2S2O,0
Ce2S3,1.12
Ce2Sb,0
Ce2Se3,1.75
Ce2SiSeO4,0
Ce2Ti2O7,0
Ce2ZnNi2,0
Ce3(Al3Ru)4,0
Ce3Al,0
Ce3AlC,0
Ce3B2(ClO2)3,0
Ce3In3Ru2,0
Ce3LuSe6,1.1
Ce3MnAlS7,0
Ce3MoO7,2
Ce3NbS3O4,0
Ce3Pd5,0
Ce3SiPt5,0
Ce3Ta(ClO2)3,0
Ce3TaO7,0
Ce4(GeS4)3,2.3
Ce4Bi3,0
Ce4FeSe6O,0
Ce4InSbSe9,1.69
Ce4Si3Rh4,0
Ce4Te7,0.5
Ce5(SiN3)3,0
Ce5CuSe8,0
Ce5Ge3,0
Ce5Si3,0
Ce6B2(CBr)3,0
Ce8Sb2S15,1.99
Ce8U2O21,0
Ce9SmO20,0
CeAgSn,0
CeAl2Pd5,0
CeAl2Pt3,0
CeAl3Ni2,0
CeAlO3,0
CeAlSi2,0
CeAsPd,0
CeAsSe,0
CeB2Ir3,0
CeBC,0
CeBiW2O9,2.34
CeCd2Ag,0
CeCdAu2,0
CeCoGeH,0
CeF3,4.85
CeGaO3,0
CeHSe,0
CeHg,0
CeInIr,0
CeIr5,0
CeLu3,0
CeMg2Ag,0
CeMgAg2,0
CeMgNi4,0
CeMgPt,0
CeMgZn2,0
CeMoO4F,2.52
CeN,0.7
CeNbO4,0
CeO2,3.41
CeOs2,0
CePd5,0
CePrO2,0
CeRh,0
CeSI,0
CeSbO3,0
CeScO3,3.2
CeSi2Ni,0
CeSi2Pt,0
CeSiI,0
CeSiIr,0
CeSiOs,0
CeTaN2O,1.9
CeTl2P2S7,2.4
CeTl3,0
CeTlZn,0
CeZnPO,0
Co(PO3)4,0
Co(WO4)2,0
Co1Te1.88,0.2
Co2B4Mo,0
Co2Ge,0
Co2O3,0
Co2Te3O8,3.6
Co3H,0
Co3Se4,0
Co3W,0
Co5Ge7,0
Co5RuO8,0
Co7Mo6,0
Co7Re17O48,0
CoAs3,0.4
CoAsRh,0
CoAsS,0.6
CoAsSe,0.2
CoCu2Sn,0
CoGe,0
CoH2(SN)4,0
CoMoP2,0
CoN,0
CoOF,0
CoP2,0.35
CoP3,0.45
CoPS,0.4
CoSb2,0.17
CoSb3,0.49
Cr(FeSe2)2,0
Cr(MoS2)2,0
Cr10Sb3Te7,0
Cr2CuS4,0
Cr2CuTe4,0
Cr2GeC,0
Cr2HO4,0
Cr2HgSe4,0
Cr2NiS4,0
Cr2O3,3.4
Cr2P3O11,0
Cr2SbTe,0
Cr3N2,0
Cr3Ni(PO4)6,0
Cr3P,0
Cr3Se4,1.59
Cr4As3,0
Cr4Cu3Te8,0
Cr7C3,0
CrAs,0
CrB2(PbO2)6,1.8
CrBi2I2O11,2.4
CrCo2Bi,0
CrCoGe,0
CrCoPt2,0
CrCu2Si,0
CrFe2Sb,0
CrFeP,0
CrH9(CN2)3,0
CrIrO4,0
CrIrO6,0
CrNi3,0
CrNiAs,0
CrNiP2O9,0
CrO2,0.23
CrO3,1.4
CrPbO4,2.25
CrSb2,0.14
CrSi2,1.3
CrTe2,0.17
Cs(AsRu)2,0
Cs(MoO3)3,0
Cs0.4K0.6P1Se6,2.1
Cs1.13Cd1.13Bi2.87Se6,1
Cs1.43Cd1.43Bi2.57S6,1.28
Cs10Cd4Sn4S17,3.16
Cs2AgBiBr6,2.19
Cs2AgBiCl6,2.77
Cs2Al2B2O7,4.13
Cs2Ba3(P2O7)2,6.31
Cs2Cd(PSe3)2,2.63
Cs2Cd0.25Hg5.75S7,1.66
Cs2Cd1.35Hg4.65S7,1.84
Cs2Cd2Bi2S5,1.7
Cs2Cd3(B4O7)4,4.76
Cs2Cd3Te4,2.48
Cs2CrCl4,0
Cs2Cu(PS3)3,2.4
Cs2Cu2Sb2S5,1.6
Cs2DyCu3Te4,1.38
Cs2Ga2S5,3.26
Cs2Ga2Se5,1.95
Cs2Hg(ICl)2,2.15
Cs2Hg3I8,2.56
Cs2Hg3S4,2.8
Cs2Hg6S7,1.63
Cs2La1.19Bi8.81S16,1
Cs2Li3(BO2)5,7.3
Cs2MgGe3Se8,2.04
Cs2MgSn3Se8,1.92
Cs2Mo15S19,0
Cs2NaCoF6,0
Cs2NaMgF6,0
Cs2NaMnF6,0
Cs2NbCuSe4,2.19
Cs2P2PdSe6,1.6
Cs2PdSe8,1.5
Cs2Pt(IO3)6,2.4
Cs2SCl6F,0
Cs2Sb,0.62
Cs2SeClF6,0
Cs2SiB4O9,6.53
Cs2Sn(PSe3)2,2.06
Cs2Sn3(SbS5)2,2.34
Cs2Te,3.5
Cs2TeBr6,2.12
Cs2TeI6,1.5
Cs2Th(PS3)3,2.8
Cs2Ti(AgS2)2,2.44
Cs2VAgS4,1.77
Cs2Zn3(SeO3)4,4.3
Cs2ZnGe3S8,3.33
Cs2ZnGe3Se8,2.31
Cs2ZnGe3Te8,1.07
Cs2ZnSn3Se8,2.12
Cs39Ga53(Se16Cl)6,2.74
Cs3As,0.6
Cs3Bi2Br9,2.5
Cs3Bi2I9,1.8
Cs3Li4(BO2)7,6.53
Cs3NaZn2Ge21,0.3
Cs3Nb2AsSe11,1.35
Cs3Nb9(TeO8)4,3.22
Cs3PW3O13,3.27
Cs3Sb,1.6
Cs3Sb2Br9,2.3
Cs3Sb2I9,1.89
Cs3Sn3Cl7F2,2.96
Cs3V2Cl9,0
Cs4Ag9(SbS3)4,2
Cs4BiAs3Se7,1.02
Cs4Ga4Si19,1.14
Cs4Ge(PSe3)4,2
Cs4Ge5(PbS4)4,1.95
Cs4In8GeSe16,2.2
Cs4Zr3S14,2.35
Cs5Bi(PSe3)4,1.85
Cs5Mo21Se23,0
Cs5P5Se12,2.17
Cs6.4Na1.6Ga8Ge38,0.22
CsAg2AsS3,2.7
CsAg2TeS6,2.04
CsAg5Te3,0.65
CsAgCl3,0
CsAgSb4S7,2.04
CsAu,2.3
CsB3O5,7.42
CsBi2,0.55
CsBi3Se5,0.43
CsBiS2,1.39
CsBiSe2,1.07
CsCaO3,0
CsCd4Ga5S12,3.09
CsCd4Ga5Se12,2.21
CsCd4Ga5Te12,1.67
CsCd4In5Se12,1.62
CsCd4In5Te12,1.42
CsCdBO3,2.58
CsCdInSe3,2.4
CsCeCdSe3,2.4
CsCeHgSe3,1.94
CsCu(SbS2)2,1.7
CsCu2AsS3,2.3
CsCu2SbS3,1.63
CsDy9(Cd2Se9)2,1.99
CsEr9(Cd2Se9)2,2.09
CsErZnSe3,2.56
CsEuF3,0
CsF,10
CsGa(SnSe3)2,1.87
CsGa7,0
CsGaS3,3
CsGaSnSe4,1.97
CsGdO3,0
CsGdZnTe3,2.13
CsGe5BO12,4.89
CsGeB3O7,5.76
CsGeI3,1.6
CsH3(SeO3)2,4.77
CsHo9(Cd2Se9)2,2.06
CsIn(SnSe3)2,1.78
CsInGeSe4,2.32
CsInHgS3,2.3
CsInI3,0
CsInS2,3.4
CsInSe2,2.81
CsInSnS4,2.9
CsInTe2,2.16
CsInTe3O8,3.9
CsIr,0
CsIrO3,0
CsK(PSe4)2,2.36
CsLaHgSe3,2.46
CsLi(B3O5)2,6.89
CsLiCO3,6.19
CsLu7S11,1.86
CsLu7Se11,1.78
CsMg149,0
CsMn4Ga5Te12,1.55
CsMn4In5Se12,1.79
CsMn4In5Te12,1.48
CsMnSb,0
CsNa2Sb,0.8
CsNa8(B7O12)3,4.67
CsNb6I11,0
CsNbSe2O7,4.2
CsNi2F6,0
CsPPbO4,4.39
CsPSe4,2.44
CsPSe6,1.9
CsRb(PSe4)2,2.41
CsRb2Sb,1.5
CsRbP,0
CsSb(SO4)2,4.68
CsSbS2,2.8
CsSbSe2,1.7
CsSbTe2,0.43
CsSc(SeO3)2,5.2
CsScBr3,0
CsSmCdSe3,2.45
CsSmHgSe3,2.37
CsSn3,0
CsTa3(SeO6)2,3.88
CsTaPSe6,2.29
CsTb9(Cd2Se9)2,1.95
CsTbZnTe3,2.12
CsTiCl3,0
CsTiF4,0
CsTm9(Cd2Se9)2,2.16
CsUCuS3,0
CsVP2S7,0
CsWCl6,0
CsYCdSe3,2.54
CsYHgSe3,2.54
CsYTe3O8,3.4
CsYbCoSe3,0.95
CsYbMnSe3,1.59
CsZn2B3O7,5.69
CsZn4In5Se12,1.61
CsZn4In5Te12,1.61
CsZrPSe6,2
Cu(IrS2)2,0
Cu(NO3)2,0
Cu0.5Ge1Pb1.75S4,1.48
Cu0.96Bi2Se3I1,0.68
Cu1.8S1,2.3
Cu10Sb3,0
Cu11Sb4S13,0
Cu15Si4,0
Cu18S11,0
Cu23(Sb4S13)2,0
Cu25Se26,0
Cu2GeS3,0.53
Cu2H3ClO3,0
Cu2Hg2SF6,0
Cu2HgGeSe4,0
Cu2O,2.58
Cu2OF2,0
Cu2PHO5,0
Cu2Sb,0
Cu2Te3O8,2.64
Cu2WSe4,1.65
Cu3(BiI4)4,0
Cu3(P2O7)2,0
Cu3Bi6S10I,0.72
Cu3Hg2(Te3O8)2,2.56
Cu3Pd,0
Cu3SbSe4,0.31
Cu3Se2(ClO3)2,0
Cu4As2O9,0
Cu4H10SO12,0
Cu4Pd,0
Cu4Sn7S16,0.8
Cu4W(SCl)4,0
Cu5(Si2O7)2,0
Cu6PbO8,0
Cu7Hg6,0
Cu8O,0
Cu9O13,0
Cu9S5,0
Cu9Se4(Cl3O7)2,0
CuBS2,3.61
CuBi(PSe3)2,1.2
CuBiPbS3,0.12
CuBiPbSe3,0.07
CuBiSO,1.07
CuBiSeO,0.82
CuCN2,0
CuClO2,0
CuF,0
CuHg(SeO3)2,3.25
CuMoO4,0
CuN3,4.17
CuNi(CN)4,2.7
CuP2(HO3)2,0
CuPO4F,0
CuPS3,2.2
CuPd,0
CuPtO2,0
CuSbPbS3,1.31
CuSbS2,1.38
CuSbSe2,1.05
CuSeO3,0
Dy(Al2Cu)4,0
Dy(CoGe)2,0
Dy(CuSe)3,0.2
Dy(CuSi)2,0
Dy(CuTe)3,0.34
Dy(GeRu)2,0
Dy(InS2)3,1.22
Dy12C6I17,0
Dy12Co7,0
Dy1Te1.4,0.6
Dy1Te1.45,0.6
Dy1Te1.7,0.35
Dy2(GePt3)3,0
Dy2(MoO4)3,1.92
Dy2AlCo2,0
Dy2C,0
Dy2CdPd2,0
Dy2CuOs,0
Dy2MgIn,0
Dy2MgTl,0
Dy2Ni12P7,0
Dy2O3,5
Dy2S3,2.91
Dy2Sn5,0
Dy2Te3,0.69
Dy2Ti3Si4,0
Dy2TlCd,0
Dy2ZnIn,0
Dy3(CuGe)4,0
Dy3Al0.5Si1S7,2.22
Dy3Ga,0
Dy3GaS6,2.81
Dy3InC,0
Dy3MnB7,0
Dy4CdRh,0
Dy4GaSbS9,2.58
Dy4Sb3,0
Dy4Te3S4,1.43
Dy5Pb3,0
Dy5Sn3,0
Dy6FeTe2,0
Dy7In(CoGe3)4,0
DyAg,0
DyAgGe,0
DyAgHg2,0
DyAs,1
DyB2Rh2C,0
DyB6,3.3
DyBPd3,0
DyBiPd,0
DyBiPt,0
DyCd2,0
DyCoSi2,0
DyFeSi,0
DyGe,0
DyInAu,0
DyInCu2,0
DyInPt2,0
DyIr2,0
DyMn2,0
DyNiGe2,0
DyNiSn,0
DyPO4,6.38
DyRh,0
DyS2,0
DySiIr,0
DySn3,0
DySnRu2,0
DyYAg2,0
DyZnGa,0
DyZnRh2,0
DyZrRu2,0
DyZrSb,0
Er(Al10Cr)2,0
Er(CrSi)2,0
Er(CuGe)2,0
Er(CuTe)3,0.24
Er(InS2)3,1.28
Er(ReO4)2,0
Er(SiPd)2,0
Er2(Ga3Co)3,0
Er2(MoO4)3,0.96
Er2C3,0
Er2Fe14B,0
Er2Mg3Ru,0
Er2MnC4,0
Er2O3,5.42
Er2Se3,1.66
Er2SnAu2,0
Er2Te3,0.9
Er3Al3NiGe2,0
Er3SnC,0
Er3Te4,0.9
Er4NiB13,0
Er5Bi3,0
Er5NiPb3,0
Er5Si3,0
Er6MnBi2,0
ErAgSn,0
ErAl9(Fe2Si3)2,0
ErAlGe,0
ErB2Ir3,0
ErB2Ru3,0
ErB6,3.5
ErBPd3,0
ErBiW2O9,3.26
ErCu,0
ErCuPb,0
ErFeC2,0
ErHg2,0
ErLu3,0
ErMg2,0
ErNi4Au,0
ErNi4B,0
ErNiSn,0
ErPbAu,0
ErRu3,0
ErSe2,1.07
ErSiPd,0
ErSnAu,0
ErTe,0.9
ErTlPd,0
ErZn12,0
Eu(AlAu)2,0
Eu(AsPd)2,0
Eu(BiSe2)2,1.02
Eu(BiTe2)2,0.44
Eu(CdSb)2,0
Eu(ClO4)3,0
Eu(DySe2)2,1.8
Eu(ErSe2)2,1.7
Eu(FeSi)2,0
Eu(GaS2)2,2.25
Eu(GaSe2)2,2.16
Eu(GaTe2)2,1.7
Eu(HoSe2)2,1.8
Eu(InAs)2,0
Eu(InS2)2,1.5
Eu(InSe2)2,1.31
Eu(InTe2)2,1.22
Eu(LuSe2)2,1.7
Eu(MgBi)2,0
Eu(MnGe)2,0
Eu(Ni2B)6,0
Eu(NiAs)2,0
Eu(POs)2,0
Eu(SbS2)2,1.2
Eu(SbSe2)2,0.95
Eu(TmSe2)2,1.8
Eu(ZnGe)2,0
Eu(ZnSi)2,0
Eu1.75Ag0.5Ge1S4,2.14
Eu1.83Ta15O32,0.23
Eu2(Ga3Rh)3,0
Eu2C(NO)2,0
Eu2CuO4,0
Eu2Ga2GeS7,2.3
Eu2Ge(BO4)2,0
Eu2O3,4.5
Eu2PBr,0
Eu2ReO5,0
Eu2Se3,1.02
Eu2SnSe5,1.07
Eu2TeO2,0
Eu3(InP2)2,0.45
Eu3As2,0.6
Eu3BWO9,0
Eu3Bi4S9,1.18
Eu3P2,1.2
Eu3S4,1.7
Eu3Sb4S9,1.2
Eu3Sb4Se9,1.08
Eu3Se4,0.58
Eu3Sn,0
Eu4Te7,0.31
Eu7(Ga3Sb4)2,0.6
EuAgSb,0
EuAl2O4,2.74
EuAlO3,0
EuB(SbO4)2,3.46
EuBi3,0
EuBiW2O9,3.63
EuCd11,0
EuClO,0
EuCo8P5,0
EuCu2SnS4,1.85
EuCu9Sn4,0
EuCuSeF,0
EuCuSeO,0
EuF3,0
EuGe3Pt,0
EuH2,1.85
EuIn2(GeIr)4,0.26
EuN,1.25
EuNiGe3,0
EuO,1.12
EuPPt,0
EuPd,0
EuRhO3,0
EuS,1.65
EuSb4S7,0.98
EuSb4Te7,0.54
EuSbO3,0
EuScO3,0
EuSe,3.1
EuSeClO3,0
EuSn3,0
EuSnAu2,0
EuSnO3,0
EuSnTe2,0.6
EuTiClO3,0
EuTiO3,0
EuTl,0
EuZn,0
Fe(PdSe)2,0
Fe10O9F11,0
Fe12As5,0
Fe2B(PO4)3,3.52
Fe2Cu(PO4)3,0
Fe2O2F3,0
Fe2O3,2.2
Fe2S,0
Fe3B,0
Fe3N,0
Fe3Si,0
Fe4H15(IO8)3,2.3
Fe4O7F,0
Fe4Si2Sn7O16,0
Fe6O7F5,0
Fe6W6C,0
Fe9Co7,0
FeAg3(CN)6,0
FeAgSe2,0.23
FeAs2O7,0
FeAsSe,0.6
FeBi(SeO3)3,2.54
FeBi25O39,2.8
FeCo2Si,0
FeCoAs,0
FeCuSe2,0.15
FeCuTe2,0.16
FeI2,5.15
FeOF,0
FeP,0
FeP4,0.32
FePS,0.25
FePd3,0
FeRhO3,0
FeSn,0
Ga1As0.1P0.9,1.22
Ga0.001Te1Pb0.999,0.3
Ga0.005Te1Pb0.995,0.37
Ga0.01Te1Pb0.99,0.42
Ga0.04Te1Pb0.96,0.37
Ga0.07Te1Pb0.93,0.34
Ga0.95Hg0.05Sb0.95Te0.05,0.69
Ga0.99Hg0.01Sb0.99Te0.01,0.72
Ga0.9Hg0.1Sb0.9Te0.1,0.65
Ga1.001Sb0.999Se0.003,0.71
Ga1.001Sb0.999Te0.003,0.72
Ga1.002Sb0.998Se0.006,0.7
Ga1.002Sb0.998Te0.006,0.7
Ga1.005Sb0.995Se0.015,0.64
Ga1.005Sb0.995Te0.015,0.68
Ga1.01Cu0.99Se2.01,1.59
Ga1.01Sb0.99Se0.03,0.62
Ga1.01Sb0.99Te0.03,0.68
Ga1.02Sb0.98Se0.06,0.63
Ga1.02Sb0.98Te0.06,0.68
Ga1.05Sb0.95Se0.15,0.66
Ga1.05Sb0.95Te0.15,0.68
Ga1.1Cu0.9Se2.1,1.59
Ga1.1Sb0.9Se0.3,0.67
Ga1.1Sb0.9Te0.3,0.7
Ga1.2Cu0.8Se2.2,1.58
Ga1.5Cu0.5S2.5,2.43
Ga1.5Cu0.5Se2.5,1.76
Ga1.65Cu0.35S2.65,2.53
Ga1.65Cu0.35Se2.65,1.81
Ga1.6Cu0.4S2.6,2.45
Ga1.7Cu0.3S2.7,2.55
Ga1.85Cu0.15Se2.85,1.92
Ga1.8Cu0.2S2.8,2.65
Ga1.8Cu0.2Se2.8,1.86
Ga1.95Cu0.05S2.95,2.64
Ga1.95Cu0.05Se2.95,1.96
Ga1.99Cu0.01Se2.99,1.99
Ga1.9Cu0.1S2.9,2.6
Ga1As0.01P0.99,2.23
Ga1As0.2P0.8,2.2
Ga1As0.3P0.7,2.16
Ga1As0.4P0.6,2.1
Ga1As0.5P0.5,2
Ga1As0.6P0.4,1.91
Ga1As0.7P0.3,1.8
Ga1As0.8P0.2,1.62
Ga1As0.99P0.01,1.37
Ga1As0.9P0.1,1.5
Ga1Sb0.01As0.99,0.7
Ga1Sb0.14As0.86,0.66
Ga1Sb0.25As0.75,0.65
Ga1Sb0.35As0.65,0.68
Ga1Sb0.3As0.7,0.67
Ga1Sb0.85As0.15,1.1
Ga1Sb0.8As0.2,1.02
Ga1Sb0.95As0.05,1.28
Ga1Sb0.99As0.01,1.37
Ga2(TeO3)3,4.14
Ga2Cu1S3.5,2.42
Ga2CuSe4,0.63
Ga2GePbSe6,1.96
Ga2GeTe3,0.84
Ga2HgS4,2.79
Ga2HgSe4,1.95
Ga2NiS4,0
Ga2PbS4,2.38
Ga2PbSe4,1.83
Ga2S3,2.8
Ga2Se2O7,4.61
Ga2Si(AgS3)2,2.35
Ga2SiPbSe6,2.17
Ga2SnGeS6,2.04
Ga3CuTe5,1.09
Ga3Pt2,0
Ga3SiAg3Se8,2.3
Ga4Cu2Te7,1.08
Ga4PbS7,3.08
Ga4SnS7,3.1
Ga4SnSe7,2.55
Ga5Ge(PbS3)4,2.35
Ga5Ge(PbSe3)4,1.91
Ga5Pd13,0
Ga8Cu3Mo2,0
Ga9Rh2,0
GaAgGe3Se8,2.17
GaAgGe5Se12,2.14
GaAgGeS4,3
GaAgO2,2.2
GaAgTe2,1.1
GaAs2W,0
GaBi,0.1
GaBi25O39,2.99
GaCuGeSe4,1.38
GaCuO2,1.47
GaFe3,0
GaFeNi2,0
GaGeTe,1.1
GaHSeO4,5.51
GaP,2.74
GaSiAgSe4,2.63
GaSiRu2,0
GaTc,1.42
GaTc2W,0
Gd(CuS)3,1.62
Gd(CuSe)3,0.14
Gd(CuTe)3,0.52
Gd(InS2)3,1.13
Gd(NiGe)2,0
Gd(SiRu)2,0
Gd1.05Sc0.95Se3,1.2
Gd1.47Mn2.04In0.49S5,1.75
Gd1.87Lu2.13Se6,1.56
Gd1Mn1.95In1.05S5,1.66
Gd2(Zn2Ge)3,0
Gd2AlCo2,0
Gd2Mn4S7,1.44
Gd2O3,5.3
Gd2S3,2.55
Gd2Se3,2.2
Gd2Te3,0.74
Gd2Zn17,0
Gd2ZrS5,1.88
Gd3(AlNi3)2,0
Gd3.04Sc0.96S6,1.5
Gd3Al0.74Si0.7S7,2.34
Gd3Al7Ag2,0
Gd3Co11B4,0
Gd3ReO7,0
Gd3S4,0
Gd4GaSbS9,2.41
Gd6Ge2.5S14,2.2
Gd6Ta4Al43,0
GdAs,0.63
GdB(SbO4)2,3.48
GdB6,3.6
GdB66,1.27
GdCd2,0
GdCd4B3O10,3.8
GdGeRu,0
GdH2NO5,4.84
GdInIr,0
GdN,1.54
GdNiO3,0
GdO2,0
GdPbAu,0
GdSb,0
GdSbPd,0
GdScS3,2.1
GdSe2,0
GdTe,1.3
GdZn,0
GdZnIn,0
Ge(Bi3O5)4,3.25
Ge(SeO3)2,5.27
Ge(WO3)6,0
Ge0.01Pb0.99Se1,0.27
Ge0.01Te0.01Pb0.99Se0.99,0.23
Ge0.01Te0.99Pb0.99S0.01,0.32
Ge0.01Te1Pb0.99,0.32
Ge0.02Te0.98Pb0.98S0.02,0.34
Ge0.03Pb0.97Se0.97S0.03,0.28
Ge0.05Pb0.95Se0.95S0.05,0.29
Ge0.05Pb0.95Se1,0.28
Ge0.05Te0.95Pb0.95S0.05,0.4
Ge0.05Te1Pb0.95,0.34
Ge0.06Te0.06Pb0.94Se0.94,0.28
Ge0.15Pb0.85Se0.85S0.15,0.34
Ge0.15Te0.15Pb0.85Se0.85,0.32
Ge0.15Te1Pb0.85,0.36
Ge0.1Pb0.9Se0.9S0.1,0.32
Ge0.1Pb0.9Se1,0.3
Ge0.1Te1Pb0.9,0.35
Ge0.25Te1Pb0.75,0.44
Ge0.2Pb0.8Se1,0.35
Ge0.2Te0.2Pb0.8Se0.8,0.36
Ge0.2Te1Pb0.8,0.4
Ge0.39Te1Pb0.61,0.56
Ge0.3Pb0.7Se1,0.4
Ge0.3Te1Pb0.7,0.48
Ge0.41Te1Pb0.59,0.49
Ge0.4Te1Pb0.6,0.51
Ge2Os,0
Ge2Sb2Te5,0.5
Ge3Bi3O10.5,3.3
Ge3Sb,0
Ge40Te5.3I8,0.8
Ge5(Te4As)2,0
GeAs3,0
GeI2,1.5
GeO2,5.54
GeP,0.95
GePb2(SeO3)4,4.1
GePbS3,2.4
GePt2,0
GeRh,0
GeTe2,0.3
H2Se,0
H7Se2NO6,4.81
HPbI3,0
Hf(CoSi)2,0
Hf(CuP)2,0
Hf(VGa2)2,0
Hf(VH2)2,0
Hf2Al3C4,0
Hf2Co4P3,0
Hf2Fe,0
Hf2Ge,0
Hf2Hg,0
Hf2MnIr,0
Hf2Ni,0
Hf2OsPd,0
Hf2ReRh,0
Hf2S,0
Hf2Si,0
Hf2Tl,0
Hf3(CuSi)4,0
Hf3(NiGe)4,0
Hf3P,0
Hf3P3Pd4,0
Hf3Sb,0
Hf3Zn3N,0
Hf4Al3,0
Hf4Co4Si7,0
Hf54Os17,0
Hf5CuPb3,0
Hf5Pb,0
Hf5Sb3,0
Hf5Sb9,0
Hf5Si4,0
Hf5Sn3,0
Hf5Sn4,0
Hf5Te4,0
Hf6PbO18,0
Hf7P4,0
HfAlPd2,0
HfAs2,0
HfAsRh,0
HfB,0
HfB4Ir3,0
HfC,0
HfCo3B2,0
HfFe2,0
HfGaCo2,0
HfHg4(AsCl3)2,2.47
HfHg4(PCl3)2,3.26
HfInCu2,0
HfNi5,0
HfO2,5.55
HfOs2,0
HfPt,0
HfS2,2.9
HfSe2,2.2
HfSi,0
HfSiPt,0
HfTc,0
HfTiF6,0
HfTl3,0
HfVSi,0
HfZnNi2,0
Hg2Rh,0
Hg2Sb2O7,0
Hg3As,0
Hg3Bi2(SCl4)2,3.26
Hg3Bi2(TeCl4)2,2.8
Hg3C,0
Hg3PS3,1.98
Hg3PS4,2.03
Hg3Sb,0
Hg5AsS2I3,1.57
Hg7.5As4Cl6,1.73
Hg8Bi3As4Cl13,2.43
HgBr,2.6
HgBr2,3.59
HgBrCl,3.4
HgCl2,4.45
HgI,2.37
HgIrO3,0
HgOsPb2,0
HgPS3,2.6
HgPt,0
HgPt3,0
HgRhO3,0
HgS,2.1
HgTe,0.15
HgTeBr,2.06
HgTeI,1.85
Ho(BC)2,0
Ho(BiO3)2,0
Ho(CuO2)2,0
Ho(CuSe)3,0.16
Ho(CuTe)3,0.26
Ho(InS2)3,1.23
Ho(MnSn)6,0
Ho(NiB)2,0
Ho(SbO3)2,0
Ho(SiOs)2,0
Ho(SiPd)2,0
Ho(SiPt)2,0
Ho(SiRu)2,0
Ho10Si17,0
Ho2Au,0
Ho2B4C,0
Ho2Co17,0
Ho2CuRh,0
Ho2Ge5Rh3,0
Ho2GeS5,2.5
Ho2HfS5,1
Ho2O3,5.42
Ho2Pd2Pb,0
Ho2S3,0.5
Ho3AlC,0
Ho3GaC,0
Ho3Ge5,0
Ho3Hg,0
Ho3Ni19B10,0
Ho3P,0
Ho3Pd2,0
Ho4C7,0
Ho4Ga16Co3,0
Ho5(Ge5Rh2)2,0
Ho5Si4,0
HoAlAu2,0
HoAlB14,0
HoB2Rh3,0
HoB4,0
HoC2,0
HoCd,0
HoCd3,0
HoCdCu4,0
HoCo3,0
HoCu4Pd,0
HoGe,0
HoGeAu,0
HoInAu2,0
HoInPt,0
HoMg2,0
HoMgAu2,0
HoMgZn2,0
HoMn12,0
HoNiGe,0
HoSb2,0
HoSi,0
HoSiRu2C,0
HoTh3,0
HoTiGe,0
HoTiO3,0
HoTiSi,0
HoTlPd,0
HoZnRh,0
HoZnRh2,0
ICl2,0
In(MoSe)3,0
In(PSe2)2,1.29
In0.001Te1Pb0.999,0.3
In0.005Te1Pb0.995,0.43
In0.01Ga0.99As0.99P0.01,1.43
In0.01Ga0.99As1,1.4
In0.01Te1Pb0.99,0.53
In0.04Te1Pb0.96,0.37
In0.07Te1Pb0.93,0.32
In0.1Ga0.9As0.1P0.9,2.25
In0.1Ga0.9As0.9P0.1,1.6
In0.2Ga0.8As0.2P0.8,2.15
In0.2Ga0.8As0.8P0.2,1.58
In0.2Ga0.8As1,1.07
In0.3Ga0.7As0.3P0.7,2.05
In0.3Ga0.7As0.7P0.3,1.67
In0.3Ga0.7As1,1
In0.3Ga0.7P1,2.2
In0.4Ga0.6As0.4P0.6,1.85
In0.4Ga0.6As0.6P0.4,1.74
In0.4Ga0.6As1,0.81
In0.4Ga0.6P1,2.05
In0.4Ga1.6Cu1S3.5,2.15
In0.5Ga0.5As1,0.75
In0.5Ga0.5P1,1.9
In0.6Ga0.4As0.6P0.4,1.25
In0.72Ga0.28As1,0.55
In0.7Ga0.3As0.3P0.7,1.58
In0.8Ga0.2As0.2P0.8,1.4
In0.8Ga0.2As0.8P0.2,0.85
In0.8Ga0.2As1,0.5
In0.99Ga0.01As0.01P0.99,1.3
In0.99Ga0.01As0.99P0.01,0.3
In0.9Ga0.1As0.1P0.9,1.32
In0.9Ga0.1As0.9P0.1,0.45
In1.01Cu0.99Se2.01,1.08
In1.05Cu0.95Se2.05,1.07
In1.1Cu0.9Se2.1,1.06
In1.3Cu0.7Se2.3,1.1
In1.5Cu0.5Se2.5,1.24
In1.65Cu0.35Se2.65,1.19
In1.6Cu0.4Se2.6,1.32
In1.6Ga0.4Cu1S3.5,1.55
In1.7Cu0.3Se2.7,1.21
In1.85Cu0.15Se2.85,1.32
In1.8Cu0.2Se2.8,1.26
In1.99Cu0.01Se2.99,1.45
In1.9Cu0.1Se2.9,1.45
In11.3Bi14.7S38,1.45
In11Cu9Se20,0
In1Ag1.75Sb5.75Se11,0.94
In1Ga1Cu1S3.5,1.84
In1Hg4As2.5Br3.5,1.71
In1Sb0.01As0.99,0.17
In1Sb0.1As0.9,0.14
In1Sb0.2As0.8,0.12
In1Sb0.3As0.7,0.11
In1Sb0.4As0.6,0.1
In1Sb0.5As0.5,0.1
In1Sb0.6As0.4,0.13
In1Sb0.7As0.3,0.16
In1Sb0.8As0.2,0.21
In1Sb0.99As0.01,0.35
In1Sb0.9As0.1,0.27
In2As2Cl2O5,4.62
In2B(PO4)3,5.39
In2Bi3Se7I,1.38
In2Co,0
In2Cu1S3.5,1.43
In2FeSe4,1.15
In2GeTe3,0.68
In2Hg6(P2Cl3)3,3.13
In2HgS4,2
In2HgSe4,0.6
In2O3,2.8
In2Pt,0
In2S3,2
In2Se2O7,2.97
In2Te,0.46
In3AgTe5,0.68
In3Au10,0
In3Bi7(Pb2S9)2,0
In3CuS5,1.2
In3CuSe5,0.6
In3Pd5,0
In3Sb,0
In4As5(BrO4)3,4.22
In4Bi3S10,1.42
In4Cu2Te7,1.1
In4S5,0.9
In4Se3,0.64
In5AgS8,1.76
In5AgTe8,0.47
In5CuS8,1.34
In5Se6,0.14
In9AgTe14,1.5
InAg3,0
InAgO2,4.2
InAgTe2,0.93
InAsI,0.41
InAu3,0
InBi2S4Br,1.5
InBi2S4Cl,1.5
InBi2Se4Br,1.21
InCuGeSe4,1.3
InCuS2,1.5
InFe2CuSe4,0
InHg7S6Cl5,2.54
InHgW2,0
InPS4,3.12
InPt,0
InPt3C,0
InSb2S4Br,1.8
InSb2S4Cl,1.8
InSb2Se4Br,1.35
InSiIr,0
InSiTe3,0
InSn2As2Se,0.2
InSnAsSe,0.26
Ir0.67S2,2
Ir0.67Se2,0.45
IrPb,0
IrS2,0.9
IrSe2,0.9
IrSeS,1.2
K(CoSe)2,0
K(FeAs)2,0
K(GeSe2)2,1.8
K(OsO3)2,0
K0.8Sn2Hg1.2S8,2.78
K1.25Bi7.25Pb3.5Se15,0.53
K1.46Sn3.09Bi7.45Se15,0.39
K1.83Cd1.83Bi2.17S6,1.37
K10Fe4Sn4S17,2.2
K10Mn4Sn4S17,2.3
K10Sn3(PSe3)8,1.82
K10Zn4Ge4S17,3.34
K11Mn4O16,0
K2.15Sb8.15Pb1.7Se15,0.6
K2Ag3Sb3S7,2.2
K2AgSnSe4,1.8
K2Al2B2O7,6.89
K2Au(IO3)5,2.65
K2B10H9O,0
K2BaNb2S11,1.77
K2Cd(PSe3)2,2.58
K2Cd2Te3,1.93
K2Cd3S4,2.75
K2Cd3Se4,2.36
K2Cd3Te4,2.26
K2Ce(PO4)2,2.46
K2Dy2Ti3O10,3.38
K2FeGe3Se8,1.95
K2Ga3CuSe6,1.72
K2Gd2Sb2Se9,1.33
K2Gd2Ti3O10,3.3
K2Ge2PbS6,2.85
K2Ge3(BO5)2,5.38
K2Hg(PSe3)2,2.25
K2Hg3(GeS4)2,2.64
K2Hg3Se1.31S2.69,2.28
K2Hg3Se2.97S1.03,2.11
K2Ho4Cu4S9,2.43
K2In2P3Se10,2.2
K2In3AgSe6,1.64
K2In3CuSe6,1.68
K2La2Sb2S9,2.2
K2La2Ti3O10,3.05
K2Mn(SnSe3)2,2
K2Mn3S4,0
K2MnSnSe4,1.7
K2Mo2Se2O11,3.3
K2NbCuS4,2.82
K2NbCuSe4,2.14
K2NbO6,0
K2Nd2Ti3O10,3.25
K2PAuS4,2.63
K2PdSe10,1.48
K2RbSb,1.2
K2ReH9,5.71
K2RuCl6,0
K2S,2.1
K2Sb8Se3,1.31
K2Se,1.8
K2Sm2Ti3O10,3.26
K2SmP2S7,2.59
K2Sn(AuS2)2,2.75
K2Sn3(SbS5)2,2.3
K2Ta15O32,0.33
K2Te,1.9
K2TeI6,1.38
K2Th(CuS2)2,2.17
K2Ti(CuS2)2,2.04
K2VAgS4,1.85
K2VCuS4,1.82
K2Zn(SnSe3)2,1.71
K2ZnTe2,3
K3(FeS2)2,0
K3B6ClO10,6.89
K3Bi2I9,2.1
K3Cd(BO2)5,3.47
K3Cr2(PS4)3,1.35
K3Ga3Ge7S20,3.25
K3Ga3Ge7Se20,2.23
K3Hg,0
K3LiNb6O15,0
K3NaSn3Se8,2.2
K3Nb2AsSe11,1.53
K3Sm(AsS4)2,2.2
K3Sn,0
K3Ta2AsS11,2.21
K3Ta2AsSe11,1.45
K3Th2Cu3S7,2.49
K3Ti2P5S18,1.61
K3UF3,0
K3V,0
K4(ZrSe5)3,1.81
K4Ag9(SbS3)4,2
K4Al4Si19,1.4
K4C2O3,0
K4Ce3Sn3S14,2.46
K4Ga4Si19,1.18
K4Ge(PSe3)4,2
K4GeS4,0.8
K4GeSe4,0.64
K4Hf3Se14,2.02
K5In3P6Se19,2.2
K6Cd4Sn3Se13,2.33
K6CdTe4,2.51
K6Ta1.03Nb2.97S25,2.01
K6Ta2.93Nb1.07S22,1.88
K6Yb3(PS4)5,2.6
K8Ce2I18O53,2.34
K8N3O,0
K9Bi13S24,1.4
KAg2,0
KAg2AsS3,2.25
KAg2PS4,3.02
KAg2SbS3,2.1
KAg2SbS4,2.2
KAgAsS2,2.21
KAgF3,0
KAgO,0
KAlGeS4,3.5
KAsSe2,1.62
KAu(IO3)4,2.75
KB5PbO9,3.1
KBaAsSe3,2.26
KBaB5O9,3.65
KBaSbSe3,2.04
KBi2,0
KBi3S5,1.21
KBiO3,0
KBiS2,0.86
KBiSe2,0.61
KBr,7.6
KC60,0
KCd4Ga5Se12,2.16
KCeSe4,1.54
KCl,8.5
KCoO2,0
KCu2BiS3,1.29
KCu3S2,1.46
KCu4AsS4,1.9
KCuPO4,0
KCuSnS3,1.47
KCuSnSe3,1.04
KEuAsS4,1.89
KEuS2,0
KF,10.3
KFe2BiO5,1.76
KFeCuTe2,1.06
KGaSe2,2.6
KGaSnSe4,1.73
KH(CN2)3,0
KHg,0
KHg11,0
KHg2,0
KIn(TeO3)2,4
KInGeS4,3.1
KInS2,3
KInSe2,2.68
KInSnS4,2.3
KLi(WO3)3,0
KLiCO3,6.32
KLu,0
KMo6S7,0
KNb2O5,0
KNb2Se,0
KNb3(SeO6)2,3.46
KNb3(TeO6)2,3.52
KNbSe2O7,4
KP(HO2)2,6.95
KPAu5S8,2.14
KPPbO4,4.44
KPSe3,2.08
KPSe6,2.16
KRbBi8Se13,0.64
KRuO4,0
KSb,0.9
KSb(SO4)2,4.64
KSc(SeO3)2,5.4
KScO3,0
KSi2P3,1.72
KSiBiS4,2.25
KSm2CuS4,2.17
KSnAuS3,2.3
KSnAuSe3,2.28
KTa3(TeO6)2,4.06
KTa3CuO9,0
KTaO3,3.5
KTbSe4,1.65
KTeP2,1.4
KThCuS3,2.95
KTi2F7,6.4
KTi5Se8,0
KTm,0
KUClO3,2.37
KUCuSe3,0
KV2I3O13,2.3
KV4Ag11O16,2
KV6O11,0
KY(TeO3)2,3.8
KYb2F7,0
KYbSe2,0
KZn4(BO3)3,2.32
KZrPSe6,2
La(FeAs3)4,0
La(In2Au)2,0
La(InS2)3,1.03
La(Ni2B)6,0
La(PRu)2,0
La(SiOs)2,0
La(SiRu)2,0
La1.86Tb1.14Ga1.67S7,2.67
La10Mn9O30,0
La10Se14O,2.04
La10Si8O3,0
La16Mn15O48,0
La1Se0.14S1.86,2.5
La2.1Bi5.9Pb2S14,1
La20Cu9O40,0
La20Mo12Cl4O63,2.4
La2B4Rh5,0
La2CuO4,0
La2Fe(SeO)2,0.7
La2Fe2I,0
La2Ga0.33Sb1S5,1.76
La2Ga2GeS8,2.78
La2Ge2Se7,1.08
La2Ge5Ir3,0
La2Ge5Rh3,0
La2GeSe5,1.24
La2HfS5,0.7
La2In,0
La2Mn(SeO)2,1.6
La2Nb2N2O5,0
La2Ni5B4,0
La2O3,5.4
La2PC,0
La2PI2,0
La2PdO4,0
La2Pr2O7,0
La2Rh7,0
La2S3,2.77
La2Si5Rh3,0
La2Sn5Rh3,0
La2TiCoO6,1.02
La2V2IO9,3.63
La2VCoO6,0.41
La2VNiO6,0.45
La2YbCuS5,1.45
La2YbCuSe5,1.15
La2Zn(SeO)2,3.4
La2ZrS5,2.01
La3(BN2)2,0
La3(OsO5)2,0
La3(ReO5)2,0
La3AlN,0
La3CuGeSe7,2
La3Ga1Ge0.5S7,2.54
La3GaCuSe7,1.36
La3Ge3Br2,0
La3In1Ge0.5S7,2.61
La3LuSe6,1.26
La3Mg0.5Sn1S14,1.71
La3Mo4O16F,3.7
La3NiBr3,0
La3Si1Sb0.33S7,1.92
La3Si1Sb0.33Se7,1.75
La3Te4,0.43
La3ZrSb5,0
La4Cd4In2S13,2.27
La4Co3O10,0
La4Fe(SbS5)2,1
La4Fe(SbSe5)2,0.85
La4In5S13,0
La4InSbS9,2.07
La4InSbSe9,1.76
La5Cu6.33S7O4,2
La5In3(S3O)3,2.6
La5SmS8,0
La5YbS8,0
La6Sb4(SO4)3,2.6
La8Mn7O24,0
La8Sb2S15,2.3
LaAl12O19,0
LaAl4,0
LaAl4Co,0
LaB6,4.1
LaBPt3,0
LaBeB3O7,5.65
LaBiAu2,0
LaCd2,0
LaCdAg2,0
LaCdAu,0
LaCu6,0
LaCuSO,3.1
LaCuSeO,2.83
LaCuTeO,2.31
LaF3,6.6
LaGa,0
LaGa3Pd2,0
LaGaO3,4.4
LaGaS3,2.5
LaGeI,0
LaH2,0
LaH2NO5,4.76
LaHg,0
LaIn,0
LaIn2Ir,0
LaIn5Ir,0
LaInS2O,2.73
LaMg(FeO3)2,0
LaMg2H7Pd,1
LaMg3,0
LaNbN2O,1.7
LaP,0.54
LaP3,0
LaPd3S4,0
LaPt5,0
LaRe2Ag,0
LaReB,0
LaSb,0.8
LaScSi,0
LaSi,0
LaSi2,0.19
LaSi2Ru,0
LaSn3Ru,0
LaTaN2O,2
LaTb3,0
LaV,0
LaVI5O16,3.58
LaYbZn2,0
LaZnAsO,1.5
LaZnAu2,0
Li(CuO)3,0
Li(NiO2)4,0
Li0.33Ag1Sn0.67O2,2.7
Li0.33Ti0.67Ag1O2,2.7
Li0.5Ge1Pb1.75S4,1.95
Li11Mn13O32,0
Li12Fe5O16,0
Li13Nb14ZnO42,0
Li13Ti22O48,0
Li14Ti21O48,0
Li15(FeO4)4,0
Li15Mn2O12,0
Li17Nb20O60,0
Li17Ti20O40,0
Li2(FeO2)5,0
Li2(LuGe)3,0
Li2(NiO2)3,0
Li23(MnAs)20,0
Li2B4O7,7.3
Li2CdGe,0.99
Li2CdGeS4,3.1
Li2CdSnS4,3.26
Li2Co4O7F,0
Li2CrCo3O8,0
Li2CrCuO4,0
Li2Cu2S3,0
Li2CuF6,0
Li2DyIn,0
Li2EuSn,0
Li2Fe2(PO4)3,0
Li2Fe3CoO8,0
Li2Fe3NiO8,0
Li2Fe3SnO8,0
Li2FeGeS4,1.42
Li2FeSnS4,1.86
Li2FeWO6,0
Li2Ga,0
Li2Ga(GeSe3)2,2.64
Li2Ga2GeS6,3.65
Li2GaPd,0
Li2HgGe,0.93
Li2HgGeS4,2.46
Li2In2GeS6,3.45
Li2In2GeSe6,2.3
Li2In2SiS6,3.61
Li2In2SiSe6,2.54
Li2InAg,0
Li2LaTl,0
Li2MgHg,0
Li2MgIn,0
Li2MgSn,0
Li2MnCo3O8,0
Li2MnCu3O8,0
Li2MnGeS4,3.06
Li2MnNi3O8,0
Li2MnO2F,0
Li2Mo2Se2O11,3.3
Li2Nb2(PO4)3,0
Li2NdAs2,0
Li2NdSb2,0
Li2Ni2SbO6,0
Li2Ni3TeO8,0
Li2Ni5(PO4)4,0
Li2PmAl,0
Li2PmGe,0
Li2PrIn,0
Li2PrP2,0
Li2PtO3,2.3
Li2Si4Ni5O14,0
Li2SiHgS4,2.68
Li2Sn5,0
Li2SnHgS4,2.32
Li2SnIr,0
Li2TeMoO6,3.5
Li2TeWO6,4
Li2Ti3FeO8,0
Li2TiMn3O8,0
Li2TlAg,0
Li2U(MoO5)2,0
Li2V2F7,0
Li2V3CrO8,0
Li2V3FeO8,0
Li2YbPb,0
Li2ZnGe,1.1
Li2ZnGeSe4,1.86
Li2ZnSnS4,2.87
Li2ZnSnSe4,1.87
Li3(CoO2)4,0
Li3(CuO)4,0
Li3(CuO2)2,0
Li3AlP2,2.75
Li3AlTe4O11,3.63
Li3Bi,0.7
Li3C,0
Li3Co(NiO2)4,0
Li3Co2(GeO4)3,0
Li3Co3SbO8,0
Li3Co4TeO8,0
Li3Cr(NiO2)4,0
Li3Cr3(CuO6)2,0
Li3CrCo3O8,0
Li3CrO4,0
Li3Cu4NiO8,0
Li3Dy,0
Li3Fe(CoO2)4,0
Li3Fe(SbO3)4,0
Li3Fe2SbO6,0
Li3FeNi3O8,0
Li3FeS3,0
Li3FeTe4O11,1.98
Li3GaTe4O11,3.85
Li3Mn(CuO3)2,0
Li3Mn(NiO3)2,0
Li3Mn2(CoO4)2,0
Li3Mn2(PO4)3,0
Li3Mn2CuO6,0
Li3Mn3NiO8,0
Li3Mn3WO8,0
Li3Mn4(PO4)6,0
Li3Mn4O8,0
Li3MnAs2,0
Li3Mo2P5O18,0
Li3Ni(SbO3)4,0
Li3Ni2(GeO4)3,0
Li3Ni3(PO4)4,0
Li3PS4,3.68
Li3ScN2,2.9
Li3Si3Ag2,0
Li3Ti2(PO4)3,0
Li3Ti3(PO4)4,0
Li3V12O29,0
Li3V4FeO12,0
Li3V4NiO12,0
Li3VOF5,0
Li4(FeO2)9,0
Li4.5Al0.5Te1O6,4.9
Li4.5Cr0.5Te1O6,1.79
Li4.5Fe0.5Te1O6,3.25
Li4.5Ga0.5Te1O6,4.99
Li4.5Mn0.5Te1O6,1.97
Li4Co2Ni3O10,0
Li4Co3CuO8,0
Li4Co5SbO12,0
Li4Cr3NiO8,0
Li4CrO5,0
Li4Cu(PO4)2,0
Li4Fe2Cu3O10,0
Li4Fe3NiO8,0
Li4Fe7(OF7)2,0
Li4FeNi3O8,0
Li4HgGe2S7,2.75
Li4MgNi3O8,0
Li4Mn(WO4)3,0
Li4Mn3Cr3O12,0
Li4Mn5Cu3O16,0
Li4Mn5Nb3O16,0
Li4Mn5NbO12,0
Li4Mn5Ni3O16,0
Li4NbNi3O8,0
Li4Ni2(PO4)3,0
Li4Ni3BiO8,0
Li4Ti5Cr3O16,0
Li4TiCr3O8,0
Li4V5Cu3O16,0
Li4VF7,0
Li4WO5,0
Li5(BiO3)4,0
Li5Co2Ni3O10,0
Li5Co2O2F5,0
Li5Cr2Ni5O12,0
Li5Fe2Ni3O10,0
Li5Fe6(BO3)6,0
Li5La3Nb14O42,0
Li5Mn2Cu5O12,0
Li5Mn3(FeO5)2,0
Li5Mn5(SbO6)2,0
Li5Mn6(BO3)6,0
Li6(NiO2)5,0
Li6Fe3Co7O20,0
Li6Fe9CoO20,0
Li6FeNi9O20,0
Li6FeO5F,0
Li6FeO6,0
Li6Mn5CoO12,0
Li6Mn5FeO12,0
Li6Tb2O7,0
Li7(Mo3S4)4,0
Li7(NiO2)11,0
Li7Ca8Nb12O40,0
Li7Ti16O32,0
Li7Ti5O12,0
Li7Ti7O16,0
Li8BiS6,0
Li8GeN4,2.61
Li8IrO6,0
Li8PO3,0
Li8PrO6,0
Li8Ti16CuS32,0
Li8TiNi7O16,0
Li9Fe3(WO4)7,0
Li9Ga13(Te7O22)3,4.45
LiAgF3,0
LiAl2Rh,0
LiAl2Tc,0
LiAl3,0
LiAlB4,0
LiAlGe,0
LiAlRh2,0
LiAsS2,1.6
LiB3,2
LiB9PbO15,4.75
LiBePt2,0
LiBi2(PO4)3,0
LiBi3(ClO2)2,3.35
LiBiS2,0.11
LiCa2Ga,0
LiCa2Ge3,0
LiCa2In,0
LiCa2Mg,0
LiCa3As2H,1.4
LiCaO3,0
LiCd2Rh,0
LiCdBO3,4.28
LiCl,9.33
LiCo(CO3)2,0
LiCo7O7F,0
LiCoS2,0
LiCu2(CO3)2,0
LiCu2Ge,0
LiCu3F7,0
LiCu5P3O13,0
LiCuO2,0
LiCuPO4,0
LiEr2Ga,0
LiErAu2,0
LiEuH3,1.5
LiF,11.7
LiFe2(PO4)3,0
LiFe2(SiO4)2,0
LiGa(GeSe3)2,2.64
LiGaAg2,0
LiGaAu2,0
LiGaO2,5.6
LiGaPd2,0
LiGaPt2,0
LiGaTe2,2.31
LiGd5P2O13,3.73
LiGeRh2,0
LiH3(SeO3)2,4.9
LiHf2Ir,0
LiHfPd2,0
LiHg2Pd,0
LiHoAu2,0
LiHoO3,0
LiIn(IO3)4,4.27
LiIn2Rh,0
LiInAg2,0
LiInS2,3.56
LiInSe2,2.83
LiInSn,0
LiInSnS4,2.3
LiInTe2,1.46
LiLa2IrO6,0
LiLu2Ga,0
LiLu2Pd,0
LiLu2Ru,0
LiLu2Tc,0
LiMg2Ag,0
LiMgAs,0.7
LiMgBi,0.4
LiMgN,3.2
LiMgSnPd,0
LiMn(PO4)2,0
LiMn2(PO4)2,0
LiMn4O8,0
LiMn9Se10,0
LiMnCoO4,0
LiMnCuO4,0
LiMnO2,0
LiMnP2O7,0
LiMnSiO4,0
LiMo3O8,0
LiMoIO6,2.8
LiNb3(BiO3)4,3
LiNi2(PO4)3,0
LiNiP2O7,0
LiPm2Al,0
LiPm2Ga,0
LiPm2Ir,0
LiPm2Si,0
LiPr2Ru,0
LiSb3PbS6,1.6
LiSbS2,1.36
LiSbSe2,0.68
LiSbTe2,0.13
LiScHg2,0
LiSiB6,2.27
LiSiPd2,0
LiSiRh2,0
LiSm3SiS7,2.83
LiSn(PO3)4,0
LiSn4Ir,0
LiSnAu,0
LiTa3(BiO3)4,3.5
LiTaO3,4.1
LiTaRh2,0
LiThAu2,0
LiTi11O20,0
LiTi3O6,0
LiTiSiO4,0
LiTlPd2,0
LiTm2Rh,0
LiTm2Ru,0
LiTmSn,0
LiV2NiO6,0
LiV3O4,0
LiY(CuP)2,0
LiY2Ru,0
LiYbF4,0
LiYbPb,0
LiZn(Fe5O8)2,0
LiZn2GaO4,4
LiZnBO3,3.1
LiZnN,1.91
LiZr2Os,0
LiZrRh2,0
Lu(InS2)3,1.27
Lu(SiOs)2,0
Lu2AgAu,0
Lu2Al3Co,0
Lu2AlTc,0
Lu2CdAg,0
Lu2CdIn,0
Lu2CrS4,1.75
Lu2Fe2Si2C,0
Lu2FeS4,0
Lu2InHg,0
Lu2MgHg,0
Lu2Mn12P7,0
Lu2Mo2C3,0
Lu2O3,5.5
Lu2TlAg,0
Lu2TlCd,0
Lu2TlCu3Se5,2.12
Lu3BC3,0
Lu3Ga,0
Lu3InN,0
Lu3TlC,0
Lu4C7,0
Lu5(Si5Ir2)2,0
Lu5Si3B,0
Lu7(NiTe)2,0
Lu7(TePd)2,0
LuAg2,0
LuAl2Pd5,0
LuAlAg2,0
LuAu,0
LuBPd3,0
LuC2,0
LuCd4B3O10,3.7
LuCdAg2,0
LuGaRh2,0
LuGe2,0
LuHfRu2,0
LuIr,0
LuIr2,0
LuMnSi,0
LuNiBC,0
LuP,1.3
LuPt3,0
LuScRh2,0
LuScRu2,0
LuScZn2,0
LuSi2Ni,0
LuSiIr,0
LuU2S3O2,0
LuUO3,0
Mg(As2Rh3)2,0
Mg(CoS2)2,0
Mg(FeO2)4,0
Mg(FeS2)2,0
Mg(SnO2)4,0
Mg(TiS2)4,0
Mg10B16Ir19,0
Mg17Al11Pd,0
Mg23Al30,0
Mg2AgIr,0
Mg2Co,0.66
Mg2CrN2,0
Mg2Cu,0
Mg2CuWO6,0
Mg2Ga,0
Mg2Ge,1.67
Mg2GeB2Rh5,0
Mg2GeSe4,2.02
Mg2MnN2,0
Mg2PdAu,0
Mg2RhAu,0
Mg2Si,2.27
Mg2SiPt,0
Mg2TcO4,0
Mg2TiIrO6,0
Mg2V9O13,0
Mg2Zr14O5,0
Mg3(B25C4)2,2.7
Mg3(MnAl9)2,0
Mg3(Ni10B3)2,0
Mg3(Ni10P3)2,0
Mg32Al36Ag13,0
Mg3Al9FeSi5,0
Mg3AsN,1.33
Mg3Bi2,0
Mg3Ga7Co2,0
Mg3Ge,0
Mg3N2,2.8
Mg3P2,1.4
Mg3Rh,0
Mg3Ru2,0
Mg3Sb2,0.8
Mg3Tl,0
Mg4Sc3(SiO3)8,0
Mg5As,0
Mg5B3O9F,5.63
Mg5Ti13O30,0
Mg5Tl2,0
Mg9CuO10,0
MgAgAs,0
MgCo2(PO5)2,0
MgCr,0
MgCu2GeS4,2.36
MgCu2SiS4,3.2
MgCuBi,0
MgCuSb,0
MgCuSn,0
MgF2,11.1
MgIn3,0
MgInAg2,0
MgInPd2,0
MgMnO3,0
MgMnRh2,0
MgNiSb,0
MgPb3,0
MgPt5,0
MgRh2Pb,0
MgRhF6,0
MgSbF6,0
MgSbPt,0
MgSc,0
MgScAg2,0
MgSi7Ir3,0
MgSiN2,4.05
MgSnRh2,0
MgTe,3.6
MgTi11O20,0
MgTi4O6,0
MgTl,0
MgV4O6,0
MgZn2,0
Mn(BW)2,0
Mn(CoO2)4,0
Mn(PbO2)2,1.5
Mn(SbO2)2,2.65
Mn(SbO3)2,0
Mn(SbSe2)2,0.31
Mn0.05Te1Pb0.95,0.37
Mn0.1Te1Pb0.9,0.49
Mn15Si26,0.7
Mn2AlB2,0
Mn2AlO4,0
Mn2CoAs,0
Mn2CoGe,0
Mn2Cu(PO4)3,0
Mn2GaW,0
Mn2GeS4,0
Mn2Hg5,0
Mn2Nb,0
Mn2OF3,0
Mn2P,0
Mn2Tl2O7,0
Mn2VSi,0
Mn3(OF3)2,0
Mn3Al10,0
Mn3Cr3(CoO8)2,0
Mn3Cr3(TeO8)2,0
Mn3NbO8,0
Mn3NiN,0
Mn3PdN,0
Mn3PtN,0
Mn3SbO8,0
Mn3V2(SiO4)3,0
Mn5As4,0
Mn5Ge2,0
Mn5O3F5,0
Mn5O7,0
Mn7O7F,0
MnAl3,0.58
MnAlAu2,0
MnAs,0
MnBe2Co,0
MnCdO2,0
MnCoSi,0
MnCu2Sn,0
MnCu3,0
MnF2,9.9
MnFeAs,0
MnFeCoGe,0
MnGaNi2,0
MnGaPt,0
MnGePd,0
MnGeRh2,0
MnIn2PbS5,1.45
MnInCu2,0
MnNbO4,0
MnNi,0
MnNiP,0
MnO,3.6
MnO2,1.3
MnP2,0
MnP4,0.28
MnPSe3,2.5
MnS,0
MnSb3(PO4)6,0
MnSbPd,0
MnSbRh2,0
MnSe,2.5
MnSi,0.6
MnSiNi2,0
MnSnRu2,0
MnTcOs,0
MnTe9,2
MnTePd,0
MnV(TeO4)2,1.9
Mo2NCl8,0
Mo3Pd2N,0
Mo5As4,0
Mo5O14,0
MoSe2,1.6
Na(GeP)3,2.06
Na0.5Ge1Pb1.75S4,2.08
Na0.5Ge1Pb1.75Se4,1.6
Na0.75Eu1.625Ge1Se4,2
Na10(Ga2Sn)3,0
Na11Bi5O16,0
Na11Ti20O40,0
Na15Sn4,0
Na19Zr11S30,0
Na2B6O9F2,7.33
Na2Be4B4O11,7.3
Na2Cd(GeSe3)2,2.37
Na2CdSnS4,2.52
Na2Cl,0
Na2Cr7O14,0
Na2EuGeSe4,2
Na2Ga2GeS6,3.29
Na2Ga2SnS6,2.2
Na2Gd(PO4)2,4.19
Na2Ge2Se5,2.38
Na2Hg3(GeS4)2,2.68
Na2Hg3Se1.49S2.51,2.03
Na2In,0
Na2In2GeS6,3.17
Na2In2GeSe6,2.47
Na2In2SiS6,3.27
Na2In4Se6S,1.92
Na2In5Au6,0
Na2LiTa,0
Na2Mo2Se2O11,3.1
Na2Nb4Se4O19,3.56
Na2Pt(IO3)6,2.4
Na2S,2.4
Na2SO4,0
Na2Se,2
Na2Si2Hg3S8,2.86
Na2Sn2Hg3S8,2.45
Na2Te,2.3
Na2TeS3,2.35
Na2TeSe3,1.87
Na2Ti2Sb2O,0
Na2Ti3O7,3.51
Na2Tl,0
Na2UI6,0
Na2V6O13,0
Na2VCuF7,0
Na2Zn(GeSe3)2,2.36
Na2Zn(SnS3)2,2.93
Na2Zn3(SeO3)4,4.9
Na3(WO3)4,0
Na3In2Au,0
Na3Mn2(GeO4)3,0
Na3MoClO4,4.69
Na3MoO4F,4.77
Na3Re,0
Na3Sn2ClF6,3.88
Na3Tl,0
Na3UF7,0
Na3WClO4,4.99
Na3Zn(BO2)5,3.2
Na4Al4Si19,0.64
Na4Eu(GeS3)2,2.15
Na4Mg(GeSe3)2,2.53
Na4Mg(SiSe3)2,2.85
Na5Cu7O13,0
Na5Fe6(SiO3)12,0
Na5Gd(MoO4)4,3.38
Na6CoSe4,0
Na6FeS4,0
Na7(CoO3)2,0.5
Na7.36Ga7.24Sn4.78Se24,1.5
Na8(CuO2)5,0
Na8Hg3,0
Na8NbO6,0
Na8PO3,0
Na9(WO3)16,0
NaAlGeS4,3.6
NaAsO3,0
NaB15,0.32
NaBi3,0
NaBiS2,0.38
NaBiSe2,0.28
NaC,0
NaCd2Au,0
NaCd4P3,1.1
NaCdAsS3,2.93
NaCdO3,0
NaCdSb,0
NaCeS2,0
NaCeS3,2.15
NaCuO,0
NaEuO2,0
NaF,10.5
NaFe2(SiO3)4,0
NaFe2O3,0
NaGaGe3Se8,2.35
NaH3(SeO3)2,4.9
NaHg,0
NaIn(IO3)4,4.25
NaIn(TeO3)2,4
NaIn3S5,2.18
NaIn3Se5,2.17
NaInS2,1.9
NaInSe2,2.8
NaInSnS4,2.4
NaInTe2,1.6
NaIrPb,0
NaLa2TaO6,4.5
NaLaS3,2.61
NaLi3,0
NaLu(Pd3O4)2,0
NaNb2PS10,1.72
NaNi2O3,0
NaSb,0.82
NaSb(PS3)2,2.17
NaSbF6,3.76
NaSbTe2,0.47
NaSc(SeO3)2,5.5
NaSi2Pd3,0
NaSm(PS3)2,2.54
NaSn2,0
NaTa3,0
NaTi5Se8,0
NaTl,0
NaY(Te2O5)2,3.9
NaYb(PS3)2,1.85
NaZr2TiF11,0
NaZrCuTe3,0
Nb(Cl2O)2,0
Nb17Ir3S40,0
Nb2(CoO3)3,0
Nb2AgPS10,1.78
Nb2Cr4Si5,0
Nb2O5,3.08
Nb2Pb2Se4O15,2.79
Nb2Sb,0
Nb2Tl3CuSe12,0.8
Nb2Tl4S11,1.8
Nb3(Fe10B3)2,0
Nb3B2,0
Nb3Bi,0
Nb3CuO8,1.47
Nb3In,0
Nb3IrSe8,0
Nb3Os,0
Nb3Ru,0
Nb3Te,0
Nb3V(PO4)6,0
Nb3VS6,0
Nb40N21O16,0
Nb4Co2PdSe12,0
Nb5Ga4,0
Nb5Ge3,0
Nb5OF14,0
Nb6Co7,0
Nb6VSb3O25,3.2
NbAg2(PS4)2,2.02
NbCrN,0
NbCrW,0
NbCu3Se4,2.45
NbCuO3,2
NbGaCo2,0
NbHO3,0
NbHg3F6,0
NbOsPb,0
NbPt2,0
NbRu2Cl,0
NbSe2,1.4
NbSi2,0
NbSiIr,0
NbSnIr,0.28
Nd(Al4Co)2,0
Nd(AsPd)2,0
Nd(CoGe)2,0
Nd(CoSi)2,0
Nd(CrSi)2,0
Nd(GePt)2,0
Nd(InS2)3,1.15
Nd(NiSn)2,0
Nd(PRu)2,0
Nd(Re2Si)2,0
Nd(SiIr)2,0
Nd1.33Lu0.67S3,1.5
Nd10Se14O,1.98
Nd2(SnSe3)3,0.5
Nd2BC,0
Nd2CdIn,0
Nd2Fe14B,0
Nd2Ge5Rh3,0
Nd2HfS5,0.7
Nd2IrPd,0
Nd2Ni7P4,0
Nd2O3,4.4
Nd2Ru2O7,0
Nd2S3,2.65
Nd2Se3,1.7
Nd2Te3,1.12
Nd2WC2,0
Nd2ZnGa,0
Nd2ZrS5,1.83
Nd3(GeRu)2,0
Nd3AlC,0
Nd3Ge5,0
Nd3In,0
Nd3Ni13B2,0
Nd3Te4,1.6
Nd3Zr,0
Nd4(GeS4)3,2.62
Nd4Ge3Rh4,0
Nd4InSbSe9,1.57
Nd4Mg3Co2,0
Nd4MgRu,0
Nd4O3F7,0
Nd5Ge3,0
Nd5Ge4,0
NdAgAs2,0
NdAgPb,0
NdAl4Ge2Au,0
NdAl7Au3,0
NdAs,1.04
NdAu3,0
NdB6,4.9
NdBRh3,0
NdBi,0
NdCrGe3,0
NdCu3(RuO3)4,0
NdCuSO,2.98
NdCuTeO,2.26
NdErTl2,0
NdErZn2,0
NdF3,6.15
NdFeSi2,0
NdGa2Ni,0
NdGaO3,0
NdIn3,0
NdIn5Rh,0
NdInAu,0
NdInCu,0
NdLuSe3,1.61
NdMg2,0
NdMg2Ni9,0
NdMgNi4,0
NdMnSbO,0
NdMoO4F,3.66
NdNiC2,0
NdO2,0
NdPt,0
NdRh,0
NdSb,0
NdSbPd,0
NdScGe,0
NdSmHg2,0
NdSn2,0
NdSnRh,0
NdTe,0
NdTe2,0.48
NdTiGe,0
NdTlAg2,0
NdTlPd,0
NdZn2Ag,0
Ni(CN)2,2
Ni(PO3)4,0
Ni23B6,0
Ni2Ge,0
Ni2Mo3N,0
Ni2Mo4C,0
Ni2Mo4N,0
Ni2PO5,0
Ni2Te3O8,3.84
Ni3Ge,0
Ni3Pt,0
Ni3S4,0
Ni3SnN,0
Ni4(BiO2)9,0
Ni4(PO4)3,0
Ni7(P2O7)4,0
NiAgO2,0
NiAsO3,0
NiCO4,0
NiGe,0
NiGePt2,0
NiI,0
NiN,0
NiO,4
NiS2,0.64
NiTe,0.23
OsS2,2
P2H12N7Cl,0
P2H4RhO9,0
P2O5,0
P2Os,1.13
P2Pd,0.65
P2Pd3S8,2.12
P2Rh,1
P2Se3,2.4
P2Se5,2.2
PH2NO2,0
PH6NO4,6.8
PHPbO3,3.97
POsS,1.4
POsSe,1.4
PPdS,1.38
PPdSe,0.15
PRuS,1.4
PSe,2.5
PW5O17,0
Pb17(Cl9O4)2,3.44
Pb1Se0.01S0.99,0.37
Pb1Se0.5S0.5,0.33
Pb1Se0.95S0.05,0.26
Pb1Se0.99S0.01,0.26
Pb1Se0.9S0.1,0.27
Pb2O3,1.67
Pb2SeN2O9,3.76
Pb3O4,2.12
Pb3Se2(BrO3)2,3.73
PbN6,2.98
PbSeO4,4.3
Pd(IO3)2,1.31
Pd16S7,0
Pd2N,0
Pd3(PbS)2,0
PdO,0.8
PdPb2,0
PdS,0.5
PdS2,0.75
PdSe,0.2
PdSe2,0.4
Pm2CuGe,0
Pm2IrRh,0
Pm2NiRh,0
Pm2PtAu,0
Pm3I,0
PmCd3,0
PmCdPd2,0
PmDy3,0
PmGaAu2,0
PmHgAu2,0
PmMgAu2,0
PmMgCd2,0
PmMgRh2,0
PmSbRh2,0
PmSnRh2,0
Pr(BRu)2,0
Pr(BiO3)2,0
Pr(CoAs)2,0
Pr(CoGe)2,0
Pr(FeSi)2,0
Pr(InS2)3,1.14
Pr(MnSi)2,0
Pr1.29Lu0.71S3,1.38
Pr10Se14O,1.89
Pr1Te1.9,1
Pr27Se40,0
Pr2Au,0
Pr2CdSn,0
Pr2Co12P7,0
Pr2Ge2Se7,1.32
Pr2GeSe5,1.8
Pr2HgPb,0
Pr2InGe2,0
Pr2InPd2,0
Pr2Ir2O7,0
Pr2S3,2.6
Pr2Se3,1.8
Pr2Te4O11,3.65
Pr3(Al2Si3)2,0
Pr3Cd,0
Pr3I,0
Pr4InSbSe9,1.89
Pr4MgRu,0
Pr4Sb3,0
Pr4Te7,0.46
Pr5In11Ni6,0
Pr5Si4,0
Pr6Fe13Si,0
Pr7Mn8O24,0
Pr9(SbO)5,0
PrAgAs2,0
PrAl3Ni2,0
PrAs,1
PrAu,0
PrB4,0
PrB6,4.9
PrBN2,4
PrBPt4,0
PrCd,0
PrCo4B,0
PrCuSO,3.03
PrErIn2,0
PrErMg2,0
PrFeGe2,0
PrGaAu2,0
PrGe3,0
PrGe5,0
PrGeAu,0
PrIn,0
PrInAu2,0
PrIr2,0
PrLuIn2,0
PrLuSe3,1.56
PrMgAg2,0
PrMgGa,0
PrMo3,0
PrMoO4F,3.64
PrNiGe2,0
PrO,0.55
PrP,0
PrSb,0.66
PrSbPt,0
PrSm3,0
PrSmO2,0
PrTaN2O,2
PrTl2InSe4,0.93
PrTlSe2,1.18
PrTmTl2,0
PrZn,0
Pt0.97S2,0.95
Pt3Pb,0
Pt3PbC,0
PtN,0
PtS2,0.75
PtSe2,0.1
Rb1.45Sb7.45Pb3.1Se15,0.45
Rb1.54Cd1.54Bi2.46S6,1.33
Rb15Hg16,0
Rb28(Mg3In17)3,0
Rb2AgPS4,2.6
Rb2BaNb2Se11,1.53
Rb2Cd(IBr)2,3.35
Rb2Cd(PSe3)2,2.58
Rb2Cd3(B4O7)4,4.76
Rb2Cd3S4,2.92
Rb2Cd3Se4,2.37
Rb2Cd3Te4,2.3
Rb2CrF6,0
Rb2Cu2Sb2S5,1.6
Rb2Cu2SnS4,2.08
Rb2FeI4,0
Rb2GeB4O9,5.54
Rb2Hg(PSe3)2,2.32
Rb2Hg3(GeS4)2,2.8
Rb2Mo3Se3O16,3.1
Rb2Mo9Se10,0
Rb2Na2IrO4,0
Rb2NaNiF6,0
Rb2NaVF6,0
Rb2NbCuS4,2.64
Rb2NbCuSe4,2.19
Rb2PS5,2.3
Rb2Pt(IO3)6,2.4
Rb2SCl6F,0
Rb2Sn2Hg3S8,2.48
Rb2Sn3(SbS5)2,2.33
Rb2Tb3AlF16,0
Rb2Te,4.5
Rb2TeBr6,2.14
Rb2TeI6,1.4
Rb2Ti(AgS2)2,2.33
Rb2Ti(CuS2)2,2.19
Rb2VAgS4,1.83
Rb2VCuS4,1.85
Rb2Zn3(SeO3)4,4.9
Rb3(Cu4S3)2,0
Rb3Ag9(PS4)4,2.6
Rb3Al3Ge7S20,3.1
Rb3Al3Ge7Se20,2.4
Rb3Bi2Br9,2.62
Rb3Cd(BO2)5,2.34
Rb3Ga,0
Rb3Li4(BO2)7,6.53
Rb3Mn,0
Rb3Na(MoO4)2,4.84
Rb3Nb2AsSe11,1.5
Rb3Sb,1
Rb3Sb2Br9,2.48
Rb3Sb2I9,1.94
Rb3Sm,0
Rb3Ta2AsS11,2.21
Rb3Tm,0
Rb3Zn(BO2)5,2.66
Rb4Ag9(SbS3)4,2
Rb4CuSi2O7,0
Rb4Ga4Si19,1.18
Rb4Ge(PSe3)4,2
Rb4Ge3B6O17,5.42
Rb4Mo5(PO11)2,3.51
Rb4Ti3S14,1.59
Rb5(W4O15)2,0
Rb5(WO3)18,0
Rb5B(SO4)4,3.99
Rb5Li6(BO2)11,6.53
Rb5Tl3O,0
Rb6O,0
Rb7Th2(P2Se7)3,2.07
Rb9Bi13S24,1.3
RbAg2SbS4,2.3
RbAg2TeS6,2.04
RbAg5(PS4)2,2.4
RbAgF3,0
RbB5(H2O3)4,0
RbBa2(PO3)5,7.6
RbBi2,0
RbBi3TeSe4,0.8
RbBr3,0
RbC8,0
RbCaBO3,3.67
RbCd(BO2)3,4.2
RbCd13,0
RbCd4Ga5S12,3.02
RbCd4Ga5Se12,2.19
RbCd4Ga5Te12,1.64
RbCd4In5Se12,1.57
RbCu(SbS2)2,1.6
RbCu2AsS3,1.96
RbCu2SbS3,1.67
RbCu4AsS4,2.15
RbCuPdF5,0
RbCuSnS3,1.44
RbCuSnSe3,1.04
RbEuO2,0
RbF,10.4
RbF3,0
RbGaSnSe4,1.88
RbGe3,0
RbGeB3O7,5.58
RbH2(IO3)3,4.07
RbH3(SeO3)2,4.84
RbHg3,0
RbHgSbTe3,0.2
RbIn4,0
RbIn5S6,2.5
RbInGeS4,3.1
RbInS2,3.3
RbInSnS4,2.7
RbInTe3O8,3.9
RbLiCO3,6.28
RbMn4Ga5Te12,1.53
RbMn4In5Se12,1.76
RbMnTe2,0
RbMoPO6,2.96
RbNa2NiO2,0
RbNa2Sb,1
RbNb3(TeO6)2,3.49
RbNb4Br11,0.46
RbNbSe2O7,4.1
RbPPbO4,4.35
RbPSe6,2.18
RbPdF3,0
RbSbO3,0
RbSbSe2,1.62
RbSbTe2,0.38
RbSc(SeO3)2,4.9
RbTa3(TeO6)2,3.88
RbTbSe2,2.5
RbTiBr3,0
RbTmO3,0
RbU2SbS8,0
RbUAgS3,0
RbV(CuS2)2,1.45
RbVP2S7,0
RbWO3,0
RbY(TeO3)2,3.6
RbYbZnSe3,2.07
RbZn4In5Se12,1.76
RbZrPSe6,2
Re(TeCl6)2,0
Re2PbO6,0
Re2RuBr,0
Re2W3C,0
Re3As7,0
Re3F,0
Re3P4,0
Re5(NiAs6)2,0
ReBiO3,0
ReCl4,0
ReF6,0
ReIr3,0
ReO3,2.3
ReOsRu,0
RePO5,0
ReSi2,0.12
ReSn3,0
Rh0.67S2,1.5
Rh0.67Se2,0.7
Rh2S3,0.8
Rh3Pb,0
Rh7(PbO5)3,0
RhS3,1.5
RhSe2,0.6
RhSe3,0.7
RhSeS,0.7
Ru3Cl,0
RuCl3,0
RuS2,1.8
RuSe2,1
Sb2I2F11,0
Sb2Os,0.2
Sb2PbSe4,1.8
Sb2Ru,0.3
Sb2Te,0
Sb2XeF14,0
Sb3IO4,2.61
Sb4Pb4S11,0
Sb5IO7,1.95
Sb6Pb4Se13,0.65
Sb6Pb6Se17,0.8
Sb8I2O11,2.72
SbAs,1.6
SbOsS,1.2
SbOsSe,0.4
SbPb2S2I3,2
SbPbBrO2,2.67
SbPbIO2,2.48
SbPd3,0
SbPt3,0
SbRh3,0
SbRuSe,0.9
SbSBr,2.17
SbSeBr,1.84
SbTeI,1.25
SbTeOs,0.05
SbTeRh,0.5
SbTeRu,0.5
Sc(CuSe)3,0.3
Sc(GaFe)6,0
Sc(TiN)9,0
Sc(VGa2)2,0
Sc11(AlGe4)2,0
Sc14Cu14O37,0
Sc2(PO4)3,0
Sc2Al3Ru,0
Sc2CuRu,0
Sc2Fe,0.77
Sc2FeB2Ir5,0
Sc2GaAg,0
Sc2GaIr,0
Sc2MnC,0
Sc2S3,2
Sc2TlTc,0
Sc3(MnGa3)2,0
Sc3(ReSi2)2,0
Sc3BPb,0
Sc3C4,0
Sc3Fe2Si3,0
Sc3GaC,0
Sc3PbC,0
Sc4Ge6Rh7,0
Sc5Bi3,0
Sc5NCl8,0
Sc5Pb3,0
Sc6FeSb2,0
Sc6NiTe2,0
Sc6Te2Os,0
Sc7CI12,0
Sc8Te3,0
ScAg,0
ScAg(PSe3)2,1.55
ScAgO2,3.8
ScAlNi2,0
ScBIr3,0
ScBPd3,0
ScBe5,0
ScCd,1.71
ScCdAg2,0
ScCdHg2,0
ScCoGe2,0
ScCoO3,0
ScCrO4,0
ScCu2,0
ScCuO2,3.3
ScGa2,0
ScGe2,0
ScHg,0.24
ScIr,0
ScN,2.6
ScNiSb,0.11
ScPPt,0
ScRh,0
ScRh3C,0
ScSbPd,0.23
ScSbRh2,0
ScSbRu2,0
ScSi3Ni,0
ScSnPd,0
ScTa2NO5,2.67
ScTiNbO6,3.58
ScTiO3,0
ScTlS2,1.51
ScTlSe2,0.79
ScTlTe2,0.85
ScZn2,0
ScZn3,0
ScZnNi2,0
ScZnPt2,0
SeS,1.9
Si(Bi3O5)4,3.2
Si0.001Ge0.999,0.65
Si0.03Ge0.97,0.67
Si0.0645Ge0.9355,1.04
Si0.07Ge0.93,1.04
Si0.08Ge0.92,0.72
Si0.109Ge0.891,1.13
Si0.12Ge0.88,0.84
Si0.162Ge0.838,1.32
Si0.1Ge0.9,0.8
Si0.226Ge0.774,1.5
Si0.2Ge0.8,0.86
Si0.347Ge0.653,1.91
Si0.3Ge0.7,0.88
Si0.458Ge0.542,2.24
Si0.4Ge0.6,0.9
Si0.6Ge0.4,0.94
Si0.7Ge0.3,1
Si0.8Ge0.2,1.1
Si0.94Ge0.06,1.06
Si0.98Ge0.02,1.08
Si0.999Ge0.001,1.09
Si0.9Ge0.1,1.04
Si15(TeP2)4,1.24
Si2Ni6B,0
Si2NiP3,0
Si2Pd9,0
Si2Ru,0
Si2SbO6,0
Si3N4,5.1
SiAs2,0.88
SiAu3,0
SiB3,2
SiBi3O7,0
SiGe,0.88
SiHg3,0
SiP,2
SiP2,1.89
SiSb,1.9
SiSb3,0
SiSe2,1.72
SiSn,0.59
SiTe2Os,0
SiW3,0
Sm(BOs)2,0
Sm(CoSi)2,0
Sm(CuO2)2,0
Sm(CuS)3,1.82
Sm(CuTe)3,0.23
Sm(ErSe2)3,2
Sm(InS2)3,1.18
Sm(MnGe)2,0
Sm(NiSn)2,0
Sm(SiAg)2,0
Sm(SiNi)2,0
Sm1.82Lu2.18Se6,1.51
Sm2(PPt2)3,0
Sm2(SnSe3)3,0.7
Sm2AgRu,0
Sm2AlCd,0
Sm2Cu4Sn5,0
Sm2CuAs3O,0
Sm2Fe17,0
Sm2IO2,0
Sm2In,0
Sm2IrPd,0
Sm2Mn3(SbS3)4,1.5
Sm2Mo2O7,0
Sm2O3,5
Sm2Pd2Pb,0
Sm2RuAu,0
Sm2S3,2.96
Sm2Sc3,2.3
Sm2Se3,2.3
Sm2Te3,0.7
Sm2Tl,0
Sm2TlHg,0
Sm2TlZn,0
Sm2ZrSe5,1.41
Sm3(Sb7Te12)2,0
Sm3Al,0
Sm3Al0.33Si1S7,2.26
Sm3AlN,0
Sm3B(SO)3,2.5
Sm3OsO7,0
Sm3Sc,0
Sm3Te4,0.51
Sm3Zr,0
Sm4Al23Ni6,0
Sm4GaSbS9,2.23
Sm4In21Pd10,0
Sm4InSbS9,2.13
Sm4MgRh,0
Sm4U4O17,0
Sm5Br11,0
Sm6Br13,0
SmAg,0
SmAlCu,0
SmAs,1.03
SmAs2Au,0
SmAu3,0
SmB(SbO4)2,3.54
SmB6,3.5
SmB66,0.8
SmBPd3,0
SmBiW2O9,3.39
SmC10,0
SmCdHg2,0
SmCo2,0
SmCo3B2,0
SmCoC2,0
SmCrGe3,0
SmCuO3,0
SmCuSO,2.9
SmCuSe2,2.1
SmCuSeO,2.6
SmCuSi,0
SmErMg2,0
SmHg3,0
SmHgPd,0
SmHoHg2,0
SmHoZn2,0
SmIn2Rh,0
SmInAu,0
SmLuTl2,0
SmMg3,0
SmMgHg2,0
SmNi2B2C,0
SmNiAs,0
SmNiC2,0
SmP,1.09
SmPbAu,0
SmS,2.3
SmSb,0.59
SmSb2,0
SmSe,0.46
SmSi3Pt5,0
SmSnPd,0
SmSnRh2,0
SmSnTe2,0.52
SmTh3,0
SmTmZn2,0
Sn(PO3)3,0
Sn0.001Pb0.999Se1,0.24
Sn0.01Te1Pb0.99,0.23
Sn0.03Pb0.97Se1,0.21
Sn0.03Te1Pb0.97,0.21
Sn0.05Pb0.95Se1,0.12
Sn0.06Pb0.94Se1,0.14
Sn0.06Te1Pb0.94,0.28
Sn0.07Pb0.93Se1,0.08
Sn0.08Pb0.92Se1,0.06
Sn0.08Te0.08Pb0.92Se0.92,0.22
Sn0.08Te1Pb0.92,0.13
Sn0.13Pb0.87Se1,0.02
Sn0.15Pb0.85Se1,0.13
Sn0.15Te0.15Pb0.85Se0.85,0.18
Sn0.17Pb0.83Se1,0.04
Sn0.17Te1Pb0.83,0.15
Sn0.1Te1Pb0.9,0.16
Sn0.23Te1Pb0.77,0.04
Sn0.25Pb0.75Se1,0.04
Sn0.25Te1Pb0.75,0.04
Sn0.28Te0.28Pb0.72Se0.72,0.12
Sn0.2Pb0.8Se1,0.06
Sn0.2Te0.2Pb0.8Se0.8,0.14
Sn0.2Te1Pb0.8,0.08
Sn0.35Te0.35Pb0.65Se0.65,0.09
Sn0.99Te1Pb0.01,0.26
Sn1Se0.01S0.99,1.08
Sn1Se0.2S0.8,1.03
Sn1Se0.6S0.4,0.98
Sn1Se0.75S0.25,0.94
Sn1Se0.99S0.01,0.89
Sn2BiSI5,1.32
Sn2S,0.85
Sn2SbS2I3,1.5
Sn2WO5,2.6
Sn3As2,0.47
Sn3Ir2Se3,0.43
Sn3P3O13,0
Sn3Pd,0
Sn3WO6,2.49
Sn5(BIr3)2,0
Sn5(BRh3)2,0
SnAs3,0
SnB,0
SnCl2,3.9
SnGeS3,2.23
SnHgO3,1.6
SnI2,2.4
SnI4,2.38
SnO,3
SnO2,3.6
SnPt3C,0
SnRh,0
SnS2,2.43
SnSb3(PO4)4,0
SnSe2,1.62
SnTe,0.3
Sr(CeS2)2,0
Sr(CeSe2)2,0
Sr(CoP)2,0
Sr(GaAu)2,0
Sr(In4Rh)2,0
Sr(LaS2)2,2.85
Sr(NdS2)2,2.45
Sr(PrS2)2,2.7
Sr(RuO3)2,0
Sr(Sb3Ru)4,0
Sr(YbS2)2,0
Sr0.5Ta1O3,3.7
Sr10Al4Si6O,0
Sr2Be2B2O7,8
Sr2Co2O5,0
Sr2CoReO6,0
Sr2Cu(ClO)2,0
Sr2GaCo2O7,0
Sr2GeN2,0
Sr2HoRuO6,0
Sr2La2.58Bi5.42S14,1
Sr2La2Pt1O7.13,2.52
Sr2Li2Nb3O10,0
Sr2MgIrO6,0
Sr2MgReO6,0
Sr2Pr2Pt1O7.07,3.05
Sr2ScSbO6,3.57
Sr2SmTaO6,3.38
Sr2TiO4,3.41
Sr2V2(SeO5)3,2.96
Sr2V3Se5O18,2.47
Sr2YBi2O7,0
Sr2YReO6,0
Sr2ZnReO6,0
Sr3(AlSn)2,0
Sr3(SnIr)4,0
Sr3Bi(PO4)3,4
Sr3Co2S2O5,0
Sr3Eu(PO4)3,3.99
Sr3Ge(SbSe4)2,0.75
Sr3Li4La5O12,0
Sr3Sb2,0
Sr3ScNiO6,0
Sr3Se3ClO8,4.4
Sr3Ti2O7,3.26
Sr4Ga8Ge15,0.05
Sr4Te3(ClO2)4,4
Sr4V2(Se2O7)3,2.66
Sr5Bi3,0
Sr5Cd2Sb5F,0
Sr5Sn3,0
Sr5V3O12F,4.5
Sr6Nb7O21,0
Sr7Bi23O40,0
Sr8(MnN3)3,0
Sr8.007Ge2.043Bi7.949Se24,0.74
Sr8Al7,0
Sr8Co8O23,0
Sr8Fe3N8,0
SrAg,0
SrAl,0
SrB2,0
SrB6,3.68
SrBiClO2,3.52
SrCd,0
SrCdSi,0
SrCrO4,2.45
SrCuBi,0
SrGe2,0.9
SrIn2,0
SrIn2(GeIr)4,0.25
SrIn2Ir,0
SrIn2Rh,0
SrIn4Ir,0
SrIn4Pt,0
SrLa3MnO8,0
SrLaMn2O6,0
SrLi2Sn,0
SrLi4(BO3)2,6.67
SrMgIn3,0
SrMgSnSe4,2
SrMnGe,0
SrN2,0
SrNi2(PO4)2,0
SrNi5As3,0
SrO,5.7
SrPb3,0
SrPb3Br8,3.2
SrPbO3,1.78
SrRhF6,0
SrS,4.76
SrSbAu,0
SrSe,4.42
SrSeO4,4.75
SrSiPd,0
SrSnO3,4.1
SrSnP,0
SrTaNO2,1.99
SrTe,3.73
SrTh(PS4)2,3.02
SrTl2,0
SrTlHg2,0
SrUS2,0
SrV13O18,0
SrZnSO,3.1
SrZnSb2,0
SrZr2Nb,0
Ta11(CuO15)2,2.59
Ta11(CuO6)5,2.58
Ta22(CuS12)3,0
Ta2Mn3O8,1.89
Ta2MoOs,0
Ta2N,0
Ta2Nb3O12,0
Ta2O5,4.2
Ta2OsW,0
Ta2PtSe7,0
Ta2TiN3,0
Ta2Tl4S11,1.26
Ta2TlO6,0
Ta3B4,0
Ta3P,0
Ta4AlC3,0
Ta4FeTe4,0
Ta4N5,0
Ta5N6,0
Ta6Be15Cu8,0
Ta6Ni16Ge7,0
Ta7Cu3O19,2.47
TaAl3,0
TaAlPt,0
TaAs,0
TaBe2,0
TaCoSn2,0
TaCu3S4,3
TaF3,0
TaGaPt,0
TaInNi,0
TaN,2.3
TaNiB2,0
TaPd3,0
TaPt3,0
TaRh3,0
TaTiFe2,0
TaTlS3,0.78
TaW3,0
Tb(Al2Fe)4,0
Tb(AlC)3,0
Tb(CoB)2,0
Tb(CoGe)2,0
Tb(CuSe)3,0.16
Tb(CuTe)3,0.46
Tb(FeP3)4,0
Tb(GePd)2,0
Tb(GeRh)2,0
Tb(InS2)3,1.2
Tb(MnGe)6,0
Tb(Ni2P)2,0
Tb0.52Pr2.48Ga1.67S7,2.61
Tb10B7C10,0
Tb11S16,0
Tb2AlCo2,0
Tb2C3,0
Tb2EuSe4,2
Tb2GeS5,2.1
Tb2In16Pt7,0
Tb2O3,3
Tb2Sb5,0
Tb2SbO2,0
Tb2Ti3Ge4,0
Tb3(MnC3)2,0
Tb3FeB7,0
Tb3Ge5,0
Tb3Ni13B2,0
Tb3ReO7,0
Tb3Si,0
Tb4Al2O9,4.59
Tb4GaSbS9,2.44
Tb5Ti5O17,0
Tb5Tl3,0
Tb6PbSe10,0
TbB(SbO4)2,3.53
TbBRh3,0
TbBe13,0
TbCl,0
TbCo2,0
TbCu5,0
TbGa,0
TbGa2Co3,0
TbGa3,0
TbH2,0
TbHg2,0
TbIn2Ni,0
TbInAg2,0
TbInIr,0
TbMn5Ge3,0
TbNi5,0
TbNiGe2,0
TbNiO3,0
TbP,0
TbPt,0
TbRh2,0
TbSb2,0
TbSe2,0
TbSnAu,0
TbTe,0
TbTl,0
TbWClO4,4.24
TbYHg2,0
TbYbHg2,0
TbYbRh2,0
TbZn2,0
TbZrSb,0
Tc3Pd,0
TcB,0
TcS2,1
TcSe2,0.88
Te0.01Pb1Se0.99,0.26
Te0.05Pb1Se0.95,0.26
Te0.4Se0.6,1.2
Te0.5Pb1Se0.5,0.29
Te0.5Se0.5,1
Te0.6Se0.4,0.7
Te0.8Se0.2,0.4
Te0.99Pb1Se0.01,0.3
Te2Au,0
Te2Mo(WS2)3,0
Te2Mo2WSe4,0
Te2Mo3Se4,0
Te2MoWS2,0
Te2Os,0.3
Te2Pd,1.8
Te2Pd3,0
Te2Pd3Pb2,0
Te2Ru,0.25
Te2W2SeS,0
Te3MoWS,0
Te4Mo(WS)2,0
Te4MoW3S4,0
TeAs,0.74
TeI,1.1
TeI4,1.1
TeMoSe,0
TeO2,3
TePb3Cl4O3,3.79
TePd,0
TeSe,1.58
TeWCl9,0
Th(Al2Fe)4,0
Th(Al5Fe)2,0
Th(FeGe)2,0
Th(FeSi)2,0
Th(GePd)2,0
Th(MnGe)2,0
Th(SiRu)2,0
Th2CrN3,0
Th2Fe7,0
Th2GeSe2,1.98
Th2In,0
Th2Se5,0.37
Th3B2C3,0
Th6Mg23,0
ThAl,0
ThAl3,0
ThAsSe,0
ThBi2,0
ThCrB4,0
ThFe2SiC,0
ThHg2,0
ThIr5,0
ThMn4(CuO4)3,0
ThPSe,0
ThPd3,0
ThRh2,0
ThRu3C,0
ThS,0
ThSO,2.22
ThSeO,1.65
ThSi,0
ThSi2Ru3,0
ThTeO,1.45
ThU8O18,0
Ti(Bi3O5)4,3.09
Ti10O11,0
Ti11O18,0
Ti13S24,0
Ti1C0.9,0.3
Ti20(Sb3Se)3,0
Ti2AlV,0
Ti2B,0
Ti2BRh6,0
Ti2Be17,0
Ti2C,0
Ti2Cd,0
Ti2CoGe,0
Ti2CoS4,0
Ti2CuS4,0
Ti2MnFe,0
Ti2NiH,0
Ti2NiSe4,0
Ti2OsRu,0
Ti2RePd,0
Ti2ReRh,0
Ti2ReRu,0
Ti2Sb(PO4)3,0
Ti2TcNi,0
Ti2TcPd,0
Ti2ZnS4,0
Ti3Be,0
Ti3Cu3O,0
Ti3Fe3O,0
Ti3PO7,0
Ti3Pt5,0
Ti3SnC2,0
Ti4NiBi2,0
Ti4O5,0
Ti4ZnO8,0
Ti5(B6O13)2,0
Ti5Zn4(TeO6)3,0
Ti5ZnO7,0
Ti6H2O13,3.4
Ti9O10,0
Ti9O8,0
TiAl,0
TiAlAu2,0
TiAsRh,0
TiAuCl,0
TiBi25O39,3.1
TiBr2,0
TiC,0
TiCoGe,0
TiCoSb,0.95
TiCoSn,0
TiCr3(PO4)6,0
TiFe2,0
TiFe2As,0
TiFe2Sb,0
TiFe2Si,0.4
TiFeH2,0
TiGaIr2,0
TiHgO3,0
TiI,0
TiMn2Al,0
TiMn2Ge,0
TiNiSb,0.42
TiO2,3.3
TiOs3,0
TiPO4,0
TiPd,0
TiReN3,0
TiS2,1.95
TiS3,0.9
TiSe,0
TiSe2,1.55
TiTc2Sb,0
TiTe2,1
TiTlPS5,1.3
TiTlS2,1
TiTlSe2,0.56
TiV4CuO12,0
TiZn3,0
Tl(Cu3S2)2,0
Tl(MoSe)3,0
Tl(WO3)3,0
Tl0.001Te1Pb0.999,0.3
Tl0.005Te1Pb0.995,0.48
Tl0.01Te1Pb0.99,0.59
Tl0.04Te1Pb0.96,0.57
Tl0.07Te1Pb0.93,0.54
Tl16O15F17,0
Tl2.35Sb8.65Se14,0.6
Tl2BiP2S7,1.8
Tl2CdTe4,0
Tl2Cu2SnS4,1.4
Tl2GeTe3,0.36
Tl2Hg3S4,2.05
Tl2Hg3Se4,1.57
Tl2Hg3Te4,0.9
Tl2InGaSe4,2.05
Tl2InGaTe4,0.88
Tl2Mo7O22,0
Tl2O3,2.25
Tl2PAuS4,2.2
Tl2S,1
Tl2Se,0.37
Tl2Te3As2Se,0.67
Tl2TeBr6,2.06
Tl2TeI6,1.47
Tl2TeS3,1.6
Tl3AsSe3,1.3
Tl3Cr,0
Tl3Ir,0
Tl3Pb,0
Tl3Si,0
Tl4CdI6,2.8
Tl4CuTeO6,2.2
Tl4In3GaS8,2.63
Tl5Te3,0
Tl6Cu(TeO5)2,2.3
Tl8Os8O27,0
Tl9SbSe6,0
TlAgSe2,0.72
TlAgTe2,0.1
TlAsS2,2.15
TlAsSe2,1.35
TlBiTe2,0.12
TlBiTe3,0.5
TlCdS2,1.5
TlCoBi,0
TlCoMo2,0
TlCr5(Se3S)2,0.75
TlCr5(SeS)4,0.85
TlCr5(SeS3)2,0.94
TlCr5S8,1.01
TlCr5Se3S5,0.89
TlCr5Se5S3,0.8
TlCr5Se7S,0.71
TlCr5Se8,0.67
TlCr5SeS7,0.97
TlCuCl3,2.98
TlCuSe2,1.07
TlFeI3,0
TlGaS2,3.4
TlGaSe2,1.65
TlGaTe2,1.8
TlHg6S4Br5,3.03
TlHg6Se4Br5,2.8
TlInGeS4,2.3
TlInHgS3,1.74
TlInTe2,0.62
TlN,1.4
TlN3,3.58
TlNi,0
TlPS2,1.6
TlPSe2,0.5
TlS,1.36
TlS2,1.8
TlSbSe2,0.82
TlSbTe3,0.38
TlSn,0
TlSnAuSe3,1.2
TlTe,0
TlTeP,0.3
TlZn2Tc,0
Tm(CoSi)2,0
Tm(CuGe)2,0
Tm(CuS)2,0
Tm(CuTe)3,0.14
Tm(FeSi)2,0
Tm(GeRu)2,0
Tm(MnGe)6,0
Tm(NiGe)2,0
Tm(SiOs)2,0
Tm2AlOs,0
Tm2CdHg,0
Tm2CuTc,0
Tm2Ga10Os3,0
Tm2In,0
Tm2IrPd,0
Tm2MgRu,0
Tm2MgTl,0
Tm2O3,4.53
Tm2Ru2O7,0
Tm2ZnAg,0
Tm2ZnGa,0
Tm2ZnHg,0
Tm2ZnOs,0
Tm3(GePd)4,0
Tm3GaC,0
Tm4In(NiGe2)2,0
Tm4Sb2Se11.68,1.22
Tm5(Ge5Rh2)2,0
Tm5Ti5O17,0
TmAl4Ni,0
TmAlCu,0
TmAs,1.18
TmAu,0
TmAu2,0
TmB2C,0
TmBPd3,0
TmBRh3,0
TmCdAg2,0
TmCoSi2,0
TmCu4Ag,0
TmCuSi,0
TmGe,0
TmH2,0
TmIn3,0
TmLuPd2,0
TmMg2Sc,0
TmMgAg2,0
TmMgCd2,0
TmMnGe,0
TmMnO3,0
TmPd,0
TmSb,0
TmScHg2,0
TmSnRh,0
TmSnRu2,0
TmThRu2,0
TmTl,0
TmU2S3O2,0
U(Al2Fe)4,0
U(BH4)4,0
U(CoGe)2,0
U(CrC)4,0
U(CuP)2,0
U(MnSi)2,0
U(SiNi)2,0
U11O5,0
U2(Co7B2)3,0
U2Al3C4,0
U2AlCo2,0
U2AlCo3,0
U2Cl5O2,0
U2Cr30P19,0
U2Cu2As3O,0
U2MnN3,0
U2Re2C3,0
U2SnRh2,0
U2TeN2,0
U2Ti,0
U2Zn17,0
U3Bi4,0
U3Cu2Se7,0
U3Nb,0
U3Ni3Sn4,0
U3Se4,0
U4N7,0
U4Re7Si6,0
U4S3,0
U5Ge3,0
U6Co,0
UAl3,0
UAl4,0
UAlNi4,0
UAu2,0
UCo4Sn,0
UCoSi,0
UCuP2,0
UFe5Si3,0
UFeSi,0
UGa2,0
UGa3Ni,0
UGa5Ir,0
UGaNi,0
UGeRh,0
UHg3(TeCl3)2,2.6
UHg4(AsCl3)2,1.9
UNiSn,0
UO,1.5
UO2,2.18
UP2S7,1.41
UP2S9,1.41
UPt3,0
USbSe,0
USeS,0
USi3,0
UVC2,0
V12P7,0
V2(OF)3,0
V2Bi4O11,2
V2Cd2Te2O11,2.48
V2GaSn2,0
V2NO,0
V2OsRu,0
V2Pb4(Se2O7)3,3.37
V2Sb(PO4)3,0
V2Si2O7,0
V2TcRu,0
V2Zn3TeO10,2.96
V2ZnO4,0
V3(HO2)4,0
V3Ag,0
V3As2O9,0.76
V3Bi(PbO4)3,2.5
V3Cd4(TeO5)3,2.66
V3CrO10,0
V3Cu,0
V3CuO8,0
V3Pb2Se5O18,3.14
V3Pt,0
V3Re,0
V3Si,0
V3SiNi2,0
V4ZnO8,0
V5SiB2,0
V6AgO15,0
V6PbO11,0
V8O,0
VAg(IO4)2,2.24
VAg(PSe3)2,0
VAg2I3O11,2.16
VB2,0
VBi(SeO4)2,2.2
VBi24O41,3.25
VCo,0
VCu3(PO4)4,0
VCu3S4,1
VFeRu2,0
VFeSb,0.46
VGa(TeO4)2,3
VIn(NiO3)2,1.92
VIr,0
VIr3,0
VNi2,0
VNi5(PO4)6,0
VO,0.3
VP,0
VP4,0
VPO4,0
VPt2,0
VSb,0
VTc,0
VTe2,0
VTeHO5,2.51
VZn2BiO6,2.4
VZnRu2,0
W2C,0
W2N,0
W3O7F,0
WCl3,0
Y(Al2Cu)4,0
Y(Al5Fe)2,0
Y(AlSi)2,0
Y(CrSi)2,0
Y(CuSe)3,0.88
Y(CuSi)2,0
Y(CuTe)3,0.72
Y(FeSi)2,0
Y(NiP)2,0
Y(Re2Si)2,0
Y(SiPt)2,0
Y(SiRh)2,0
Y(SiRu)2,0
Y(TiGa2)2,0
Y2AlZn,0
Y2C3,0
Y2CuO4,0
Y2Fe2Si2C,0
Y2Ge2O7,0
Y2Ge5Ir3,0
Y2Mo2O7,0
Y2O3,5.6
Y2ReB6,0
Y2Ru2O7,0
Y2S3,2.9
Y2U3O11,0
Y3(Fe31B7)2,0
Y3Al3NiGe2,0
Y3Fe29,0
Y3GaCo3,0
Y3GaS6,2.88
Y3Ge4,0
Y3Si3Pd2,0
Y3Tm,0
Y4AsSe3,0
Y4C7,0
Y4CuTe8,0
Y4GaSbS9,2.06
Y4US5O3,1.95
Y6Zn(SiS7)2,2.38
YAgO3,0
YAlGe,0
YAlPd,0
YAs,0
YB2C,0
YB2Rh2C,0
YB66,0.8
YBi,0
YCd4B3O10,3.78
YCdHg2,0
YCdPd2,0
YCdPt2,0
YCo2,0
YCoO3,0
YCu3(WO3)4,0
YCuO2,3.5
YErRh2,0
YH2,0
YH2NO5,4.83
YHg2,0
YIn2Ni,0
YMg4Cu,0
YMgAl,0
YMgCu4,0
YMgGa,0
YMoClO4,3.82
YMoO4F,3.78
YN,1.9
YNi4B,0
YSbPd,0.27
YSbPt,0.16
YScO2,0
YSi2,0
YSiNi,0
YSiRu,0
YSn3,0
YTi4(CuO4)3,0
YTiO3,0
YTmCu2,0
YV(BiO4)2,2.09
YVSeO10,2.7
YVTeO10,2.2
YWO3,0
YZn5,0
YZnBiO4,1.58
Yb(Al2Mo)2,0
Yb(AlGa)2,0
Yb(AlGe)2,0
Yb(AlSi)2,0
Yb(CuS)3,1.56
Yb(CuSe)3,0.2
Yb(Fe2Ge)2,0
Yb(Ga4Co)2,0
Yb(GaS2)2,2.3
Yb(GaSe2)2,1.8
Yb(HO)3,0
Yb(IO3)3,0
Yb(InS2)3,1.31
Yb(MnAs)2,0
Yb(SbS2)2,1.12
Yb(SbTe2)2,0.34
Yb(SiAg)2,0
Yb(SiRh)2,0
Yb11(Ni10C)6,0
Yb14Ti10O41,0
Yb16S29,0
Yb2(ZnGe)3,0
Yb23Mg4Cu7,0
Yb2Ce8O19,0
Yb2EuS4,1.6
Yb2EuSe4,1.3
Yb2Ge2Ir,0
Yb2HgPb,0
Yb2InPd2,0
Yb2MgS4,0
Yb2MgSe4,0
Yb2O3,5.22
Yb2SmS4,0
Yb2Sn,0
Yb2ZnPb,0
Yb3Al5O12,0
Yb3Sn13Rh4,0
Yb3Tc,0
Yb3Ti3O14,0
Yb3V,0
Yb4Sb2S11.25,1.71
Yb4Sb3,0
Yb5Au4,0
Yb6U3O17,0
Yb8Ge3Sb5,0
YbAg2,0
YbAgGe,0
YbAgO2,0
YbAl3,0
YbAs,1.02
YbB2Rh3,0
YbB66,1.27
YbBO3,0
YbCdHg2,0
YbCe2CuS5,1.37
YbCe2CuSe5,1.05
YbCuGe,0
YbCuSi,0
YbDyPd2,0
YbGa2Pd,0
YbGeRh,0
YbH2ClO2,0
YbIn4Ni,0
YbIn4Rh,0
YbIr2,0
YbMgPd,0
YbMn2O5,0
YbNd2CuS5,1.35
YbNd3,0
YbNdAg2,0
YbPO4,0
YbPmPt2,0
YbPr11Se16,0
YbPr2CuS5,1.25
YbRh2,0
YbSb,1
YbSb4Te7,0.22
YbSe,1.5
YbSi2Ni,0
YbSm2CuS5,1.28
YbSmRh2,0
YbSn2Pd,0
YbSnRh,0
YbSnTe2,0.75
YbTe,1.8
YbTlS2,0
YbTlSe2,0
YbWClO4,4.23
YbZnAu2,0
YbZnPt,0
Zn(Bi19O29)2,2.88
Zn(CoO2)2,0
Zn(CuO2)2,0
Zn(FeN)2,0
Zn(GaSe2)2,1.72
Zn0.01Ga0.99As0.99Se0.01,1.39
Zn0.01Ga0.99P0.99S0.01,2.25
Zn0.01Ga0.99P0.99Se0.01,2.24
Zn0.01Ga0.99Sb0.99Te0.01,0.72
Zn0.05Ga0.95Sb0.95Te0.05,0.85
Zn0.15Ga0.85As0.85Se0.15,1.47
Zn0.1Ga0.9Sb0.9Te0.1,1
Zn0.25Ga0.75As0.75Se0.25,1.51
Zn0.25Ga0.75P0.75Se0.25,2.18
Zn0.2Ga0.8Sb0.8Te0.2,1.15
Zn0.2Hg0.8Te1,0.07
Zn0.3Ga0.7P0.7S0.3,2.3
Zn0.42Ga0.58As0.58Se0.42,1.67
Zn0.4Hg0.6Se1,0.42
Zn0.55Hg0.45Se1,0.8
Zn0.5Ga0.5As0.5Se0.5,1.52
Zn0.5Ga0.5P0.5Se0.5,2.13
Zn0.65Hg0.35Se1,1
Zn0.6Ga0.4As0.4Se0.6,1.8
Zn0.75Cd0.25Se1,3.2
Zn0.75Hg0.25Se1,1.4
Zn0.7Ga0.3As0.3Se0.7,1.93
Zn0.7Ga0.3P0.3Se0.7,2.15
Zn0.85Ga0.15As0.15Se0.85,2.25
Zn0.85Hg0.15Se1,1.8
Zn0.86Hg0.14Te1,1.66
Zn0.8Hg0.2Se1,1.4
Zn0.8Hg0.2Te1,1.4
Zn0.92Hg0.08Te1,1.9
Zn0.94Hg0.06Te1,2.03
Zn0.95Ga0.05P0.05Se0.95,2.4
Zn0.99Ga0.01As0.01Se0.99,2.59
Zn0.99Ga0.01P0.01S0.99,3.7
Zn0.99Ga0.01P0.01Se0.99,2.6
Zn0.99Ga0.01Sb0.01Te0.99,2.1
Zn0.99Hg0.01Se1,2.6
Zn0.9Ga0.1As0.1Se0.9,2.34
Zn0.9Ga0.1P0.1S0.9,2.8
Zn0.9Ga0.1P0.1Se0.9,2.3
Zn0.9Hg0.1Se1,1.75
Zn0.9Hg0.1Te1,1.74
Zn2BIr2,0
Zn2InCuSe4,1.1
Zn2InCuTe4,1.05
Zn2MoSeO7,4.2
Zn2Ni9O13,0
Zn2Sb3O8,0
Zn2SnN2,0
Zn2TeMoO7,4.1
Zn2WN2,0
Zn3(BO3)2,2.6
Zn3(PS4)2,3.07
Zn3.5Ga1Sn0.5O6,2.99
Zn3Cd,0
Zn3Cu,0
Zn3Cu10(TeO6)6,0
Zn3N2,0
Zn3P2,1.15
Zn4.5Ga1Sn0.5O7,3
Zn5.5Ga1Sn0.5O8,2.99
Zn6S5Cl2,2.71
Zn8Ag5,0
ZnAgF5,0
ZnAs,0.9
ZnB12(H5O12)2,4.6
ZnCrO2,0
ZnCu2GeS4,2.1
ZnCu2GeSe4,1.63
ZnCu2SiSe4,2.33
ZnCu2SiTe4,1.47
ZnCu2SnSe4,1.44
ZnCu2SnTe4,1.39
ZnCu3P3O13,0
ZnGaRh2,0
ZnHg3(SCl2)2,2.65
ZnHg3(SeCl2)2,2.23
ZnI2,4.53
ZnIrO3,0
ZnSb,1.05
ZnSb2MoO7,3.3
ZnSb3,0
ZnSi(AgS2)2,3.28
ZnSiAs2,2.12
ZnSiP2,2.07
ZnSn3,0
ZnSnO3,3.9
ZnTc,2.37
ZnWO2,0
Zr(Fe2Si)2,0
Zr(Ni2P)2,0
Zr0.67Ta1.33N3.03O0.12,1.71
Zr1.33Ta0.67N1.63O1.89,2.48
Zr1.33Ta0.67N1.97O1.38,2.31
Zr1.33Ta0.67N2.61O0.42,1.93
Zr1.86Cu1S4,1.26
Zr2(Co7B2)3,0
Zr2Al,0
Zr2Co12P7,0
Zr2CuS4,0
Zr2HBr2,0
Zr2In5Ni,0
Zr2Ni12P7,0
Zr2Se,0
Zr2Te,0
Zr3(Al2C3)2,0
Zr3(Cu2Si3)2,0
Zr3Ag,0
Zr3Al2,0
Zr3Hg,0
Zr3Ir,0
Zr3NiO,0
Zr3O,0.2
Zr4AlNi2,0
Zr4Co4Ge7,0
Zr5Al3,0
Zr5Al3C,0
Zr5Sb3,0
Zr5SiSb3,0
Zr5Sn3,0
Zr5Sn4,0
Zr6Al2CoH10,0
Zr6Al2Ni,0
Zr6NiCl15,0
Zr6O,0.18
Zr6Sb2Pt,0
Zr7P4,0
Zr7Sb4,0
ZrAl5Ni2,0
ZrAlPt,0
ZrAlRu2,0
ZrAlW,0
ZrAu4,0
ZrB2,0
ZrC,0.6
ZrCd,0
ZrCrSi2,0
ZrGaPt,0
ZrGe2,0
ZrGeRu,0
ZrHCl,0
ZrHg4(AsCl3)2,2.48
ZrHg4(PCl3)2,3.22
ZrInCu2,0
ZrInPd2,0
ZrInRh2,0
ZrIr2,0
ZrMo3,0
ZrNiGe,0
ZrNiSb,0.55
ZrNiSn,0
ZrO2,4.99
ZrPd2,0
ZrPd3,0
ZrRe2,0
ZrRh,0
ZrRu3C,0
ZrS2,2.75
ZrSb,0
ZrSbRu,0
ZrSe,0
ZrSe2,2
ZrSi2,0
ZrSiTe,0
ZrTaN3,1.72
ZrTe,0
ZrTi2O,0
ZrTiF6,0
ZrW2,0
