composition,glass formation ability
Al,FALSE
Al(NiB)2,TRUE
Al10Co21B19,TRUE
Al10Co23B17,TRUE
Al10Co27B13,TRUE
Al10Co29B11,FALSE
Al10Co31B9,FALSE
Al10Co33B7,FALSE
Al10Cr3Si7,TRUE
Al10Fe23B17,TRUE
Al10Fe27B13,TRUE
Al10Fe31B9,TRUE
Al10Fe33B7,TRUE
Al10Ni23B17,TRUE
Al10Ni27B13,TRUE
Al10Ni29B11,TRUE
Al10Ni31B9,TRUE
Al10Ni33B7,FALSE
Al10V3Ge7,FALSE
Al11(CrSi2)3,TRUE
Al11(VGe2)3,TRUE
Al11Cr2Si7,TRUE
Al11Cr4Si5,FALSE
Al11Cr5Si4,FALSE
Al11V2Cu7,TRUE
Al11V2Ge7,TRUE
Al11V4Ge5,FALSE
Al12Co21B17,TRUE
Al12Co25B13,TRUE
Al12Co27B11,FALSE
Al12Cr3Si5,TRUE
Al12Cr5Si3,FALSE
Al12CrSi7,FALSE
Al12Ni25B13,TRUE
Al12Ni27B11,FALSE
Al12Ni29B9,FALSE
Al12Ni31B7,FALSE
Al12V3Cu5,FALSE
Al12V3Ge5,TRUE
Al12VCu7,FALSE
Al12VGe7,FALSE
Al13Cr2Si5,TRUE
Al13Cr3Si4,FALSE
Al13Cr4Ge3,FALSE
Al13Cr4Si3,FALSE
Al13Cr5Si2,FALSE
Al13Fe3Ni4,FALSE
Al13Fe4Cu3,TRUE
Al13Ni6Mo,TRUE
Al13Si4Ni3,TRUE
Al13V2Cu5,TRUE
Al13V2Ge5,TRUE
Al13V3Cu4,TRUE
Al13V3Ge4,FALSE
Al13V4Cu3,FALSE
Al13VCu6,TRUE
Al13VGe6,FALSE
Al14(CrSi)3,FALSE
Al14(FeNi)3,TRUE
Al14(Ni7B5)3,FALSE
Al14(SiNi)3,TRUE
Al14Cr5Si,FALSE
Al14CrSi5,FALSE
Al14Ni25B11,FALSE
Al14Ni5Mo,TRUE
Al14VCu5,FALSE
Al14VGe5,FALSE
Al15Co2Si3,TRUE
Al15Cr2Si3,FALSE
Al15Cr3Si2,FALSE
Al15Cr4Si,FALSE
Al15CrSi4,FALSE
Al15Ni3Mo2,TRUE
Al15Ni4Mo,TRUE
Al15V2Cu3,TRUE
Al15V2Ge3,FALSE
Al15V3Cu2,FALSE
Al15VCu4,TRUE
Al16CrSi3,FALSE
Al16Ni3Mo,TRUE
Al16V3Cu,FALSE
Al16VCu3,TRUE
Al17Co2Ni,FALSE
Al17CoNi2,FALSE
Al17Cr2Si,FALSE
Al17Cr3,FALSE
Al17CrSi2,FALSE
Al17FeNi2,FALSE
Al17Ni2Mo,TRUE
Al17V2Cu,TRUE
Al18CoNi,FALSE
Al18CrSi,FALSE
Al18FeCu,TRUE
Al18FeNi,FALSE
Al19Cr5Ge26,TRUE
Al2(Co11B5)3,TRUE
Al2(Co13B3)3,TRUE
Al2(Fe13B3)3,TRUE
Al2(Ni11B5)3,TRUE
Al2(Ni13B3)3,TRUE
Al2(Ni9B7)3,TRUE
Al21(CoNi)2,FALSE
Al21(FeNi)2,TRUE
Al21Co5Ge24,TRUE
Al21Cr4,FALSE
Al21Fe5Ge24,TRUE
Al21FeCo3,FALSE
Al21FeNi3,FALSE
Al22Co2Ni,FALSE
Al22Co3,FALSE
Al22CoNi2,TRUE
Al22Cr3,FALSE
Al22Fe2Co,FALSE
Al22Fe2Ni,FALSE
Al22Fe3,FALSE
Al22FeCo2,FALSE
Al22FeNi2,FALSE
Al22Ni3,FALSE
Al23Co2,FALSE
Al23CoNi,FALSE
Al23Cr2,FALSE
Al23Fe2,FALSE
Al23FeCo,FALSE
Al23FeNi,FALSE
Al23Ni2,FALSE
Al24Co,FALSE
Al24Cr,FALSE
Al24Fe,FALSE
Al24Ni,FALSE
Al26Cr5Si19,TRUE
Al26V5Ge19,TRUE
Al27Mo23,TRUE
Al29Cr10Si11,FALSE
Al2Co31B17,TRUE
Al2Co35B13,TRUE
Al2Co37B11,TRUE
Al2Co41B7,FALSE
Al2Co43B5,FALSE
Al2Co5B3,TRUE
Al2Co7B,FALSE
Al2Cu3,FALSE
Al2Fe37B11,TRUE
Al2Fe41B7,TRUE
Al2Fe43B5,FALSE
Al2Fe5B3,TRUE
Al2Ni29B19,TRUE
Al2Ni31B17,TRUE
Al2Ni35B13,TRUE
Al2Ni37B11,TRUE
Al2Ni5B3,TRUE
Al2VGe,FALSE
Al30Cr9Si11,FALSE
Al32Ni5Ge13,TRUE
Al33Mo17,TRUE
Al33Si12Ni5,TRUE
Al34(Si7Mo15)3,TRUE
Al34Cr5Si11,TRUE
Al34V5Ge11,TRUE
Al35Fe7Cu8,FALSE
Al35Fe7Ni8,TRUE
Al35Fe8Ni7,TRUE
Al36(FeNi)7,TRUE
Al39Co5Ge6,TRUE
Al39Fe5Ge6,TRUE
Al3CrSi,FALSE
Al3Cu,FALSE
Al3Cu2,FALSE
Al3Fe80P17,TRUE
Al3VGe,FALSE
Al41Fe2Ni7,FALSE
Al42Fe3Ni5,FALSE
Al42Fe7Si,FALSE
Al42FeCo7,FALSE
Al42FeNi7,FALSE
Al43Co7,FALSE
Al43CoNi6,FALSE
Al43Cr7,FALSE
Al43Fe2Co5,FALSE
Al43Fe2Ni5,FALSE
Al43Fe3Co4,FALSE
Al43Fe3Ni4,FALSE
Al43Fe4Co3,FALSE
Al43Fe4Ni3,FALSE
Al43Fe5Co2,FALSE
Al43Fe5Ni2,FALSE
Al43Fe6Ni,FALSE
Al43Fe6Si,FALSE
Al43FeCo6,TRUE
Al43FeNi6,TRUE
Al43Ni7,FALSE
Al44(CoNi)3,FALSE
Al44(FeCo)3,FALSE
Al44(FeNi)3,FALSE
Al44Co5Ni,FALSE
Al44CoNi5,FALSE
Al44Cr5Si,FALSE
Al44Fe5Co,FALSE
Al44Fe5Ni,FALSE
Al44Fe5Si,FALSE
Al44FeCo5,FALSE
Al44FeNi5,FALSE
Al45Co2Ni3,FALSE
Al45Co3Ni2,FALSE
Al45Co4Ni,FALSE
Al45CoNi4,FALSE
Al45Fe2Co3,FALSE
Al45Fe2Ni3,FALSE
Al45Fe3Co2,FALSE
Al45Fe3Ni2,FALSE
Al45Fe4Co,FALSE
Al45Fe4Ni,FALSE
Al45Fe4Si,FALSE
Al45FeCo4,FALSE
Al45FeNi4,FALSE
Al46Co3Ni,FALSE
Al46CoNi3,FALSE
Al46Fe3Co,FALSE
Al46Fe3Ni,FALSE
Al46FeCo3,FALSE
Al46FeNi3,FALSE
Al47Co2Ni,FALSE
Al47Co3,FALSE
Al47CoNi2,FALSE
Al47Cr3,FALSE
Al47Fe2Co,FALSE
Al47Fe2Ni,FALSE
Al47Fe3,FALSE
Al47FeCo2,FALSE
Al47FeNi2,FALSE
Al47Ni3,FALSE
Al48CoNi,FALSE
Al48FeCo,FALSE
Al48FeNi,FALSE
Al49Co,FALSE
Al49Co10Si41,TRUE
Al49Fe,FALSE
Al49Ni,FALSE
Al4Co29B17,TRUE
Al4Co31B15,TRUE
Al4Co33B13,TRUE
Al4Co35B11,TRUE
Al4Co37B9,TRUE
Al4Co39B7,FALSE
Al4Co41B5,FALSE
Al4Cr,FALSE
Al4Cu,FALSE
Al4Fe35B11,TRUE
Al4Fe37B9,TRUE
Al4Fe39B7,TRUE
Al4Fe41B5,FALSE
Al4Ni,FALSE
Al4Ni25B21,TRUE
Al4Ni27B19,TRUE
Al4Ni29B17,TRUE
Al4Ni31B15,TRUE
Al4Ni33B13,TRUE
Al4Ni35B11,TRUE
Al4Ni37B9,TRUE
Al52Co23Si25,TRUE
Al52Fe23Ge25,TRUE
Al52Fe23Si25,TRUE
Al52Si25Ni23,TRUE
Al53Si16Mo31,TRUE
Al57Co18Ge25,TRUE
Al57Cr23Si20,FALSE
Al57Cr28Si15,FALSE
Al57Fe27Ni16,FALSE
Al57V18Ge25,TRUE
Al58Cr17Si25,TRUE
Al59Cr19Si22,FALSE
Al59Ni10Ge31,TRUE
Al5Fe2Cu3,FALSE
Al5V2Ge3,FALSE
Al5VCu4,FALSE
Al5VGe4,FALSE
Al6(Co3B)11,TRUE
Al6(Fe3B)11,TRUE
Al6(Ni3B)11,TRUE
Al61(Cr7Si6)3,FALSE
Al61Cr10Ge29,TRUE
Al62(CrSi)19,FALSE
Al62.5Fe12.5Cu25,FALSE
Al62Fe17Cu21,FALSE
Al62Ni13Ge25,TRUE
Al63Cr15Si22,FALSE
Al63Cr19Si18,FALSE
Al63Fe12Si25,TRUE
Al63Si6Mo31,TRUE
Al64Fe13Cu23,FALSE
Al65(Fe3Ni2)7,FALSE
Al65Si17.5Ni17.5,TRUE
Al65Si19Ni16,TRUE
Al66.5Si18.5Ni15,TRUE
Al67(Fe7Ni4)3,FALSE
Al67.5Si17.5Ni15,TRUE
Al67V13Cu20,TRUE
Al68Cr15Si17,FALSE
Al69Co6Ge25,TRUE
Al69Fe13Cu18,FALSE
Al69Fe6Ge25,TRUE
Al69Ni6Ge25,TRUE
Al69V6Ge25,TRUE
Al6Co25B19,TRUE
Al6Co27B17,TRUE
Al6Co29B15,TRUE
Al6Co31B13,TRUE
Al6Co35B9,TRUE
Al6Co37B7,FALSE
Al6Co39B5,FALSE
Al6Co41B3,FALSE
Al6Co9B10,TRUE
Al6Cr3Si,FALSE
Al6CrGe3,TRUE
Al6CrSi3,TRUE
Al6Fe37B7,TRUE
Al6Fe39B5,FALSE
Al6Fe41B3,FALSE
Al6Ni27B17,TRUE
Al6Ni29B15,TRUE
Al6Ni31B13,TRUE
Al6Ni35B9,TRUE
Al6Ni37B7,FALSE
Al6NiGe3,TRUE
Al6VCu3,TRUE
Al6VGe3,TRUE
Al70Si17Ni13,TRUE
Al71Co4Si25,TRUE
Al71Cr4Si25,TRUE
Al71Fe15Cu14,TRUE
Al71Si25Ni4,TRUE
Al72Fe13Ni15,FALSE
Al73Fe13Cu14,FALSE
Al75Fe14Ni11,TRUE
Al77V3Cu20,FALSE
Al78Fe7Cu15,FALSE
Al79(FeNi2)7,TRUE
Al79Si11Ni10,TRUE
Al7Cr2Si,FALSE
Al7CrSi2,FALSE
Al7Cu3,FALSE
Al7Fe2Ni,TRUE
Al7Ni18,FALSE
Al7Ni2Mo,TRUE
Al7Ni3,FALSE
Al7VCu2,TRUE
Al7VGe2,FALSE
Al8(Co11B3)3,TRUE
Al8(Co5B)7,TRUE
Al8(Co9B5)3,TRUE
Al8(Fe11B3)3,TRUE
Al8(Fe5B)7,TRUE
Al8(Ni11B3)3,TRUE
Al8(Ni5B)7,FALSE
Al8(Ni9B5)3,TRUE
Al81Cr19,FALSE
Al82(Fe5Ni)3,TRUE
Al83Cr17,FALSE
Al83Fe3Ni14,FALSE
Al84Fe3Ni13,FALSE
Al85(FeNi4)3,FALSE
Al85(Ni4Mo)3,TRUE
Al85CoNi14,FALSE
Al85Fe2Ni13,FALSE
Al85Fe8Si7,FALSE
Al85FeNi14,FALSE
Al86(FeNi)7,FALSE
Al86.7Fe1Ni12.3,TRUE
Al86Co3Ni11,FALSE
Al86Co5Ni9,FALSE
Al86CoNi13,FALSE
Al86Fe3Ni11,TRUE
Al86Fe5Ni9,FALSE
Al86FeNi13,FALSE
Al87.5Fe0.5Ni12,TRUE
Al87.5Fe2Ni10.5,TRUE
Al87.5Fe3.5Ni9,TRUE
Al87Co2Ni11,TRUE
Al87Co3Ni10,FALSE
Al87Co4Ni9,FALSE
Al87Co5Ni8,FALSE
Al87CoNi12,TRUE
Al87Fe2Co11,TRUE
Al87Fe2Ni11,TRUE
Al87Fe3Ni10,TRUE
Al87Fe4Co9,FALSE
Al87Fe4Ni9,FALSE
Al87Fe5Ni8,FALSE
Al87Fe6Ni7,FALSE
Al87FeNi12,TRUE
Al87V5Cu8,FALSE
Al87V8Cu5,FALSE
Al88(Co3Ni)3,FALSE
Al88(CoNi3)3,FALSE
Al88(FeNi3)3,TRUE
Al88.5Fe3Ni8.5,TRUE
Al88Co11Ni,FALSE
Al88Co5Ni7,TRUE
Al88Co7Ni5,FALSE
Al88CoNi11,FALSE
Al88Fe5Ni7,FALSE
Al88FeNi11,TRUE
Al89Co2Ni9,FALSE
Al89Co3Ni8,FALSE
Al89Co4Ni7,FALSE
Al89Co5Ni6,FALSE
Al89Co6Ni5,FALSE
Al89CoNi10,FALSE
Al89Fe2Ni9,FALSE
Al89Fe3Ni8,FALSE
Al89Fe4Ni7,FALSE
Al89Fe5Ni6,FALSE
Al89Fe6Ni5,FALSE
Al89Fe7Ni4,FALSE
Al89Fe9Ni2,FALSE
Al89FeNi10,FALSE
Al8Co25B17,TRUE
Al8Co29B13,TRUE
Al8Co31B11,TRUE
Al8Co37B5,FALSE
Al8CrSi,FALSE
Al8Fe29B13,TRUE
Al8Fe31B11,TRUE
Al8Fe37B5,FALSE
Al8Ni23B19,TRUE
Al8Ni25B17,TRUE
Al8Ni29B13,TRUE
Al8Ni31B11,TRUE
Al8VCu,TRUE
Al90FeNi9,FALSE
Al91(Fe2Ni)3,FALSE
Al91(FeNi2)3,FALSE
Al91Co2Ni7,FALSE
Al91CoNi8,FALSE
Al91Fe2Ni7,FALSE
Al91FeNi8,FALSE
Al92Fe5Ni3,FALSE
Al9Co,FALSE
Al9Cr,FALSE
Al9Cr3Si8,FALSE
Al9Cr4Si7,FALSE
Al9Fe,FALSE
Al9Ni,FALSE
Al9V3Ge8,FALSE
AlCu,FALSE
AlFe17Si2,TRUE
B12Mo23Ru15,TRUE
B15(Mo3Ru2)17,TRUE
B3Mo17,FALSE
B3Mo7,FALSE
B5(Mo3Rh7)2,TRUE
B8Mo55.5Ru36.5,TRUE
BMo3,FALSE
BMo4,FALSE
BMo8P,TRUE
BMo9,FALSE
Ba10La53.5Cu36.5,TRUE
Ba10La56.5Cu33.5,TRUE
Ba2(La9Cu7)3,TRUE
Ba2La11Cu7,TRUE
Ba2La13Cu10,TRUE
Ba2La59Cu39,TRUE
Ba2La71Cu27,TRUE
Ba3La56Cu41,TRUE
Ba3La57Cu40,TRUE
Ba4(La23Cu9)3,TRUE
Ba4.5La68Cu27.5,TRUE
Ba4La31Cu15,TRUE
Ba5La29Cu16,TRUE
Ba5La53Cu42,TRUE
Ba67La28Cu5,TRUE
Ba7.5La63.5Cu29,TRUE
Ba7La51.5Cu41.5,TRUE
Ba7La65Cu28,TRUE
Ba9(La4Cu3)13,TRUE
Ba9.5La52.5Cu38,TRUE
Ba9La60Cu31,TRUE
BaLa61Cu38,TRUE
Be2Fe7B,TRUE
Ca(La5Cu2)7,TRUE
Ca1.25Al88.75Ni10,FALSE
Ca1.5La71Cu27.5,TRUE
Ca10Al87.5Fe2.5,FALSE
Ca10Al87.5Ni2.5,FALSE
Ca11Al89,TRUE
Ca11Mg89,FALSE
Ca12Mg7Ga,TRUE
Ca14(MgAl)3,TRUE
Ca15Mg3Cu2,TRUE
Ca1La61.5Cu37.5,TRUE
Ca1La71.5Cu27.5,TRUE
Ca2.5Al87.5Ni10,FALSE
Ca2.5Al92.5Fe5,FALSE
Ca2.5Al92.5Ni5,FALSE
Ca2Al17Co,TRUE
Ca2Al17Cu,TRUE
Ca2Al17Fe,TRUE
Ca2Al17Ni,TRUE
Ca2Al17Zn,TRUE
Ca2La60.5Cu37.5,TRUE
Ca2Mg17Zn,TRUE
Ca2MgAl17,TRUE
Ca3Al2,TRUE
Ca3AlGa,TRUE
Ca3La59.5Cu37.5,TRUE
Ca3La68.5Cu28.5,TRUE
Ca3Mg2,TRUE
Ca3MgGa,TRUE
Ca4La58.5Cu37.5,TRUE
Ca4La67Cu29,TRUE
Ca5(Mg3Cu2)3,TRUE
Ca5La57.5Cu37.5,TRUE
Ca5Mg3Cu2,TRUE
Ca6.5La56.5Cu37,TRUE
Ca6Al3Ga,TRUE
Ca6AlGa3,TRUE
Ca6La63Cu31,TRUE
Ca6Mg3Ga,TRUE
Ca6MgGa3,TRUE
Ca7.5Al87.5Fe5,TRUE
Ca7.5Al87.5Ni5,TRUE
Ca7.5Al90Fe2.5,TRUE
Ca7.5Al90Ni2.5,TRUE
Ca7.5Al92.5,FALSE
Ca7.5La56.5Cu36,TRUE
Ca7.5Mg82.5Cu10,TRUE
Ca7.5Mg82.5Zn10,FALSE
Ca7.5Mg87.5Cu5,TRUE
Ca7.5Mg87.5Zn5,FALSE
Ca7.5Mg92.5,FALSE
Ca70Mg7.5Al22.5,TRUE
Ca7Al3,TRUE
Ca7Cu3,TRUE
Ca7La61Cu32,TRUE
Ca7Mg2Cu,TRUE
Ca7Mg3,TRUE
Ca7MgCu2,TRUE
Ca8.5La56.5Cu35,TRUE
Ca8.5La58.5Cu33,TRUE
Ca8La59.5Cu32.5,TRUE
Ca9Al91,TRUE
Ca9La57.5Cu33.5,TRUE
CaAl17Ni2,FALSE
CaAl18Fe,FALSE
CaAl18Ni,FALSE
CaAl8Ni,FALSE
CaAl9,TRUE
CaLa13Cu6,TRUE
CaMg17Cu2,FALSE
CaMg17Zn2,FALSE
CaMg18Cu,FALSE
CaMg18Zn,FALSE
CaMg7Al2,TRUE
CaMg8Zn,TRUE
CaMg9,FALSE
Ce(Al2Ni)3,TRUE
Ce(Al6Fe)7,FALSE
Ce(Cu2Ag)3,TRUE
Ce(Cu7Ag5)2,TRUE
Ce(CuAg2)3,FALSE
Ce(Mg2Ni)3,TRUE
Ce(MgNi)2,FALSE
Ce10(Al29Cr)3,TRUE
Ce10Al61Ni29,TRUE
Ce10Al77Co13,FALSE
Ce10Al83Cr7,FALSE
Ce10Al89Ni,TRUE
Ce10Mn7Al83,FALSE
Ce10Nb13Al77,FALSE
Ce11Al5Ni4,TRUE
Ce11Al89,TRUE
Ce13Al85V2,FALSE
Ce13Al87,TRUE
Ce17Al71Fe12,FALSE
Ce18Al67Fe15,FALSE
Ce18Al77Fe5,FALSE
Ce2(Al5Co)3,FALSE
Ce2(Al5Cu)3,TRUE
Ce2(Al5Fe)3,FALSE
Ce2(Al5Ni)3,TRUE
Ce2(AlCu15)3,FALSE
Ce2(Mg5Cu)3,TRUE
Ce2(Mg5Ni)3,TRUE
Ce23Al60Fe17,FALSE
Ce23Al64Fe13,FALSE
Ce25.5Al62.5Fe12,FALSE
Ce25Al62.5Fe12.5,FALSE
Ce2Al17Co,TRUE
Ce2Al17Cr,TRUE
Ce2Al17Cu,TRUE
Ce2Al17Fe,TRUE
Ce2Al17Ni,TRUE
Ce2Al17V,FALSE
Ce2Al22V,FALSE
Ce2Al23,TRUE
Ce2Al2Cu21,TRUE
Ce2Al3Cu20,TRUE
Ce2Al43Ni5,TRUE
Ce2Al47Co,FALSE
Ce2Al47Fe,FALSE
Ce2Al5Cu43,FALSE
Ce2Al7Fe,FALSE
Ce2Al7Ni,FALSE
Ce2Al83Cu15,FALSE
Ce2Al93Cr5,FALSE
Ce2Al95Co3,FALSE
Ce2AlCu22,FALSE
Ce2Cu13Ag10,TRUE
Ce2Cu23Ag25,TRUE
Ce2Cu53Ag45,FALSE
Ce2Mg13Cu5,TRUE
Ce2Mg17Cu,FALSE
Ce2Mg17Ni,TRUE
Ce2Mg5Ni3,TRUE
Ce2Mg7Cu,FALSE
Ce2Mg7Ni,FALSE
Ce2Mn5Al93,FALSE
Ce2MnAl17,TRUE
Ce2NbAl17,TRUE
Ce3Al13Fe4,FALSE
Ce3Al13Ni4,TRUE
Ce3Al14Cu3,FALSE
Ce3Al14Fe3,FALSE
Ce3Al14Ni3,TRUE
Ce3Al15Co2,FALSE
Ce3Al15Cu2,FALSE
Ce3Al15Fe2,FALSE
Ce3Al16Co,FALSE
Ce3Al16Cr,FALSE
Ce3Al16Cu,FALSE
Ce3Al16Fe,FALSE
Ce3Al16Ni,FALSE
Ce3Al22,TRUE
Ce3Al3Cu44,FALSE
Ce3Al42Ni5,TRUE
Ce3Al43Ni4,TRUE
Ce3Al47,FALSE
Ce3Al4Cu43,FALSE
Ce3Al5Cu42,FALSE
Ce3Al6Cu41,FALSE
Ce3Al7Cu40,FALSE
Ce3Al90Co7,TRUE
Ce3Al90Fe7,TRUE
Ce3AlCu46,FALSE
Ce3Cu32Ag15,TRUE
Ce3Cu37Ag10,TRUE
Ce3Cu37Ag60,FALSE
Ce3Cu42Ag5,TRUE
Ce3Cu47Ag50,TRUE
Ce3Cu52Ag45,TRUE
Ce3Cu57Ag40,TRUE
Ce3Cu62Ag35,FALSE
Ce3Cu67Ag30,FALSE
Ce3Cu77Ag20,FALSE
Ce3Cu87Ag10,FALSE
Ce3Mg12Cu5,FALSE
Ce3Mg13Cu4,TRUE
Ce3Mg14Cu3,TRUE
Ce3Mg15Cu2,FALSE
Ce3Mg15Ni2,TRUE
Ce3Mg16Cu,FALSE
Ce3Mg4Ni3,FALSE
Ce3Mg85Zn12,TRUE
Ce3Nb2Al15,FALSE
Ce3NbAl16,FALSE
Ce3NbAl46,TRUE
Ce4(Cu17Ag15)3,TRUE
Ce4(Cu27Ag5)3,FALSE
Ce4Al13Fe3,FALSE
Ce4Al15Fe,FALSE
Ce4Al3Cu43,FALSE
Ce4Al41Ni5,TRUE
Ce4Al5Cu41,TRUE
Ce4Al7Cu39,FALSE
Ce4AlCu45,FALSE
Ce4Cu43Ag3,FALSE
Ce4Cu61Ag35,TRUE
Ce4Mg11Cu5,FALSE
Ce4Mg13Cu3,FALSE
Ce4Mg15Cu,FALSE
Ce4NbAl45,TRUE
Ce5(Al2Cu13)3,FALSE
Ce5(Al4Fe)3,FALSE
Ce5(AlCu14)3,TRUE
Ce5(Mg4Ni)9,TRUE
Ce5Al13Fe2,FALSE
Ce5Al2Cu43,FALSE
Ce5Al44Co,TRUE
Ce5Al44Cu,TRUE
Ce5Al44Fe,TRUE
Ce5Al44V,TRUE
Ce5Al4Cu41,TRUE
Ce5Al7Cu38,FALSE
Ce5Al83Co12,TRUE
Ce5Al87Ni8,TRUE
Ce5Al88Cu7,FALSE
Ce5Al91Ni4,TRUE
Ce5AlCu44,FALSE
Ce5Mn2Al43,TRUE
Ce5MnAl44,TRUE
Ce5NbAl44,TRUE
Ce6Al85Ni9,TRUE
Ce6Al87Ni7,TRUE
Ce6Al89V5,FALSE
Ce6Cu39Ag55,TRUE
Ce6Cu59Ag35,TRUE
Ce6Cu69Ag25,TRUE
Ce6Cu79Ag15,TRUE
Ce6Cu89Ag5,FALSE
Ce6Mn5Al89,FALSE
Ce7Al83Cu10,TRUE
Ce7Al83Fe10,TRUE
Ce7Al93,TRUE
Ce7Nb10Al83,TRUE
Ce8Al87Co5,TRUE
Ce8Al87Cr5,FALSE
Ce8Al87Cu5,TRUE
Ce8Al87Fe5,TRUE
Ce8Al89Cr3,FALSE
Ce8Cu37Ag55,TRUE
Ce8Cu87Ag5,FALSE
Ce8Mn5Al87,FALSE
Ce8Nb5Al87,TRUE
Ce9Al91,TRUE
CeAl13Ni6,TRUE
CeAl15Co4,FALSE
CeAl15Cu4,FALSE
CeAl15Ni4,TRUE
CeAl16Co3,TRUE
CeAl16Cu3,TRUE
CeAl16Ni3,TRUE
CeAl17Co2,TRUE
CeAl17Cu2,TRUE
CeAl17Fe2,TRUE
CeAl17Ni2,TRUE
CeAl18Co,TRUE
CeAl18Cu,FALSE
CeAl18Fe,TRUE
CeAl18Ni,FALSE
CeAl19,FALSE
CeAl3Fe,FALSE
CeAl3Ni,FALSE
CeAl44Co5,TRUE
CeAl44Cu5,FALSE
CeAl44Fe5,TRUE
CeAl44Ni5,TRUE
CeAl47Cr2,FALSE
CeAl47Fe2,FALSE
CeAl47V2,FALSE
CeAl5Cu44,FALSE
CeAl7Cu2,FALSE
CeAl7Fe2,FALSE
CeAl7Ni2,TRUE
CeAl89Fe10,FALSE
CeAl8Co,TRUE
CeAl8Cr,FALSE
CeAl8Cu,TRUE
CeAl8Fe,TRUE
CeAl8Ni,TRUE
CeAl8V,FALSE
CeAl9,TRUE
CeAlCu23,FALSE
CeAlCu8,FALSE
CeCu10Ag9,TRUE
CeCu11Ag8,TRUE
CeCu12Ag7,TRUE
CeCu13Ag6,FALSE
CeCu15Ag4,FALSE
CeCu17Ag2,FALSE
CeCu18Ag,FALSE
CeCu19Ag5,FALSE
CeCu24Ag25,FALSE
CeCu29Ag20,FALSE
CeCu2Ag7,FALSE
CeCu4Ag5,TRUE
CeCu59Ag40,FALSE
CeCu5Ag14,FALSE
CeCu5Ag4,TRUE
CeCu7Ag12,FALSE
CeCu7Ag2,TRUE
CeCu8Ag,TRUE
CeCu8Ag11,TRUE
CeCu9Ag10,TRUE
CeMg13Cu6,TRUE
CeMg14Cu5,TRUE
CeMg15Cu4,TRUE
CeMg15Ni4,TRUE
CeMg16Cu3,TRUE
CeMg17Cu2,TRUE
CeMg17Ni2,TRUE
CeMg18Cu,FALSE
CeMg18Ni,FALSE
CeMg2Cu,FALSE
CeMg3Cu,FALSE
CeMg3Ni,TRUE
CeMg7Cu2,TRUE
CeMg7Ni2,TRUE
CeMg8Cu,TRUE
CeMg8Ni,TRUE
CeMg9,FALSE
CeMn2Al17,FALSE
CeMn2Al47,FALSE
CeMn5Al44,FALSE
CeMnAl8,FALSE
CeNb2Al17,FALSE
CeNbAl18,FALSE
CeNbAl8,TRUE
Co,FALSE
Co1.7Si16.5Pd81.8,TRUE
Co10Ni68.5P21.5,FALSE
Co10Ni71P19,FALSE
Co10Ni73P17,FALSE
Co10Si16.5Pd73.5,TRUE
Co11Mo9C5,TRUE
Co12.5Ni66P21.5,FALSE
Co12.5Ni68.5P19,FALSE
Co12.5Ni70.5P17,FALSE
Co12.5Si16.5Pd71,TRUE
Co12B8C5,FALSE
Co12B9C4,FALSE
Co12Mo8C5,TRUE
Co12Mo9C4,TRUE
Co13(B2C)4,TRUE
Co13(B3C)3,FALSE
Co13B7,TRUE
Co13B7C5,FALSE
Co13Mo7C5,TRUE
Co13Si2B5,TRUE
Co13Si3B4,TRUE
Co13Si4B3,FALSE
Co13SiB6,TRUE
Co13W3C4,FALSE
Co13W4C3,FALSE
Co14(SiB)3,TRUE
Co14(WC)3,TRUE
Co14B6C5,TRUE
Co14B7C4,TRUE
Co14B8C3,TRUE
Co14B9C2,FALSE
Co14Mo6C5,TRUE
Co14Mo7C4,TRUE
Co14Ni64.5P21.5,FALSE
Co14Ni67P19,FALSE
Co14Ni69P17,FALSE
Co14Si5C,FALSE
Co14SiB5,TRUE
Co15(B3C2)2,TRUE
Co15(B4C)2,TRUE
Co15(Mo3C2)2,TRUE
Co15B7C3,TRUE
Co15B9C,TRUE
Co15Si16.5Pd68.5,TRUE
Co15Si2B3,TRUE
Co15Si2C3,FALSE
Co15Si3B2,TRUE
Co15Si3C2,FALSE
Co15Si4B,FALSE
Co15Si4C,FALSE
Co15SiB4,TRUE
Co15SiC4,FALSE
Co15W2C3,FALSE
Co15W3C2,FALSE
Co15WC4,FALSE
Co16(B2C)3,TRUE
Co16B4C5,FALSE
Co16B5C4,TRUE
Co16B7C2,TRUE
Co16B8C,TRUE
Co16B9,TRUE
Co16Mo4C5,TRUE
Co16Mo5C4,TRUE
Co16Ni65P19,FALSE
Co16Si3C,FALSE
Co16SiB3,TRUE
Co16SiC3,FALSE
Co16W3C,FALSE
Co16W5C4,FALSE
Co16WC3,FALSE
Co17(B3C)2,TRUE
Co17(BC)4,FALSE
Co17(MoC)4,TRUE
Co17(SiB)4,TRUE
Co17(WC)4,FALSE
Co17B3,FALSE
Co17B5C3,TRUE
Co17B7C,TRUE
Co17B8,TRUE
Co17C3,FALSE
Co17Mo3C5,TRUE
Co17Si3,FALSE
Co17SiB2,FALSE
Co17SiC2,FALSE
Co17W2C,FALSE
Co17W3C5,FALSE
Co17W5C3,FALSE
Co18B3C4,FALSE
Co18B4C3,TRUE
Co18B5C2,TRUE
Co18B6C,TRUE
Co18B7,TRUE
Co18Mo3C4,TRUE
Co18W3C4,TRUE
Co18WC,FALSE
Co19(B2C)2,TRUE
Co19(BC)3,TRUE
Co19B5C,TRUE
Co19B6,TRUE
Co19Si,FALSE
Co2(Ni11P3)7,TRUE
Co20.9Si16.5Pd62.6,FALSE
Co20B2C3,FALSE
Co20B3C2,FALSE
Co20B4C,TRUE
Co21(BC)2,FALSE
Co21B3C,FALSE
Co21B4,TRUE
Co21Mo20C9,FALSE
Co22B2C,FALSE
Co22B3,TRUE
Co23(Mo2C)9,TRUE
Co23Mo16C11,TRUE
Co23Mo20C7,FALSE
Co25Mo14C11,TRUE
Co25Mo16C9,TRUE
Co25Mo18C7,FALSE
Co27Mo12C11,TRUE
Co27Mo14C9,TRUE
Co29(Mo4C3)3,TRUE
Co29(W4C3)3,FALSE
Co29B20C,FALSE
Co29Mo10C11,TRUE
Co2Ni78.5P19.5,TRUE
Co2Ni81P17,FALSE
Co3.5Ni74.5P22,FALSE
Co3.5Ni75.5P21,TRUE
Co3.5Ni77P19.5,TRUE
Co3.5Ni78.5P18,TRUE
Co3.5Ni79.5P17,FALSE
Co31B18C,TRUE
Co31B19,TRUE
Co31Mo10C9,TRUE
Co31Mo12C7,FALSE
Co31Mo8C11,TRUE
Co31W10C9,FALSE
Co33B16C,TRUE
Co33B17,TRUE
Co33Mo8C9,TRUE
Co33Ni33B34,TRUE
Co33W10C7,FALSE
Co33W8C9,FALSE
Co34Mo5C11,TRUE
Co34W7C9,FALSE
Co35(Mo2C3)3,TRUE
Co35(W2C3)3,TRUE
Co35Mo8C7,FALSE
Co35W7C8,TRUE
Co35W8C7,TRUE
Co36(WC)7,TRUE
Co36Mo5C9,TRUE
Co36W5C9,FALSE
Co37B13,TRUE
Co37Mo4C9,FALSE
Co37Mo5C8,FALSE
Co37Mo6C7,FALSE
Co37W5C8,FALSE
Co37W7C6,FALSE
Co38Mo5C7,FALSE
Co38W5C7,FALSE
Co39B11,TRUE
Co39Si5B6,TRUE
Co3B,TRUE
Co3B2,TRUE
Co3BC,TRUE
Co3MoC,TRUE
Co3Si,FALSE
Co3SiB,FALSE
Co3WC,FALSE
Co4.2Si16.5Pd79.3,TRUE
Co40Si3B7,TRUE
Co41B9,TRUE
Co41Si2B7,FALSE
Co41Si4B5,FALSE
Co4B,TRUE
Co4C,FALSE
Co4Si,FALSE
Co59B41,TRUE
Co5Ni73P22,FALSE
Co5Ni74P21,TRUE
Co5Ni75.5P19.5,TRUE
Co5Ni77P18,TRUE
Co5Ni78P17,FALSE
Co6.7Si16.5Pd76.8,TRUE
Co60Si17.5B22.5,FALSE
Co62.5Si12.5B25,TRUE
Co62.5Si17.5B20,FALSE
Co65Si22.5C12.5,TRUE
Co65Si7.5B27.5,TRUE
Co65W17.5C17.5,FALSE
Co67.5Si12.5B20,TRUE
Co67.5Si15C17.5,TRUE
Co67.5Si17.5C15,TRUE
Co67.5Si20C12.5,TRUE
Co67.5Si22.5C10,TRUE
Co67.5Si7.5B25,TRUE
Co67.5W17.5C15,FALSE
Co67.5W20C12.5,FALSE
Co7(Ni24P7)3,TRUE
Co7(Ni25P6)3,TRUE
Co70.5Si14.75B14.75,TRUE
Co70W17.5C12.5,FALSE
Co71B29,TRUE
Co72.5Si12.5B15,TRUE
Co72.5Si7.5B20,TRUE
Co72.5W15C12.5,TRUE
Co73Si13.5B13.5,TRUE
Co74.5W7.5C18,FALSE
Co75Si12.5B12.5,TRUE
Co75Si7.5B17.5,TRUE
Co75W12.5C12.5,FALSE
Co77.5Si10B12.5,TRUE
Co77.5Si12.5B10,TRUE
Co77.5Si15B7.5,TRUE
Co77.5Si7.5B15,TRUE
Co77.5W10C12.5,FALSE
Co77.5W15C7.5,FALSE
Co77.5W7.5C15,FALSE
Co77W5C18,FALSE
Co78(SiB)11,TRUE
Co7B3,TRUE
Co7MoC2,TRUE
Co7Ni71P22,FALSE
Co7Ni73.5P19.5,TRUE
Co7Ni76P17,FALSE
Co7Si2B,FALSE
Co7Si3,FALSE
Co7SiB2,TRUE
Co7SiC2,FALSE
Co7W2C,FALSE
Co7WC2,FALSE
Co80.5Si7B12.5,FALSE
Co80B7P13,TRUE
Co80Si7.5B12.5,TRUE
Co80W7.5C12.5,FALSE
Co81.5B18.5,TRUE
Co82.5W10C7.5,FALSE
Co82.5W7.5C10,FALSE
Co83B17,TRUE
Co85W2.5C12.5,FALSE
Co85W7.5C7.5,FALSE
Co87.5W2.5C10,FALSE
Co89B11,TRUE
Co8SiB,FALSE
Co8WC,FALSE
Co95W2.5C2.5,FALSE
Co9C,FALSE
Co9Ni69.5P21.5,FALSE
Co9Ni72P19,TRUE
Co9Ni74P17,FALSE
Co9Si,FALSE
CoNi38P11,FALSE
CoNi40P9,TRUE
CoSi2Pd7,TRUE
Cr(Ge2Pd9)9,TRUE
Cr0.5Si20Pd79.5,TRUE
Cr10Co11C4,FALSE
Cr10Fe13C2,FALSE
Cr10Fe31B9,TRUE
Cr10Fe33B7,TRUE
Cr10Fe37B3,FALSE
Cr10Fe39B,FALSE
Cr10Ni4Mo11,TRUE
Cr10Ni71P19,TRUE
Cr11(Co10C3)3,FALSE
Cr11(Fe11B2)3,TRUE
Cr11(Fe12B)3,FALSE
Cr11Co9C5,TRUE
Cr11Fe29C10,FALSE
Cr11Fe34B5,FALSE
Cr11Fe35B4,FALSE
Cr11Fe74B15,TRUE
Cr12Co9C4,TRUE
Cr12Fe31B7,TRUE
Cr12Fe33B5,TRUE
Cr12Fe35B3,FALSE
Cr12Fe73B15,TRUE
Cr13(Ni3Mo)3,TRUE
Cr13Co26C11,FALSE
Cr13Co28C9,TRUE
Cr13Fe28C9,TRUE
Cr13Fe30B7,TRUE
Cr13Fe31B6,TRUE
Cr13Fe32B5,TRUE
Cr13Fe33B4,FALSE
Cr13Fe34B3,FALSE
Cr14(Fe3C)9,TRUE
Cr14Fe29C7,FALSE
Cr14FeB5,TRUE
Cr15Co24C11,FALSE
Cr15Co26C9,TRUE
Cr15Fe26C9,TRUE
Cr15Fe71B14,TRUE
Cr15Fe73B12,TRUE
Cr15Fe77B8,FALSE
Cr15Fe79B6,FALSE
Cr15Fe81B4,FALSE
Cr15Ni66P19,TRUE
Cr16Fe25C9,TRUE
Cr17(Co2C)11,TRUE
Cr17(Co8C3)3,TRUE
Cr18Fe23C9,TRUE
Cr19(Ni5Mo22)3,FALSE
Cr19Co20C11,TRUE
Cr19Co22C9,TRUE
Cr19Ni62Mo19,TRUE
Cr2(Fe5B)3,TRUE
Cr2(Fe5C)3,FALSE
Cr2(Ge3Pd13)3,TRUE
Cr2.5Fe77.5B20,TRUE
Cr2.5Fe80.5B17,TRUE
Cr2.5Fe82.5B15,TRUE
Cr20(Co7C3)3,TRUE
Cr20(Fe7C3)3,TRUE
Cr20Fe23C7,FALSE
Cr20Ni61P19,TRUE
Cr21Co18C11,TRUE
Cr22(Ni7Mo19)3,TRUE
Cr22Co19C9,TRUE
Cr22Ni17Mo61,FALSE
Cr23(Fe5P2)11,TRUE
Cr23Co20C7,FALSE
Cr23Ni17Mo10,TRUE
Cr23Ni34Mo43,TRUE
Cr24(NiMo)13,TRUE
Cr24.5Fe56B19.5,TRUE
Cr24Co17C9,TRUE
Cr24Fe55B21,TRUE
Cr24Fe56.5P19.5,TRUE
Cr24Ni11Mo15,TRUE
Cr25Fe57.5B17.5,TRUE
Cr25Fe57.5P17.5,TRUE
Cr25Ni56P19,TRUE
Cr26Fe59.5P14.5,TRUE
Cr26Fe60.5P13.5,TRUE
Cr26Ni19Mo5,TRUE
Cr27Fe62B11,TRUE
Cr27Ni15Mo8,TRUE
Cr27Ni8Mo15,TRUE
Cr2Co18B5,TRUE
Cr2Co2B,TRUE
Cr2Co2C,TRUE
Cr2Fe18B5,TRUE
Cr2Fe18P5,TRUE
Cr2Fe21B2,TRUE
Cr2Fe22B,TRUE
Cr2Fe2B,TRUE
Cr2Fe7B,FALSE
Cr2Ni2P,TRUE
Cr3(Fe10B)2,FALSE
Cr30Ni51P19,TRUE
Cr32Ni43Mo25,TRUE
Cr35Ni27Mo38,TRUE
Cr38Ni37Mo25,TRUE
Cr39Ni28Mo33,TRUE
Cr3Co13B4,TRUE
Cr3Co5B2,TRUE
Cr3Fe13B4,TRUE
Cr3Fe14B3,TRUE
Cr3Fe15B2,FALSE
Cr3Fe15C2,FALSE
Cr3Fe21B,FALSE
Cr3Fe37B10,TRUE
Cr3Fe37P10,TRUE
Cr3Fe5B2,TRUE
Cr3Ge18Pd79,TRUE
Cr3Ni13P4,TRUE
Cr3Ni5B2,TRUE
Cr3Ni77P20,TRUE
Cr3NiP,TRUE
Cr3Si10Pd37,TRUE
Cr3Si20Pd77,TRUE
Cr4(Fe27B5)3,TRUE
Cr40Fe47C13,FALSE
Cr42Ni31Mo27,TRUE
Cr43.5Ni40.5P16,TRUE
Cr4Fe13B3,TRUE
Cr4Fe19B2,FALSE
Cr4Fe20B,FALSE
Cr4Fe41B5,FALSE
Cr4Fe43B3,TRUE
Cr4Fe45B,TRUE
Cr4P,FALSE
Cr5(Fe13B2)3,TRUE
Cr5(Fe14B)3,TRUE
Cr5(Fe4B)3,TRUE
Cr5(Fe4B)4,TRUE
Cr5(Fe4B)9,TRUE
Cr5(Fe9B)2,FALSE
Cr5(Fe9C)2,FALSE
Cr5(Ni4P)19,TRUE
Cr53Ni18Mo29,TRUE
Cr55.93Ni28.93P15.14,TRUE
Cr56Ni39Mo5,TRUE
Cr58(Ni9P5)3,TRUE
Cr59.81Ni25.31P14.88,TRUE
Cr5Co11B4,TRUE
Cr5Co3B2,TRUE
Cr5Fe11B4,TRUE
Cr5Fe17B3,TRUE
Cr5Fe19B,FALSE
Cr5Fe37B8,TRUE
Cr5Fe38B7,TRUE
Cr5Fe41B4,TRUE
Cr5Fe43B2,TRUE
Cr5Fe44B,TRUE
Cr5Fe77B18,TRUE
Cr5Fe79B16,TRUE
Cr5Fe81B14,TRUE
Cr5Fe83B12,TRUE
Cr5Fe87B8,FALSE
Cr5Fe89B6,FALSE
Cr5Fe91B4,FALSE
Cr5Ge18Pd77,TRUE
Cr5Ni11B4,TRUE
Cr5Ni3P2,TRUE
Cr6.6Fe79B14.4,TRUE
Cr69.6Ni16.2P14.2,FALSE
Cr6Co14C5,FALSE
Cr6Co15C4,FALSE
Cr6Fe11B3,TRUE
Cr6Fe16B3,TRUE
Cr6Fe17B2,FALSE
Cr6Fe39B5,FALSE
Cr6Fe41B3,FALSE
Cr6Fe43B,FALSE
Cr7(Co7C2)2,FALSE
Cr7(Fe26B5)3,TRUE
Cr7(Ge6Pd25)3,TRUE
Cr7.5Co67.5B25,TRUE
Cr72.5Ni13.5P14,FALSE
Cr73Fe10P17,TRUE
Cr74Fe9P17,TRUE
Cr7Co13C5,TRUE
Cr7Fe34B9,TRUE
Cr7Fe35B8,TRUE
Cr7Fe36B7,TRUE
Cr7Fe37B6,TRUE
Cr7Fe38B5,FALSE
Cr7Fe39B4,FALSE
Cr7Fe40B3,FALSE
Cr7Fe41B2,FALSE
Cr7Fe42B,FALSE
Cr7Fe76P17,TRUE
Cr7Fe77B16,TRUE
Cr7Fe79B14,TRUE
Cr7Fe9B4,TRUE
Cr7Ni34P9,TRUE
Cr7Ni73P20,TRUE
Cr7NiP2,FALSE
Cr7Si20Pd73,TRUE
Cr8(Fe13B)3,FALSE
Cr85(Fe2B3)3,TRUE
Cr87P13,FALSE
Cr8Co12C5,TRUE
Cr8Co13C4,FALSE
Cr8Fe41B,FALSE
Cr9(Co3C)4,FALSE
Cr9Co11C5,TRUE
Cr9Co7B4,TRUE
Cr9Fe35B6,TRUE
Cr9Fe36B5,FALSE
Cr9Fe37B4,FALSE
Cr9Fe38B3,FALSE
Cr9Fe76B15,TRUE
Cr9Ni31P10,TRUE
CrCo3B,TRUE
CrCo7B2,TRUE
CrCo7P2,TRUE
CrFe15B4,TRUE
CrFe16B3,TRUE
CrFe17B2,FALSE
CrFe18C,FALSE
CrFe19B5,TRUE
CrFe19P5,TRUE
CrFe39P10,TRUE
CrFe3B,TRUE
CrFe79B20,TRUE
CrFe7B2,TRUE
CrFe8B,FALSE
CrNi15P4,TRUE
CrNi3B,TRUE
CrNi3P,TRUE
CrNi7B2,TRUE
CrNi7P2,TRUE
CrSi10Pd39,TRUE
CrSi20Pd79,TRUE
CrSi4Pd15,TRUE
CrSi5Pd19,TRUE
Cu(Ni25P8)3,FALSE
Cu(Ni5P)4,FALSE
Cu1.7Si16.5Pd81.8,TRUE
Cu10Si15.8Pd74.2,TRUE
Cu10Si16.5Pd73.5,TRUE
Cu10Si17Pd73,TRUE
Cu11Si19.5Pd69.5,TRUE
Cu12.5Si16.5Pd71,TRUE
Cu12.5Si17Pd70.5,TRUE
Cu12Ni67P21,FALSE
Cu12Si15.5Pd72.5,TRUE
Cu13(Ni22P7)3,FALSE
Cu13(Ni23P6)3,FALSE
Cu13Ag12,FALSE
Cu13Ni67P20,FALSE
Cu14.4Ni65.6P20,TRUE
Cu14.5Si16.5Pd69,TRUE
Cu14Si15.1Pd70.9,TRUE
Cu15Si16.5Pd68.5,TRUE
Cu15Si16Pd69,TRUE
Cu16.5Si16.5Pd67,TRUE
Cu19Si16.5Pd64.5,TRUE
Cu2(Ni13P3)3,TRUE
Cu20.9Si16.5Pd62.6,TRUE
Cu26.7Si16.5Pd56.8,FALSE
Cu2Ag2Ge,TRUE
Cu2Ni18P5,TRUE
Cu2Ni37P11,TRUE
Cu2Si17.25Pd80.75,TRUE
Cu3.5Si16.5Pd80,TRUE
Cu37.5Ag37.5Ge25,TRUE
Cu38.75Ag38.75Ge22.5,TRUE
Cu3Ni17P5,TRUE
Cu3Ni36P11,TRUE
Cu3Ni37P10,TRUE
Cu3Ni38P9,TRUE
Cu3Ni73P24,FALSE
Cu3Ni80B17,TRUE
Cu3Ni81P16,FALSE
Cu3Si17Pd80,TRUE
Cu4.2Si16.5Pd79.3,TRUE
Cu4.5Si18Pd77.5,TRUE
Cu4Ni35P11,TRUE
Cu4Ni37P9,TRUE
Cu4Si16.5Pd79.5,TRUE
Cu4Si16.9Pd79.1,TRUE
Cu4Si9Pd37,TRUE
Cu5(Ni4P)9,TRUE
Cu5.7Si20.5Pd73.8,TRUE
Cu5.8Si19.5Pd74.7,TRUE
Cu5.9Si17.5Pd76.6,TRUE
Cu5.9Si18.5Pd75.6,TRUE
Cu52.8Ni27.2P20,TRUE
Cu5Ni34P11,TRUE
Cu6(SiPd3)11,TRUE
Cu6.1Si15.5Pd78.4,TRUE
Cu6.7Si16.5Pd76.8,TRUE
Cu61.6Ni18.4P20,TRUE
Cu67Ni17P16,TRUE
Cu69Ni13P18,TRUE
Cu6Si16.5Pd77.5,TRUE
Cu73Ag27,FALSE
Cu73Ni11P16,TRUE
Cu78.5Ag14P7.5,FALSE
Cu7Ni33P10,FALSE
Cu7Ni34P9,FALSE
Cu7Si16.5Pd76.5,TRUE
Cu7Si17Pd76,TRUE
Cu7Si20Pd73,TRUE
Cu80.3Ag12.2P7.5,TRUE
Cu80.5Ag10.5P9,FALSE
Cu80.8Ag12.2P7,TRUE
Cu81.5Ag10.5P8,TRUE
Cu81.5Ag12.2P6.3,FALSE
Cu81.9Ag10.5P7.6,TRUE
Cu82.5Ag10.5P7,TRUE
Cu82.5Ag9P8.5,FALSE
Cu82.8Ag9P8.2,TRUE
Cu83.5Ag8.9P7.6,TRUE
Cu84.5Ag7P8.5,FALSE
Cu84.5Ag9P6.5,FALSE
Cu84Ag9P7,TRUE
Cu85(Ag3P2)3,FALSE
Cu85.2Ag7.1P7.7,TRUE
Cu85.5Ag7.5P7,TRUE
Cu86Ag7.5P6.5,FALSE
Cu87Ag5.5P7.5,FALSE
Cu8Si16.2Pd75.8,TRUE
Cu9Si16Pd75,TRUE
CuNi19P5,TRUE
CuNi37P12,FALSE
CuNi38P11,TRUE
CuNi39P10,TRUE
CuNi40P9,TRUE
CuNi41P8,FALSE
CuNi7P2,TRUE
CuNi83P16,FALSE
CuSi2Pd7,TRUE
Dy0.3Zr10Fe89.7,TRUE
Dy42Zr5Fe3,FALSE
Dy44Zr5Fe,TRUE
Er67.5B10Au22.5,TRUE
Fe(CuAg)2,FALSE
Fe1.7Si16.5Pd81.8,TRUE
Fe10B19N21,TRUE
Fe10Si16.5Pd73.5,TRUE
Fe12.3Ni64.7B23,TRUE
Fe12.5Si16.5Pd71,TRUE
Fe12.5Si6B81.5,FALSE
Fe12Ag13,FALSE
Fe12B5F3,TRUE
Fe12B7F,TRUE
Fe12Cu3Ag10,FALSE
Fe13Ag12,FALSE
Fe13B4F3,TRUE
Fe13B7,TRUE
Fe13Cu47Ag40,FALSE
Fe13Ni2B5,TRUE
Fe13Ni5B2,FALSE
Fe13Si20Pd67,TRUE
Fe13Si2C5,TRUE
Fe13Si3B4,TRUE
Fe13Si3C4,TRUE
Fe13Si4C3,TRUE
Fe13Si5C2,TRUE
Fe14(SiB)3,TRUE
Fe14(SiC)3,TRUE
Fe14Cu55Ag31,FALSE
Fe15B2Mo3,TRUE
Fe15B4Mo,TRUE
Fe15CoB4,TRUE
Fe15Cu22Ag13,FALSE
Fe15Cu3B2,FALSE
Fe15CuB4,FALSE
Fe15Ni3B2,FALSE
Fe15NiB4,TRUE
Fe15P2C3,TRUE
Fe15P3C2,TRUE
Fe15P4C,TRUE
Fe15Si16.5Pd68.5,FALSE
Fe15Si2B3,TRUE
Fe15Si3B2,TRUE
Fe15SiB4,TRUE
Fe16.5Co66.5B17,TRUE
Fe16B3C,TRUE
Fe16B3P,TRUE
Fe16B4Mo5,TRUE
Fe16Cu5B4,FALSE
Fe16GeB3,TRUE
Fe16Ni5B4,TRUE
Fe16P3C,TRUE
Fe16PC3,FALSE
Fe16Si3B,TRUE
Fe16SiB3,TRUE
Fe16SiP3,TRUE
Fe16W4C5,FALSE
Fe17(Cu5Ag6)3,FALSE
Fe17B2C,TRUE
Fe17B2Mo,FALSE
Fe17B3,TRUE
Fe17B3Mo5,TRUE
Fe17Cu5B3,FALSE
Fe17Cu8,FALSE
Fe17CuB2,FALSE
Fe17Ni5B3,TRUE
Fe17NiB2,TRUE
Fe17P2C,FALSE
Fe17W3C5,TRUE
Fe18.5Ni54.5B27,TRUE
Fe18B2Mo5,FALSE
Fe18B5Mo2,TRUE
Fe18B5W2,TRUE
Fe18Ni53B29,TRUE
Fe18Ni5B2,FALSE
Fe18Si4B3,TRUE
Fe18W2C5,FALSE
Fe19(B2Mo)2,TRUE
Fe19(BMo)3,TRUE
Fe19.5Ni58.5B22,TRUE
Fe19B,FALSE
Fe19B5Mo,TRUE
Fe19B5P,TRUE
Fe19B5W,TRUE
Fe19B6,TRUE
Fe19BMo5,FALSE
Fe19CoB5,TRUE
Fe19Ni19B12,TRUE
Fe19Ni21B10,TRUE
Fe19Ni5B,FALSE
Fe19WC5,FALSE
Fe20(Ni7B3)3,TRUE
Fe20.5Ni60.5B19,TRUE
Fe20B2Mo3,FALSE
Fe20B2P3,TRUE
Fe20B3Mo2,TRUE
Fe20B3P2,TRUE
Fe20B4C,TRUE
Fe20B4P,TRUE
Fe20BF4,FALSE
Fe20BP4,TRUE
Fe20Cu11Ag19,TRUE
Fe20Cu49Ag31,FALSE
Fe20Ge2B3,TRUE
Fe20Si2B3,TRUE
Fe20Si2P3,TRUE
Fe20SiP4,TRUE
Fe20WC4,FALSE
Fe21B4,TRUE
Fe21BMo3,FALSE
Fe21BP3,FALSE
Fe21Co62B17,TRUE
Fe21Cu15Ag14,TRUE
Fe21Cu6Ag23,TRUE
Fe21Ni21B8,TRUE
Fe21Ni59B20,TRUE
Fe21Ni61.5B17.5,TRUE
Fe21Ni62.5B16.5,TRUE
Fe21Ni62B17,TRUE
Fe21SiB3,TRUE
Fe22B3,TRUE
Fe22BMo2,FALSE
Fe22Cu29Ag49,FALSE
Fe22Ni59B19,TRUE
Fe23Cu27,FALSE
Fe23Ni59B18,TRUE
Fe23Ni60B17,TRUE
Fe24Ni59B17,TRUE
Fe25Ni59B16,TRUE
Fe27Cu45Ag28,FALSE
Fe27Cu51Ag22,FALSE
Fe28B9F13,FALSE
Fe29.5Ni50.5B20,TRUE
Fe29Ag21,FALSE
Fe29B7F14,FALSE
Fe29Co54B17,TRUE
Fe29Cu71,FALSE
Fe29Cu8Ag63,FALSE
Fe2Co2B,TRUE
Fe2Cu83Ag15,FALSE
Fe2CuAg,FALSE
Fe2Ni2B,TRUE
Fe2Ni2P,TRUE
Fe30.5Ni50.5B19,TRUE
Fe30B19F,TRUE
Fe31.5Ni50.5B18,TRUE
Fe31Cu10B9,FALSE
Fe31Mo10C9,TRUE
Fe31Ni10B9,TRUE
Fe31W10C9,FALSE
Fe31W8C11,FALSE
Fe32.5Ni50.5B17,TRUE
Fe32Cu37Ag31,FALSE
Fe32W7C11,TRUE
Fe33.5Ni50.5B16,TRUE
Fe33Ag67,FALSE
Fe33B12N5,TRUE
Fe33B7Mo10,TRUE
Fe33Cu10B7,FALSE
Fe33Mo8C9,TRUE
Fe33Ni10B7,TRUE
Fe33Ni50B17,TRUE
Fe33Ni5B12,TRUE
Fe33W10C7,FALSE
Fe33W6C11,TRUE
Fe33W7C10,TRUE
Fe33W8C9,FALSE
Fe34W5C11,TRUE
Fe34W7C9,FALSE
Fe35(B2Mo3)3,TRUE
Fe35(Mo2C3)3,TRUE
Fe35(Si3B2)3,TRUE
Fe35(W2C3)3,FALSE
Fe35W4C11,FALSE
Fe35W8C7,FALSE
Fe36.5Ni36.5B27,TRUE
Fe36B5Mo9,TRUE
Fe36Cu13Ag51,FALSE
Fe36Cu23Ag41,TRUE
Fe36Cu49Ag15,FALSE
Fe36Cu5B9,FALSE
Fe36Ni5B9,TRUE
Fe36Si5B9,TRUE
Fe37(Cu2Ag)21,FALSE
Fe37Ag63,FALSE
Fe37B10Mo3,TRUE
Fe37B10N3,TRUE
Fe37B3Mo10,FALSE
Fe37B4Mo9,FALSE
Fe37B7Mo6,TRUE
Fe37Cu41Ag22,FALSE
Fe37Cu5B8,FALSE
Fe37Cu63,FALSE
Fe37Mo4C9,TRUE
Fe37Ni10B3,FALSE
Fe37Ni37B26,TRUE
Fe37Ni5B8,TRUE
Fe37Si5B8,TRUE
Fe37SiB12,FALSE
Fe37W2C11,FALSE
Fe37W4C9,FALSE
Fe37W6C7,FALSE
Fe37W8C5,FALSE
Fe38(BMo3)3,FALSE
Fe38(CuAg)31,TRUE
Fe38(Mo3C)3,TRUE
Fe38.5Ni38.5B23,TRUE
Fe38B7Mo5,TRUE
Fe38Cu5B7,FALSE
Fe38Ni5B7,TRUE
Fe38SiB11,FALSE
Fe39Ag61,FALSE
Fe39B10Mo,TRUE
Fe39B11,TRUE
Fe39B2Mo9,FALSE
Fe39B5F6,TRUE
Fe39B5Mo6,TRUE
Fe39B6Mo5,TRUE
Fe39B7Mo4,TRUE
Fe39BMo10,FALSE
Fe39Cu5B6,FALSE
Fe39Ni10B,FALSE
Fe39Ni39B22,TRUE
Fe39Ni42B19,TRUE
Fe39Ni5B6,TRUE
Fe39Si2B9,TRUE
Fe39Si4B7,TRUE
Fe39Si5B6,TRUE
Fe39SiB10,TRUE
Fe39W2C9,FALSE
Fe39W4C7,FALSE
Fe39W6C5,FALSE
Fe3Ag7,FALSE
Fe3B,TRUE
Fe3Co37B10,TRUE
Fe3Co5B2,TRUE
Fe3CoB,TRUE
Fe3Cu7,FALSE
Fe3Ni13B4,TRUE
Fe3Ni13P4,TRUE
Fe3Ni5B2,TRUE
Fe3Ni5P2,TRUE
Fe3Ni77P20,TRUE
Fe3NiB,TRUE
Fe3NiP,TRUE
Fe4(CuAg)3,TRUE
Fe4.2Si16.5Pd79.3,TRUE
Fe40.5Ni40B19.5,TRUE
Fe40B3P7,TRUE
Fe40B7P3,TRUE
Fe40B9C,TRUE
Fe40B9P,TRUE
Fe40B9Pd,TRUE
Fe40BMo9,FALSE
Fe40Cu31Ag29,FALSE
Fe40GeB9,TRUE
Fe40Si3P7,TRUE
Fe40SiB9,TRUE
Fe40SiP9,TRUE
Fe41(B2P)3,TRUE
Fe41(BMo2)3,FALSE
Fe41(BP2)3,TRUE
Fe41(SiB2)3,TRUE
Fe41(W2C)3,FALSE
Fe41.5Co41.5B17,TRUE
Fe41.5Ni41B17.5,TRUE
Fe41B4Mo5,FALSE
Fe41B4P5,TRUE
Fe41B5Mo4,TRUE
Fe41B8F,TRUE
Fe41B9,TRUE
Fe41Cu30Ag29,TRUE
Fe41Cu5B4,FALSE
Fe41Ni41B18,TRUE
Fe41Ni42B17,TRUE
Fe41Ni5B4,FALSE
Fe41Si2B7,TRUE
Fe41SiB8,TRUE
Fe41W2C7,FALSE
Fe41W4C5,FALSE
Fe42B33N25,TRUE
Fe42B3Mo5,FALSE
Fe42B3P5,FALSE
Fe42Cu31Ag27,FALSE
Fe42Cu41Ag17,FALSE
Fe42Cu5B3,FALSE
Fe42Ni5B3,FALSE
Fe42SiB7,TRUE
Fe43B2Mo5,FALSE
Fe43B3Mo4,FALSE
Fe43B6N,TRUE
Fe43B7,TRUE
Fe43BMo6,FALSE
Fe43Cu5B2,FALSE
Fe43Ni40B17,TRUE
Fe43Ni43B14,TRUE
Fe43Ni5B2,FALSE
Fe43W2C5,FALSE
Fe43W4C3,FALSE
Fe44BMo5,FALSE
Fe44Ni5B,FALSE
Fe45BMo4,FALSE
Fe45Cu31Ag24,FALSE
Fe45W2C3,FALSE
Fe46.2Ni30.8B23,TRUE
Fe48Ni35B17,TRUE
Fe4Ag21,FALSE
Fe4B,TRUE
Fe4Cu15Ag31,FALSE
Fe4Ni16P5,TRUE
Fe4P,TRUE
Fe5.1Si16.8Pd78.1,TRUE
Fe50Co33B17,TRUE
Fe50Ni33B17,TRUE
Fe51Cu23Ag26,FALSE
Fe51Cu38Ag11,FALSE
Fe52.5B24.5N23,TRUE
Fe53.5Ni18B28.5,TRUE
Fe53Ni30B17,TRUE
Fe54.5Ni18.5B27,TRUE
Fe54Ni29B17,TRUE
Fe55Cu32Ag13,FALSE
Fe56Ni19B25,TRUE
Fe57Cu6Ag37,FALSE
Fe57Ni19B24,TRUE
Fe57Ni25B18,TRUE
Fe58.5Ni20B21.5,TRUE
Fe58Co25B17,TRUE
Fe59.5Ni20B20.5,TRUE
Fe59B10F31,FALSE
Fe59B8F33,FALSE
Fe59Mo17C24,TRUE
Fe59Ni25B16,TRUE
Fe5Co3B2,TRUE
Fe5Cu16Ag29,FALSE
Fe5Ni11P4,TRUE
Fe5Ni3B2,TRUE
Fe6.7Si16.5Pd76.8,TRUE
Fe60.1Ni16.9B23,TRUE
Fe60B7F33,FALSE
Fe61.5Ni22B16.5,TRUE
Fe61B39,TRUE
Fe61Co22B17,TRUE
Fe61Ni20B19,TRUE
Fe61Ni25B14,TRUE
Fe63B37,TRUE
Fe63Cu20Ag17,FALSE
Fe63Mo17C20,TRUE
Fe63Ni20B17,TRUE
Fe63Ni25B12,FALSE
Fe64B29N7,TRUE
Fe64Co19B17,TRUE
Fe65B17.5F17.5,TRUE
Fe65B22.5F12.5,TRUE
Fe65B31.5F3.5,TRUE
Fe65Si12.5C22.5,TRUE
Fe65Si17.5C17.5,TRUE
Fe65Si22.5C12.5,TRUE
Fe66.4Ni16.6B17,TRUE
Fe66.5Co16.5B17,TRUE
Fe67(Cu5B6)3,FALSE
Fe67(Ni5B6)3,TRUE
Fe67.5Si10B22.5,TRUE
Fe67.5Si12.5B20,TRUE
Fe67.5Si15B17.5,TRUE
Fe67.5Si17.5B15,TRUE
Fe67Cu10Ag23,FALSE
Fe67Mo17C16,TRUE
Fe67Ni25B8,FALSE
Fe67Si13B20,TRUE
Fe69B16Mo15,TRUE
Fe69Cu15B16,FALSE
Fe69Ni15B16,TRUE
Fe69Ni25B6,FALSE
Fe69Si7B24,TRUE
Fe6B9Mo85,TRUE
Fe6B9W85,TRUE
Fe6Co77B17,TRUE
Fe6Co85B9,TRUE
Fe6Cu19,FALSE
Fe6Ni85B9,TRUE
Fe70(Si3B7)3,TRUE
Fe70Si12.5B17.5,TRUE
Fe70Si12.5C17.5,TRUE
Fe70Si13B17,TRUE
Fe70Si17.5B12.5,TRUE
Fe70Si17.5C12.5,TRUE
Fe70Si7.5B22.5,TRUE
Fe71.5Co11.5B17,TRUE
Fe71B14Mo15,TRUE
Fe71B29,TRUE
Fe71Cu15B14,FALSE
Fe71Mo17C12,TRUE
Fe71Ni15B14,TRUE
Fe71Ni25B4,FALSE
Fe71Si7B22,TRUE
Fe72(SiB3)7,TRUE
Fe72.5P10C17.5,TRUE
Fe72.5P12.5C15,TRUE
Fe72.5P15C12.5,TRUE
Fe72.5P17.5C10,TRUE
Fe72.5P20C7.5,TRUE
Fe72.5Si10B17.5,TRUE
Fe72.5Si12.5B15,TRUE
Fe72.5Si15B12.5,TRUE
Fe72.5Si17.5B10,TRUE
Fe72.5Si5B22.5,TRUE
Fe72.5Si7.5B20,TRUE
Fe72Si13B15,TRUE
Fe73(B4Mo5)3,TRUE
Fe73(Cu5B4)3,FALSE
Fe73(Ni5B4)3,TRUE
Fe73(SiB8)3,FALSE
Fe73.5B20W6.5,TRUE
Fe73B20Mo7,TRUE
Fe73Co10B17,TRUE
Fe73Ni10B17,TRUE
Fe73Ni25B2,FALSE
Fe73Si9.5B17.5,TRUE
Fe73W10C17,FALSE
Fe74.5Si10.5B15,TRUE
Fe74.5Si18B7.5,FALSE
Fe74.8Si13B12.2,TRUE
Fe74.9Si7.3B17.8,TRUE
Fe74Mo9P17,TRUE
Fe75.3Si9.7B15,TRUE
Fe75.5Co7.5B17,TRUE
Fe75B11P14,FALSE
Fe75B18F7,TRUE
Fe75B19P6,FALSE
Fe75B21P4,TRUE
Fe75Mo17C8,TRUE
Fe75P12.5C12.5,TRUE
Fe75P17.5C7.5,TRUE
Fe75P7.5C17.5,TRUE
Fe75Si12.5B12.5,TRUE
Fe75Si12B13,TRUE
Fe75Si13B12,TRUE
Fe75Si17.5B7.5,TRUE
Fe75Si3B22,TRUE
Fe75Si4B21,TRUE
Fe75Si7.5B17.5,TRUE
Fe76(P5C3)3,TRUE
Fe76Mo7P17,TRUE
Fe76Ni5B19,TRUE
Fe77.5B20W2.5,TRUE
Fe77.5B22.5,TRUE
Fe77.5P10C12.5,TRUE
Fe77.5P12.5C10,TRUE
Fe77.5P15C7.5,TRUE
Fe77.5P16C6.5,TRUE
Fe77.5P17.5C5,TRUE
Fe77.5P5C17.5,FALSE
Fe77.5P7.5C15,TRUE
Fe77.5Si10B12.5,TRUE
Fe77.5Si12.5B10,TRUE
Fe77.5Si13.5B9,TRUE
Fe77.5Si15B7.5,TRUE
Fe77.5Si2.5B20,TRUE
Fe77.5Si5B17.5,TRUE
Fe77.5Si7.5B15,TRUE
Fe77B10F13,TRUE
Fe77B13P10,TRUE
Fe77B15P8,TRUE
Fe77B17P6,TRUE
Fe77B19P4,FALSE
Fe77B20Mo3,TRUE
Fe77B8Mo15,FALSE
Fe77Co6B17,TRUE
Fe77Cu15B8,FALSE
Fe77Cu5B18,FALSE
Fe77Ni15B8,FALSE
Fe77Ni5B18,TRUE
Fe77P15C8,TRUE
Fe77Si11B12,TRUE
Fe78.5B20F1.5,TRUE
Fe78.5P15C6.5,TRUE
Fe78.5Si9B12.5,TRUE
Fe78B17C5,TRUE
Fe78B9P13,TRUE
Fe78Si15B7,TRUE
Fe78Si7.5B14.5,TRUE
Fe78Si7B15,TRUE
Fe79(B2C)7,TRUE
Fe79(B2Mo5)3,FALSE
Fe79(B2P)7,TRUE
Fe79(B2P5)3,TRUE
Fe79(B2W)7,TRUE
Fe79(B3P4)3,TRUE
Fe79(B4C3)3,TRUE
Fe79(B4P3)3,TRUE
Fe79(B5P2)3,TRUE
Fe79(B6C)3,TRUE
Fe79(B6P)3,FALSE
Fe79(BP2)7,TRUE
Fe79(BP6)3,TRUE
Fe79(Cu5B2)3,FALSE
Fe79(Ni5B2)3,FALSE
Fe79(SiB2)7,TRUE
Fe79(W2C)7,FALSE
Fe79.5Cu0.5B20,TRUE
Fe79.5Si3.5B17,TRUE
Fe79B10F11,TRUE
Fe79B10P11,TRUE
Fe79B11P10,TRUE
Fe79B13P8,TRUE
Fe79B16Mo5,TRUE
Fe79B16P5,TRUE
Fe79B17P4,TRUE
Fe79B20Mo,TRUE
Fe79B20W,TRUE
Fe79B21,TRUE
Fe79B8P13,TRUE
Fe79Co4B17,TRUE
Fe79Cu5B16,FALSE
Fe79CuB20,FALSE
Fe79Ni5B16,TRUE
Fe79W16C5,FALSE
Fe7B2Mo,TRUE
Fe7BMo2,TRUE
Fe7CoB2,TRUE
Fe7CuB2,FALSE
Fe7Ni2B,FALSE
Fe7Ni76B17,TRUE
Fe7Ni7B6,TRUE
Fe7Ni9B4,TRUE
Fe7Ni9P4,TRUE
Fe7NiB2,TRUE
Fe7Si20Pd73,TRUE
Fe7Si2B,TRUE
Fe7Si2C,TRUE
Fe7SiB2,TRUE
Fe7SiC2,TRUE
Fe7WC2,FALSE
Fe80.5B17Mo2.5,TRUE
Fe80.5B17W2.5,TRUE
Fe80.5Ni2.5B17,TRUE
Fe80.5P13C6.5,TRUE
Fe80.5P15C4.5,TRUE
Fe80B11C9,TRUE
Fe80B11P9,TRUE
Fe80B13C7,TRUE
Fe80B13P7,TRUE
Fe80B17C3,TRUE
Fe80B17P3,FALSE
Fe80B7P13,TRUE
Fe80B9C11,TRUE
Fe80B9P11,TRUE
Fe80Co3B17,TRUE
Fe80Ni3B17,TRUE
Fe80P12.5C7.5,TRUE
Fe80P13C7,TRUE
Fe80P17.5C2.5,TRUE
Fe80P7.5C12.5,TRUE
Fe80Si10.5P9.5,TRUE
Fe80Si11B9,FALSE
Fe80Si12.5B7.5,TRUE
Fe80Si2.5B17.5,TRUE
Fe80Si2.5P17.5,TRUE
Fe80Si3B17,TRUE
Fe80Si7.5B12.5,TRUE
Fe80Si7P13,TRUE
Fe80Si9P11,TRUE
Fe81.5B18.5,TRUE
Fe81.5Cu0.5B18,TRUE
Fe81.5Cu1.5B17,TRUE
Fe81.5P15C3.5,TRUE
Fe81.5Si12.5B6,FALSE
Fe81.5Si4B14.5,TRUE
Fe81B10C9,TRUE
Fe81B10P9,TRUE
Fe81B12C7,TRUE
Fe81B12Mo7,TRUE
Fe81B12P7,TRUE
Fe81B12W7,TRUE
Fe81B14C5,TRUE
Fe81B14Mo5,TRUE
Fe81B14P5,TRUE
Fe81B16C3,TRUE
Fe81B16P3,TRUE
Fe81B17F2,TRUE
Fe81B19,TRUE
Fe81B4Mo15,FALSE
Fe81B6P13,TRUE
Fe81B7P12,TRUE
Fe81B8P11,TRUE
Fe81B9P10,TRUE
Fe81Co2B17,TRUE
Fe81Cu3B16,FALSE
Fe81Cu5B14,FALSE
Fe81CuB18,FALSE
Fe81Ni15B4,FALSE
Fe81Ni3B16,TRUE
Fe81Ni5B14,TRUE
Fe81Si4B15,TRUE
Fe82(BC)9,TRUE
Fe82(BP)9,TRUE
Fe82(SiB5)3,TRUE
Fe82.5B17.5,TRUE
Fe82.5P10C7.5,FALSE
Fe82.5P12.5C5,FALSE
Fe82.5P15C2.5,TRUE
Fe82.5P7.5C10,FALSE
Fe82.5Si10B7.5,FALSE
Fe82.5Si5B12.5,TRUE
Fe82B11C7,TRUE
Fe82B7P11,TRUE
Fe82CoB17,TRUE
Fe82P11.5C6.5,TRUE
Fe82Si5B13,TRUE
Fe82SiB17,TRUE
Fe82Sn1.5B16.5,TRUE
Fe83.5Cu0.5B16,TRUE
Fe83.5Si6.5B10,FALSE
Fe83B10C7,TRUE
Fe83B10P7,TRUE
Fe83B12C5,TRUE
Fe83B12Mo5,TRUE
Fe83B12P5,TRUE
Fe83B14C3,TRUE
Fe83B14P3,TRUE
Fe83B17,TRUE
Fe83B2.3P14.7,TRUE
Fe83B2Mo15,FALSE
Fe83B3P14,FALSE
Fe83B5P12,TRUE
Fe83B6P11,TRUE
Fe83B7P10,TRUE
Fe83B8C9,TRUE
Fe83B8P9,TRUE
Fe83B9Mo8,FALSE
Fe83Cu3B14,FALSE
Fe83Cu5B12,FALSE
Fe83CuB16,FALSE
Fe83Ni15B2,FALSE
Fe83Ni3B14,TRUE
Fe83Ni5B12,FALSE
Fe83NiB16,TRUE
Fe83Si11B6,FALSE
Fe83Si2B15,TRUE
Fe83Si3B14,TRUE
Fe83Si4B13,TRUE
Fe83Si5B12,TRUE
Fe83Si7B10,FALSE
Fe83Si8B9,FALSE
Fe83SiB16,TRUE
Fe84B11C5,TRUE
Fe84B5P11,FALSE
Fe84B7P9,FALSE
Fe84Si3B13,TRUE
Fe84SiB15,TRUE
Fe85(B4C)3,TRUE
Fe85(CuB4)3,FALSE
Fe85(NiB4)3,FALSE
Fe85.5Cu0.5B14,TRUE
Fe85B11P4,FALSE
Fe85B7Mo8,FALSE
Fe85B8C7,TRUE
Fe85CuB14,FALSE
Fe85NiB14,TRUE
Fe85P12.5C2.5,FALSE
Fe85P7.5C7.5,FALSE
Fe85Si2B13,FALSE
Fe86(BC)7,TRUE
Fe86.5Cu0.5B13,TRUE
Fe87B13,TRUE
Fe87B8Mo5,FALSE
Fe87Cu3B10,FALSE
Fe87Cu5B8,FALSE
Fe87CuB12,FALSE
Fe87Ni5B8,FALSE
Fe87NiB12,FALSE
Fe89B6F5,FALSE
Fe89B6Mo5,FALSE
Fe89Cu3B8,FALSE
Fe89Cu5B6,FALSE
Fe89CuB10,FALSE
Fe89Ni3B8,FALSE
Fe89Ni5B6,FALSE
Fe89NiB10,FALSE
Fe8BC,TRUE
Fe8BMo,TRUE
Fe8BP,TRUE
Fe8Co75B17,TRUE
Fe8CuB,FALSE
Fe8GeB,TRUE
Fe8NiB,TRUE
Fe8PC,TRUE
Fe8SiB,TRUE
Fe8SiP,TRUE
Fe9(BN)8,TRUE
Fe91(CuB2)3,FALSE
Fe91B4Mo5,FALSE
Fe91B7F2,FALSE
Fe91B9,TRUE
Fe91Cu5B4,FALSE
Fe91CuB8,FALSE
Fe91Ni5B4,FALSE
Fe91NiB8,FALSE
Fe93B2Mo5,FALSE
Fe93CuB6,FALSE
Fe93Ni3B4,FALSE
Fe93NiB6,FALSE
Fe95CuB4,FALSE
Fe95NiB4,FALSE
Fe9Ag11,FALSE
FeAg,FALSE
FeB5Mo14,TRUE
FeB5W14,TRUE
FeCo14B5,TRUE
FeCo15B4,TRUE
FeCo3B,TRUE
FeCo7B2,TRUE
FeCu33Ag16,FALSE
FeCu9,FALSE
FeNi,TRUE
FeNi14B5,TRUE
FeNi15P4,TRUE
FeNi3B,TRUE
FeNi3P,TRUE
FeNi79P20,TRUE
FeNi7P2,TRUE
Ga10Fe73B17,TRUE
Ga2Fe81B17,TRUE
Ga4Fe79B17,TRUE
Ga6Fe77B17,TRUE
Ga8Fe75B17,TRUE
Gd0.3Zr10Fe89.7,TRUE
Gd11Al5Ni4,TRUE
Gd11Al9,TRUE
Gd12.9Co73Mo14.1,TRUE
Gd14Co70.6Mo15.4,TRUE
Gd14Si11,TRUE
Gd19.4Co72.8Mo7.8,TRUE
Gd2(Al5Ni)3,TRUE
Gd2Al17Ni,TRUE
Gd2Al23,TRUE
Gd2Al7Ni,FALSE
Gd33.3Al33.4Fe33.3,TRUE
Gd3Al13Cu4,TRUE
Gd3Al13Ni4,TRUE
Gd3Al14Ni3,TRUE
Gd3Al15Ni2,FALSE
Gd3Al16Ni,FALSE
Gd3Al17,FALSE
Gd3Al2,TRUE
Gd3Al22,TRUE
Gd3Al47,FALSE
Gd3Au,TRUE
Gd3Zr5Fe42,FALSE
Gd5(Al14Ni)3,TRUE
Gd5.5Al89Fe5.5,TRUE
Gd5Al37Ni8,TRUE
Gd5Al83Ni12,TRUE
Gd5Al87Ni8,TRUE
Gd6.4Al87.2Fe6.4,TRUE
Gd67.5B10Au22.5,TRUE
Gd6Al39Ni5,TRUE
Gd7(Al29Ni2)3,TRUE
Gd7.3Al85.4Fe7.3,TRUE
Gd7Al83Ni10,TRUE
Gd8.2Al83.6Fe8.2,TRUE
Gd8.4Co75.6Mo16,TRUE
Gd8Al85Ni7,TRUE
Gd9.1Al81.8Fe9.1,TRUE
Gd9Al11,TRUE
Gd9Al81Ni10,TRUE
Gd9Al83Ni8,TRUE
Gd9Al85Ni6,TRUE
GdAl,TRUE
GdAl15Ni4,FALSE
GdAl16Ni3,TRUE
GdAl17Ni2,TRUE
GdAl18Ni,TRUE
GdAl3Ni,FALSE
GdAl7Ni2,TRUE
GdAl8Fe,TRUE
GdAl8Ni,TRUE
GdAl9,TRUE
GdZr5Fe44,TRUE
Ge21Pd79,TRUE
Hf(Cu2Ni)3,FALSE
Hf(CuNi)2,TRUE
Hf(CuNi2)3,FALSE
Hf10Cu7Ni3,TRUE
Hf10Nb7Si3,TRUE
Hf10V7Si3,TRUE
Hf11(Cu2Ni)3,TRUE
Hf11(CuNi2)3,TRUE
Hf11(Nb2Si)3,TRUE
Hf11(V2Si)3,TRUE
Hf11(Zr2Si)3,TRUE
Hf11Cu4Ni5,TRUE
Hf11Cu5Ni4,TRUE
Hf11Fe54.9O34.1,FALSE
Hf11TaFe38,TRUE
Hf12.2Fe51.5O36.3,FALSE
Hf12Nb5Si3,TRUE
Hf12V5Si3,TRUE
Hf13.7Fe50.2O36.1,TRUE
Hf13Al2Cu5,TRUE
Hf13Al2Ni5,TRUE
Hf13Cu4Ni3,TRUE
Hf13Nb4Si3,TRUE
Hf13Ta17Fe70,TRUE
Hf13V4Si3,TRUE
Hf14(NbSi)3,TRUE
Hf14(VSi)3,TRUE
Hf15.2Zr60.8Fe24,TRUE
Hf15Cu2Ni3,TRUE
Hf15Cu4Ni,FALSE
Hf15Nb2Si3,TRUE
Hf15V2Si3,TRUE
Hf16NbSi3,TRUE
Hf16VSi3,TRUE
Hf17Si3,TRUE
Hf18.2Fe46.2O35.6,TRUE
Hf19(TaFe8)9,TRUE
Hf2(Zr5Si)3,TRUE
Hf2.1Fe88.4O9.5,FALSE
Hf21Nb22Cu57,TRUE
Hf22.8Zr53.2Fe24,TRUE
Hf23Nb20Cu57,TRUE
Hf25Zr32Be43,TRUE
Hf28(Nb5Cu19)3,TRUE
Hf28.8Nb33Cu38.2,TRUE
Hf2Cu2Ni,TRUE
Hf2Cu3,TRUE
Hf2Cu3Ni5,TRUE
Hf2Cu5Ni3,TRUE
Hf2Cu7Ni,FALSE
Hf2CuNi,TRUE
Hf2CuNi2,TRUE
Hf2CuNi7,TRUE
Hf2Ni3,TRUE
Hf2Ta3Fe5,TRUE
Hf2Ta7Fe16,TRUE
Hf30.1Nb30Cu39.9,TRUE
Hf32.3Nb25Cu42.7,TRUE
Hf33Nb10Cu57,TRUE
Hf34.2Zr41.8Fe24,TRUE
Hf34.4Nb20Cu45.6,TRUE
Hf36.6Nb15Cu48.4,TRUE
Hf37Fe63,TRUE
Hf38.7Nb10Cu51.3,TRUE
Hf38Nb5Cu57,TRUE
Hf3Cu2,TRUE
Hf3Cu2Ni5,TRUE
Hf3Cu3Ni4,TRUE
Hf3Cu4Ni3,TRUE
Hf3Cu5Ni2,TRUE
Hf3Cu6Ni,TRUE
Hf3Cu7,TRUE
Hf3CuNi,TRUE
Hf3CuNi6,TRUE
Hf3Ni2,TRUE
Hf3Ni7,TRUE
Hf3Ta2Fe5,TRUE
Hf4(CuNi)3,TRUE
Hf40.9Nb5Cu54.1,TRUE
Hf41Nb44Si15,TRUE
Hf42.6Nb1Cu56.4,TRUE
Hf42Nb43Si15,TRUE
Hf42NbCu57,TRUE
Hf43(Nb14Si5)3,TRUE
Hf44Nb41Si15,TRUE
Hf46(Nb13Si5)3,TRUE
Hf47Nb38Si15,TRUE
Hf48Nb37Si15,TRUE
Hf49(Nb12Si5)3,TRUE
Hf4Cu5Ni,TRUE
Hf4CuNi5,TRUE
Hf4Ta31Fe65,TRUE
Hf4TaFe5,TRUE
Hf4Zr13Si3,TRUE
Hf51Nb34Si15,TRUE
Hf51V34Si15,TRUE
Hf52(Nb11Si5)3,TRUE
Hf52(V11Si5)3,TRUE
Hf53Nb32Si15,TRUE
Hf53V32Si15,TRUE
Hf54Nb31Si15,TRUE
Hf54V31Si15,TRUE
Hf54Zr3Be43,TRUE
Hf56Nb29Si15,TRUE
Hf56V29Si15,TRUE
Hf57Nb28Si15,TRUE
Hf57V28Si15,TRUE
Hf58(Nb9Si5)3,TRUE
Hf58(V9Si5)3,TRUE
Hf59Nb26Si15,TRUE
Hf59V26Si15,TRUE
Hf5Cu2Ni3,TRUE
Hf5Cu3Ni2,TRUE
Hf5Cu4Ni,TRUE
Hf5CuNi4,TRUE
Hf5Zr52Be43,TRUE
Hf61(Nb8Si5)3,TRUE
Hf61(V8Si5)3,TRUE
Hf62Nb23Si15,TRUE
Hf62V23Si15,TRUE
Hf63Nb22Si15,TRUE
Hf63V22Si15,TRUE
Hf64(Nb7Si5)3,TRUE
Hf64(V7Si5)3,TRUE
Hf66Nb19Si15,TRUE
Hf66V19Si15,TRUE
Hf67(Co10P)3,TRUE
Hf67(Co8Si3)3,TRUE
Hf67(Nb6Si5)3,TRUE
Hf67(Ni9P2)3,TRUE
Hf67(V6Si5)3,TRUE
Hf67Co33,TRUE
Hf67Ni33,TRUE
Hf68Nb17Si15,TRUE
Hf68V17Si15,TRUE
Hf69Nb16Si15,TRUE
Hf69V16Si15,TRUE
Hf6Cu3Ni,TRUE
Hf6CuNi3,TRUE
Hf6Zr11Si3,TRUE
Hf7(Fe27B4)3,TRUE
Hf7(Fe29B2)3,TRUE
Hf7.6Zr68.4Fe24,TRUE
Hf71Nb14Si15,TRUE
Hf71V14Si15,TRUE
Hf72Nb13Si15,TRUE
Hf72V13Si15,TRUE
Hf73(Nb4Si5)3,TRUE
Hf73(V4Si5)3,TRUE
Hf74Nb11Si15,TRUE
Hf74V11Si15,TRUE
Hf76(Nb3Si5)3,TRUE
Hf76(V3Si5)3,TRUE
Hf77Nb8Si15,TRUE
Hf77V8Si15,TRUE
Hf78Nb7Si15,TRUE
Hf78V7Si15,TRUE
Hf79(Nb2Si5)3,TRUE
Hf79(V2Si5)3,TRUE
Hf7Cu2Ni,TRUE
Hf7Cu3,TRUE
Hf7CuNi2,TRUE
Hf7Fe77B16,TRUE
Hf7Fe85B8,TRUE
Hf7Fe89B4,TRUE
Hf7Fe91B2,TRUE
Hf7Ni3,TRUE
Hf8(Nb3Si)3,TRUE
Hf8(Zr3Si)3,TRUE
Hf81Nb4Si15,TRUE
Hf81V4Si15,TRUE
Hf82(NbSi5)3,TRUE
Hf82(VSi5)3,TRUE
Hf83Nb2Si15,TRUE
Hf83V2Si15,TRUE
Hf84NbSi15,TRUE
Hf84VSi15,TRUE
Hf8CuNi,FALSE
Hf9.5Fe48.9O41.6,FALSE
Hf9.8Fe87.9B2.3,TRUE
Hf9Cu6Ni5,TRUE
Hf9Cu7Ni4,TRUE
Hf9Cu8Ni3,TRUE
Hf9Nb8Si3,TRUE
HfCu,TRUE
HfCu2Ni7,FALSE
HfCu3Ni,TRUE
HfCu4Ni5,FALSE
HfCu5Ni4,FALSE
HfCu7Ni2,FALSE
HfCuNi3,TRUE
HfFe,TRUE
HfNi,TRUE
HfTa4Fe5,TRUE
Ho(Fe5B)4,TRUE
Ho2Fe19B4,TRUE
HoFe41B8,TRUE
La(Al2Ni)3,FALSE
La(Al6Ni)7,TRUE
La(AlCu)2,FALSE
La(AlCu2)3,FALSE
La(AlNi)2,TRUE
La(AlNi2)3,FALSE
La(Mg2Cu)3,TRUE
La(Mg2Ni)3,TRUE
La(MgCu)2,TRUE
La(MgNi)2,TRUE
La0.3Zr10Fe89.7,TRUE
La10Al14Ni,TRUE
La10Al3Ni7,TRUE
La10Al7Cu3,TRUE
La10Al7Ni3,TRUE
La11(Al2Cu)3,TRUE
La11(Al2Ni)3,TRUE
La11(AlNi2)3,TRUE
La11Al2Ni7,TRUE
La11Al4Cu5,TRUE
La11Al4Ni5,TRUE
La11Al5Ag4,TRUE
La11Al5Au4,TRUE
La11Al5Co4,TRUE
La11Al5Cr4,TRUE
La11Al5Cu4,TRUE
La11Al5Fe4,TRUE
La11Al5Ni4,TRUE
La11Al5Pt4,TRUE
La11Al5Zn4,TRUE
La11Al7Cu2,TRUE
La11Al7Ni2,TRUE
La11Al8Ni,TRUE
La11AlNi8,TRUE
La11Cu44.5Au44.5,TRUE
La11Mn4Al5,TRUE
La12Al3Cu5,TRUE
La12Al3Ni5,TRUE
La12Al5Cu3,TRUE
La12Al5Ni3,TRUE
La12Al7Ni,TRUE
La12Mg5Ni8,TRUE
La12Ni13,TRUE
La13(Al25Ni4)3,TRUE
La13(Al27Ni2)3,TRUE
La13Al2Ni5,TRUE
La13Al3Ni4,TRUE
La13Al4Ni3,TRUE
La13Al5Cu2,TRUE
La13Al5Ni2,TRUE
La13Al6Ni,TRUE
La13Al71Ni16,TRUE
La13Al73Ni14,TRUE
La13Al77Ni10,TRUE
La13Al79Ni8,TRUE
La13Al83Ni4,TRUE
La13Al85Ni2,TRUE
La13AlNi6,TRUE
La14(AlNi)3,TRUE
La14Al5Ni,TRUE
La14Al69Ni17,TRUE
La15Al2Ni3,TRUE
La15Al3Ni2,TRUE
La15Al3Ni32,TRUE
La15Al4Ni,TRUE
La15AlNi4,TRUE
La16Al3Ni,TRUE
La16Al3Ni31,TRUE
La16Al67Ni17,TRUE
La17AlNi2,TRUE
La18Al65Ni17,TRUE
La2(Al5Ni)3,TRUE
La2(CuAu)9,TRUE
La2(Mg5Cu)3,FALSE
La2(Mg5Ni)3,TRUE
La20Al21Ni59,TRUE
La20Al63Ni17,TRUE
La20AlNi29,TRUE
La21Al28Ni,TRUE
La21AlNi28,TRUE
La22Al19Ni59,TRUE
La22Al61Ni17,TRUE
La22AlNi27,TRUE
La24Al17Ni59,TRUE
La24Al59Ni17,TRUE
La26Al15Ni59,TRUE
La26Al57Ni17,TRUE
La27Al11Ni62,TRUE
La27Al9Ni64,TRUE
La28Al55Ni17,TRUE
La2Al16Ni7,TRUE
La2Al17Cu,TRUE
La2Al17Ni,TRUE
La2Al23,TRUE
La2Al2Cu,FALSE
La2Al2Ni,TRUE
La2Al3,FALSE
La2Al3Cu5,FALSE
La2Al3Ni5,TRUE
La2Al5Cu3,FALSE
La2Al5Ni3,TRUE
La2Al7Ni,FALSE
La2AlCu,TRUE
La2AlCu2,TRUE
La2AlCu7,FALSE
La2AlNi,TRUE
La2AlNi2,TRUE
La2AlNi7,FALSE
La2Mg13Ni5,TRUE
La2Mg13Zn5,TRUE
La2Mg17Ni,FALSE
La2Mg18Zn5,TRUE
La2Mg2Cu,TRUE
La2Mg2Ni,FALSE
La2Mg37Zn11,TRUE
La2Mg3Cu5,TRUE
La2Mg5Cu3,TRUE
La2Mg5Ni3,TRUE
La2Mg7Ni,TRUE
La2MgCu2,FALSE
La2Ni3,FALSE
La3(Mg10Ni)2,TRUE
La30Al53Ni17,TRUE
La32Al53Ni15,TRUE
La34Al53Ni13,TRUE
La36Al53Ni11,TRUE
La37(Al19Ni2)3,TRUE
La37Al53Ni10,TRUE
La37Al55Ni8,TRUE
La39Al2Ni59,TRUE
La3Al10Ni7,FALSE
La3Al13Ni4,TRUE
La3Al14Ni3,FALSE
La3Al15Ni2,FALSE
La3Al15Ni7,TRUE
La3Al16Ni,FALSE
La3Al2,TRUE
La3Al2Cu5,TRUE
La3Al2Ni5,TRUE
La3Al33Ni14,TRUE
La3Al3Cu4,TRUE
La3Al3Ni4,TRUE
La3Al44Ni3,TRUE
La3Al4Cu3,FALSE
La3Al4Ni3,TRUE
La3Al5Cu2,FALSE
La3Al5Ni2,TRUE
La3Al6Ni,FALSE
La3Al6Ni11,FALSE
La3Al7,FALSE
La3Al8Ni9,FALSE
La3AlCu,TRUE
La3AlCu6,FALSE
La3AlNi,TRUE
La3AlNi6,TRUE
La3Cu2,FALSE
La3Fe81B16,TRUE
La3Mg10Ni7,TRUE
La3Mg11Ni6,TRUE
La3Mg12Ni5,TRUE
La3Mg13Ni4,TRUE
La3Mg14Cu3,FALSE
La3Mg14Ni3,TRUE
La3Mg15Ni2,TRUE
La3Mg16Ni,FALSE
La3Mg2Cu5,FALSE
La3Mg3Cu4,TRUE
La3Mg3Ni4,TRUE
La3Mg4Cu3,TRUE
La3Mg4Ni3,TRUE
La3Mg5Cu2,TRUE
La3Mg5Ni2,TRUE
La3Mg6Ni,FALSE
La3Mg72Zn25,TRUE
La3Mg75Zn22,TRUE
La3Ni2,TRUE
La3Ni7,FALSE
La3Zr5Fe42,TRUE
La4(Al2Ni)7,TRUE
La4(AlNi)3,TRUE
La4(MgCu)3,TRUE
La41AlNi8,TRUE
La43Al3Ni4,TRUE
La43Al4Ni3,TRUE
La43Al57,TRUE
La43Al5Ni2,TRUE
La49AlNi50,TRUE
La4Al,TRUE
La4Al11Ni5,TRUE
La4Al45Ni,TRUE
La4Al5Cu,FALSE
La4Al5Ni,TRUE
La4Al5Ni11,TRUE
La4AlCu5,FALSE
La4AlNi5,TRUE
La4Cu,FALSE
La4Mg11Cu5,TRUE
La4Mg11Ni5,TRUE
La4Mg13Ni3,TRUE
La4Mg5Cu,FALSE
La4Mg5Ni,TRUE
La4Mg7Ni9,TRUE
La4Mg9Ni7,TRUE
La4MgNi5,FALSE
La4Ni,TRUE
La5(Al14Ni)3,TRUE
La5(Al2Ni3)3,TRUE
La5(Al3Ni2)3,TRUE
La5(AlNi4)3,FALSE
La5(Mg3Ni2)3,TRUE
La5Al13Ni2,FALSE
La5Al14Ni,FALSE
La5Al2Ni13,FALSE
La5Al2Ni3,TRUE
La5Al31Ni14,TRUE
La5Al3Cu2,TRUE
La5Al3Ni2,TRUE
La5Al44Ni,TRUE
La5Al4Cu,FALSE
La5Al4Ni,TRUE
La5Al7Ni8,TRUE
La5Al87Ni8,TRUE
La5Al8Ni7,TRUE
La5Al91Ni4,TRUE
La5AlNi4,TRUE
La5Mg11Cu4,FALSE
La5Mg2Cu3,FALSE
La5Mg2Ni3,FALSE
La5Mg3Cu2,FALSE
La6(AlNi)7,TRUE
La62.5Cu37.5,TRUE
La63Cu37,TRUE
La6Al11Ni3,FALSE
La6Al13Ni,FALSE
La6Al3Cu,TRUE
La6Al3Ni,TRUE
La6Al3Ni11,TRUE
La6Al5Ni9,TRUE
La6Al85Ni9,TRUE
La6Al9Ni5,TRUE
La6AlCu3,TRUE
La6AlNi3,TRUE
La6Mg11Cu3,FALSE
La6Mg15Ni4,TRUE
La6Mg9Cu5,TRUE
La6Mg9Ni5,TRUE
La7.5Al85Mo7.5,TRUE
La7.5Nb7.5Al85,TRUE
La7.5Zr7.5Al85,TRUE
La73Cu27,TRUE
La7Al10Ni3,TRUE
La7Al11Ni2,FALSE
La7Al29Ni14,TRUE
La7Al2Cu,FALSE
La7Al2Ni,TRUE
La7Al2Ni11,TRUE
La7Al3,TRUE
La7Al43,TRUE
La7Al4Ni9,TRUE
La7Al6Cu7,TRUE
La7Al6Ni7,TRUE
La7Al7Ni6,TRUE
La7Al88Ni5,TRUE
La7Al89Ni4,TRUE
La7Al8Ni5,TRUE
La7Al91Ni2,TRUE
La7Al9Ni4,TRUE
La7AlCu2,FALSE
La7AlNi2,TRUE
La7Mg10Ni3,TRUE
La7Mg71Zn22,TRUE
La7Ni3,TRUE
La8(Al3Ni)3,TRUE
La8(Al9Ni5)3,TRUE
La8(AlNi3)3,TRUE
La8(Mg3Cu)3,TRUE
La81AlNi18,TRUE
La83Al3Ni14,TRUE
La83Al5Ni12,TRUE
La87Al11Ni2,TRUE
La87Al13,TRUE
La8Al11Ni,TRUE
La8Al5Cu7,TRUE
La8Al5Ni7,TRUE
La8Al7Ni5,TRUE
La8AlCu,FALSE
La8AlNi,TRUE
La8AlNi11,TRUE
La8Mg67Zn25,TRUE
La8Mg7Cu5,TRUE
La9(Mg5Ni3)2,TRUE
La9Al,FALSE
La9Al10Ni,TRUE
La9Al11,TRUE
La9Al12Ni29,TRUE
La9Al13Ni28,TRUE
La9Al14Ni27,TRUE
La9Al15Ni26,TRUE
La9Al16Ni25,TRUE
La9Al17Ni24,TRUE
La9Al18Ni23,TRUE
La9Al19Ni22,TRUE
La9Al20Ni21,TRUE
La9Al21Ni20,TRUE
La9Al22Ni19,TRUE
La9Al23Ni18,TRUE
La9Al24Ni17,TRUE
La9Al25Ni16,TRUE
La9Al2Ni9,TRUE
La9Al4Ni7,TRUE
La9Al5Ni6,TRUE
La9Al6Ni5,TRUE
La9Al7Ni4,TRUE
La9Al8Ni3,TRUE
La9Al9Ni2,TRUE
La9AlNi15,TRUE
La9Cu36.4Au54.6,TRUE
La9Cu45.5Au45.5,TRUE
La9Cu68.25Au22.75,TRUE
La9Mg35Ni6,TRUE
La9Mg85Ni6,TRUE
La9Ni,FALSE
LaAl,TRUE
LaAl14Ni5,TRUE
LaAl15Ni4,TRUE
LaAl17Cu2,FALSE
LaAl17Ni2,TRUE
LaAl17Ni7,TRUE
LaAl18Cu,TRUE
LaAl18Ni,FALSE
LaAl2Ni,TRUE
LaAl2Ni7,FALSE
LaAl36Ni13,TRUE
LaAl37Ni12,TRUE
LaAl38Ni11,TRUE
LaAl39Ni10,TRUE
LaAl3Ni,TRUE
LaAl4,FALSE
LaAl40Ni9,TRUE
LaAl41Ni8,TRUE
LaAl43Ni6,TRUE
LaAl44Ni5,TRUE
LaAl4Ni5,FALSE
LaAl5Cu4,FALSE
LaAl5Ni4,FALSE
LaAl7Cu2,FALSE
LaAl8Cu,FALSE
LaAl8Ni,TRUE
LaAl9,TRUE
LaAlCu3,FALSE
LaAlCu8,FALSE
LaAlNi3,FALSE
LaAlNi8,FALSE
LaCu,FALSE
LaMg11Cu8,TRUE
LaMg13Cu6,TRUE
LaMg14Zn5,TRUE
LaMg15Cu4,TRUE
LaMg15Ni4,TRUE
LaMg15Zn4,TRUE
LaMg16Cu3,TRUE
LaMg16Ni3,TRUE
LaMg17Ni2,TRUE
LaMg18Ni,FALSE
LaMg19Zn5,TRUE
LaMg2Cu,FALSE
LaMg2Ni,TRUE
LaMg3Cu,FALSE
LaMg3Ni,TRUE
LaMg4Cu5,TRUE
LaMg5Cu4,TRUE
LaMg5Ni4,TRUE
LaMg7Cu2,TRUE
LaMg7Ni2,TRUE
LaMg7Zn2,TRUE
LaMg8Cu,FALSE
LaMg8Ni,TRUE
LaNi,FALSE
LaZr5Fe44,TRUE
Mg,FALSE
Mg10AlZn9,TRUE
Mg10Ti53Al37,TRUE
Mg11(Al8Pd5)3,FALSE
Mg11Al2Ag7,TRUE
Mg11Al4Ag5,TRUE
Mg11Ti14Al25,FALSE
Mg11Ti25Al14,TRUE
Mg11Ti29Al60,TRUE
Mg11Ti32Al57,TRUE
Mg11Zn9,FALSE
Mg12AlZn7,TRUE
Mg12Ti7Al,FALSE
Mg13(Ti18Al11)3,TRUE
Mg13(Ti2Al)29,TRUE
Mg13(Ti9Al20)3,FALSE
Mg13Al2Ag5,TRUE
Mg13Al2Zn5,TRUE
Mg13AlZn6,TRUE
Mg13Ti12,FALSE
Mg13Ti19Al68,FALSE
Mg13Zn7,TRUE
Mg14(AlZn)3,FALSE
Mg14AlZn5,TRUE
Mg15Al2Ag3,TRUE
Mg15Al2Zn3,TRUE
Mg15Al3Zn2,FALSE
Mg15AlZn4,TRUE
Mg15Ti32Al53,TRUE
Mg15Ti49Al36,FALSE
Mg16Al27Pd7,FALSE
Mg16Al3Zn,FALSE
Mg16AlZn3,FALSE
Mg17Al2Zn,FALSE
Mg17Al52Pd31,FALSE
Mg17Al71Pd12,TRUE
Mg17AlZn2,FALSE
Mg17Cu3,FALSE
Mg17Mn3,FALSE
Mg17Ni3,TRUE
Mg17Ti36Al47,FALSE
Mg17Ti60Al23,FALSE
Mg17Zn3,FALSE
Mg18Al25Pd7,FALSE
Mg18AlZn,FALSE
Mg18Ti27Al55,FALSE
Mg19(AlGa)3,TRUE
Mg19(AlGa2)2,TRUE
Mg19Mn,FALSE
Mg19Zn,FALSE
Mg20Al23Pd7,FALSE
Mg20Ti43Al37,FALSE
Mg21Al53Pd26,TRUE
Mg22(Al3Pd)7,FALSE
Mg22Ti67Al11,FALSE
Mg23(AlGa2)9,TRUE
Mg23(Ti2Al5)11,FALSE
Mg23Ti20Al7,FALSE
Mg23Ti61Al16,FALSE
Mg27Ti43Al30,FALSE
Mg27Ti45Al28,TRUE
Mg27Ti52Al21,FALSE
Mg2Al2Zn,FALSE
Mg2AlZn2,FALSE
Mg2Ti53Al45,TRUE
Mg3(Ti6Al5)2,TRUE
Mg30Ti43Al27,FALSE
Mg31(Ti18Al5)3,FALSE
Mg33Al67,FALSE
Mg33Ti14Al3,FALSE
Mg35(Zn4In)3,TRUE
Mg35(Zn4Sn)3,TRUE
Mg39Ti41Al20,FALSE
Mg3Al11Pd6,FALSE
Mg3Al17,FALSE
Mg3AlZn,FALSE
Mg3Cu2,TRUE
Mg3Ti20Al77,FALSE
Mg3Ti27Al70,FALSE
Mg3Ti34Al63,TRUE
Mg3Ti5Al17,TRUE
Mg3Ti7Al10,TRUE
Mg3Ti7Al15,TRUE
Mg3Zn,TRUE
Mg3Zn2,TRUE
Mg4(AlZn)3,FALSE
Mg41Ti50Al9,FALSE
Mg44Al43Pd13,FALSE
Mg45Al4Ga,FALSE
Mg46Ti35Al19,FALSE
Mg4Al5Zn,FALSE
Mg4AlZn5,FALSE
Mg4Cu,TRUE
Mg4Ni,TRUE
Mg4Zn,FALSE
Mg51Ti40Al9,FALSE
Mg5Al2Zn3,FALSE
Mg5Al3Zn2,FALSE
Mg5Al4Zn,FALSE
Mg5Al74Pd21,FALSE
Mg5AlZn4,FALSE
Mg5Ti19Al26,TRUE
Mg5Ti29Al66,TRUE
Mg6(CuAg)7,TRUE
Mg6Al3Zn,FALSE
Mg6AlZn3,FALSE
Mg6Ti61Al33,TRUE
Mg7(Ti12Al19)3,TRUE
Mg7(Ti18Al13)3,TRUE
Mg7(Ti2Al)6,FALSE
Mg70(Cu7Au3)3,TRUE
Mg70(Cu9Au)3,TRUE
Mg70Cu29Au,TRUE
Mg77Ti23,FALSE
Mg7Al2Zn,FALSE
Mg7Al4Ag9,TRUE
Mg7AlZn2,TRUE
Mg7Cu3,TRUE
Mg7Ni3,FALSE
Mg7Ti49Al44,TRUE
Mg7Zn3,TRUE
Mg83Ti17,FALSE
Mg89Al8Ga3,FALSE
Mg89Al9Ga2,FALSE
Mg8AlZn,FALSE
Mg92.5Mn7.5,FALSE
Mg9Al26Pd15,FALSE
Mg9Al4Ag7,TRUE
Mg9Cu,FALSE
Mg9Mn,FALSE
Mg9Ni,TRUE
Mg9Ti11Al5,FALSE
Mg9Ti21Al20,TRUE
Mg9Ti28Al13,TRUE
Mg9Ti44Al47,TRUE
Mg9Zn,FALSE
MgAl2Pd,FALSE
MgCu,FALSE
Mn(Al11Co)2,FALSE
Mn(Al11Ni)2,FALSE
Mn(Al29Ni4)3,TRUE
Mn(Al2Ge)3,TRUE
Mn(Al2Si)3,TRUE
Mn(Al6Co)7,FALSE
Mn(Al6Ni)7,FALSE
Mn(Al7Co)3,FALSE
Mn(Al7Ni)3,FALSE
Mn(Al8Ni)11,TRUE
Mn(Fe29B4)3,FALSE
Mn(Fe31B2)3,FALSE
Mn(Ge2Pd9)9,TRUE
Mn0.5Al87.5Ni12,TRUE
Mn10(Co4B)3,TRUE
Mn10Al73Ge17,TRUE
Mn10Co8B7,TRUE
Mn11(Co9B4)3,TRUE
Mn11Co11B3,TRUE
Mn11Co25B14,TRUE
Mn12Co7B6,TRUE
Mn12Co8B5,TRUE
Mn12Fe71P17,TRUE
Mn12Nb15Co73,TRUE
Mn13(CoB)6,TRUE
Mn13.4Co53.6B33,TRUE
Mn13.5Co54.5B32,TRUE
Mn13.6Co54.4B32,TRUE
Mn13Co31B6,TRUE
Mn14.4Co57.6B28,TRUE
Mn14FeB5,TRUE
Mn15(Fe4P)17,TRUE
Mn15.2Co60.8B24,TRUE
Mn15.5Al76Cu8.5,FALSE
Mn15Co61B24,TRUE
Mn15Fe71B14,TRUE
Mn15Fe73B12,FALSE
Mn15Fe77B8,FALSE
Mn15Fe79B6,FALSE
Mn16(Co2B)3,TRUE
Mn16.8Co67.2B16,TRUE
Mn16Co5B4,TRUE
Mn17(Co7B4)3,TRUE
Mn17.4Al66.6Si16,FALSE
Mn17.4Al68.6Si14,FALSE
Mn17.4Al70.6Si12,FALSE
Mn17.4Al72.5Si10.1,FALSE
Mn17.4Al74.6Si8,FALSE
Mn17.4Al76.6Si6,FALSE
Mn17.4Al78.6Si4,FALSE
Mn17.5Co70.5B12,TRUE
Mn17.6Co70.4B12,TRUE
Mn17.8Co71.2B11,TRUE
Mn17Co25B8,TRUE
Mn17Co67B16,TRUE
Mn17Fe5B3,FALSE
Mn18.5Co65.5B16,TRUE
Mn18Al57Ge25,TRUE
Mn18Fe5B2,FALSE
Mn19(Nb5Co22)3,TRUE
Mn19Co19B12,TRUE
Mn19Co65B16,TRUE
Mn1Al86.5Ni12.5,TRUE
Mn2(Al15Co)3,FALSE
Mn2(Al15Ni)3,FALSE
Mn2(NbCo5)3,TRUE
Mn2.5Al87Ni10.5,TRUE
Mn2.5Fe80.5B17,TRUE
Mn20Al53Si27,TRUE
Mn21.6Co46.4B32,TRUE
Mn21.6Co50.4B28,TRUE
Mn21Co15B14,TRUE
Mn21Co17B12,TRUE
Mn21Co21B8,TRUE
Mn21Co47B32,TRUE
Mn21Co51B28,TRUE
Mn22.8Co53.2B24,TRUE
Mn23Co53B24,TRUE
Mn23Co57B20,TRUE
Mn25.2Co58.8B16,TRUE
Mn25Co47B28,TRUE
Mn25Co59B16,TRUE
Mn26.4Co61.6B12,TRUE
Mn26.5Co45.5B28,TRUE
Mn26.5Co49.5B24,TRUE
Mn26.6Co49.4B24,TRUE
Mn26.8Co40.2B33,TRUE
Mn27Co17B6,TRUE
Mn27Co41B32,TRUE
Mn27Co45B28,TRUE
Mn27Co61B12,TRUE
Mn28.8Co43.2B28,TRUE
Mn28Co41B31,TRUE
Mn29.5Co46.5B24,TRUE
Mn29.5Co54.5B16,TRUE
Mn29Co43B28,TRUE
Mn2Al11Si7,TRUE
Mn2Al13Si5,TRUE
Mn2Al20Ni3,FALSE
Mn2Al21Ni2,FALSE
Mn2Al22Ni,FALSE
Mn2Al23,FALSE
Mn2Al41Ni7,FALSE
Mn2Al43Co5,FALSE
Mn2Al43Ni5,FALSE
Mn2Al47Co,FALSE
Mn2Al47Ni,FALSE
Mn2Al5Si3,TRUE
Mn2Al85Ni13,FALSE
Mn2Al86.5Ni11.5,TRUE
Mn2Al87Ni11,TRUE
Mn2Al89Ni9,FALSE
Mn2Co17B6,TRUE
Mn2Co18B5,TRUE
Mn2Co19B4,TRUE
Mn2Co2B,TRUE
Mn2Fe18B5,TRUE
Mn2Nb15Co83,TRUE
Mn30.4Co45.6B24,TRUE
Mn30.5Co41.5B28,TRUE
Mn30.5Co45.5B24,TRUE
Mn31(Co19B4)3,TRUE
Mn31Co41B28,TRUE
Mn32.5Co47.5B20,TRUE
Mn33.5Co50.5B16,TRUE
Mn33.6Co50.4B16,TRUE
Mn33Fe10B7,TRUE
Mn35(Co3B2)3,TRUE
Mn35.2Co52.8B12,TRUE
Mn35.6Co53.4B11,TRUE
Mn35Co37B28,TRUE
Mn35Co49B16,TRUE
Mn35Co53B12,TRUE
Mn37(Co13B8)3,TRUE
Mn38.5Co41.5B20,TRUE
Mn39Co49B12,TRUE
Mn3Al10Si7,TRUE
Mn3Al11Si6,TRUE
Mn3Al12Si5,TRUE
Mn3Al13Cu4,FALSE
Mn3Al13Si4,TRUE
Mn3Al16Ni,FALSE
Mn3Al40Ni7,FALSE
Mn3Al41Ni6,FALSE
Mn3Al42Ni5,FALSE
Mn3Al43Co4,FALSE
Mn3Al43Ni4,FALSE
Mn3Al44Co3,FALSE
Mn3Al44Ni3,FALSE
Mn3Al45Co2,FALSE
Mn3Al45Ni2,FALSE
Mn3Al46Co,FALSE
Mn3Al46Ni,FALSE
Mn3Al47,FALSE
Mn3Al9Si8,FALSE
Mn3CoB,TRUE
Mn3Fe15B2,FALSE
Mn3Fe37B10,TRUE
Mn3Fe81B16,TRUE
Mn3Fe83B14,TRUE
Mn3Fe85B12,FALSE
Mn3Fe87B10,FALSE
Mn3Fe89B8,FALSE
Mn3Fe91B6,FALSE
Mn3Fe93B4,FALSE
Mn3Si10Pd37,TRUE
Mn3Si20Pd77,TRUE
Mn4(Nb5Co27)3,TRUE
Mn40.5Co43.5B16,TRUE
Mn43(Co11B8)3,TRUE
Mn43(Co15B4)3,TRUE
Mn43.5Co36.5B20,TRUE
Mn43Co37B20,TRUE
Mn47Co25B28,TRUE
Mn49(Co13B4)3,TRUE
Mn49(Co9B8)3,TRUE
Mn49Co35B16,TRUE
Mn4Al11Si5,TRUE
Mn4Al13Ge3,FALSE
Mn4Al13Si3,FALSE
Mn4Al41Ni5,FALSE
Mn4Al43Ni3,FALSE
Mn4Al45Co,FALSE
Mn4Al45Ni,FALSE
Mn4Al83Ni13,FALSE
Mn4Al9Si7,TRUE
Mn4Co16B5,TRUE
Mn4Fe16B5,TRUE
Mn4Fe77B19,TRUE
Mn5(Al7Ge8)3,TRUE
Mn5(Co3B2)4,TRUE
Mn5(Fe13B2)3,FALSE
Mn5(Fe14B)3,FALSE
Mn51.5Co28.5B20,TRUE
Mn51Co33B16,TRUE
Mn57Co27B16,TRUE
Mn59.5Co24.5B16,TRUE
Mn59Co25B16,TRUE
Mn5Al8Si7,FALSE
Mn5Co13B7,TRUE
Mn5Co17B3,TRUE
Mn5Fe37B8,TRUE
Mn5Fe38B7,TRUE
Mn5Fe41B4,FALSE
Mn5Fe81B14,TRUE
Mn5Fe83B12,FALSE
Mn5Fe87B8,FALSE
Mn5Fe89B6,FALSE
Mn5Fe91B4,FALSE
Mn5Ge18Pd77,TRUE
Mn63Co21B16,TRUE
Mn67Co17B16,TRUE
Mn6Al69Ge25,TRUE
Mn6Co11B8,TRUE
Mn6Co13B6,TRUE
Mn6Co14B5,TRUE
Mn6Nb15Co79,TRUE
Mn7(Co2B)6,TRUE
Mn7(Ge6Pd25)3,TRUE
Mn7.2Co64.8B28,TRUE
Mn7.5Co67.5B25,TRUE
Mn7.6Co68.4B24,TRUE
Mn74(SiP)13,TRUE
Mn74Si23P3,TRUE
Mn7Al33Si10,TRUE
Mn7Al85Ni8,FALSE
Mn7Co13B5,TRUE
Mn7Co27B16,TRUE
Mn7Co29B14,TRUE
Mn7Co61B32,TRUE
Mn7Co65B28,TRUE
Mn7Fe2B,FALSE
Mn7Fe33B10,TRUE
Mn7Si20Pd73,TRUE
Mn8.4Co75.6B16,TRUE
Mn85(Fe2B3)3,TRUE
Mn8Co12B5,TRUE
Mn8Nb15Co77,TRUE
Mn9Co11B5,TRUE
Mn9Co35B6,TRUE
Mn9Co75B16,TRUE
Mn9Co79B12,TRUE
Mn9Co9B7,TRUE
Mn9Fe31B10,TRUE
Mn9Fe74P17,TRUE
MnAl12Si7,FALSE
MnAl14Si5,FALSE
MnAl23Co,FALSE
MnAl23Ni,FALSE
MnAl24,FALSE
MnAl2Si,FALSE
MnAl3Si,FALSE
MnAl43Co6,FALSE
MnAl44Co5,FALSE
MnAl44Ni5,TRUE
MnAl45Co4,FALSE
MnAl45Ni4,FALSE
MnAl46Co3,FALSE
MnAl46Ni3,FALSE
MnAl47Co2,FALSE
MnAl47Ni2,FALSE
MnAl48Co,FALSE
MnAl48Ni,FALSE
MnAl49,FALSE
MnAl5Ge4,TRUE
MnAlCu2,FALSE
MnCo3B,TRUE
MnFe15B4,TRUE
MnFe17B2,FALSE
MnFe19B5,TRUE
MnFe39B10,TRUE
MnFe3B,TRUE
MnFe7B2,TRUE
MnFe83B16,TRUE
MnFe85B14,TRUE
MnFe89B10,FALSE
MnFe8B,FALSE
MnFe91B8,FALSE
MnFe95B4,FALSE
MnGe9Pd40,TRUE
MnSi10Pd39,TRUE
MnSi20Pd79,TRUE
MnSi4Pd15,TRUE
MnSi5Pd19,TRUE
Mo12P5Rh8,TRUE
Mo12P5Ru8,TRUE
Mo16P5Ru4,TRUE
Mo3Ru2,TRUE
Mo4P5Ru16,TRUE
Mo8P5Ru12,TRUE
Nb10.3Fe80.3B9.4,TRUE
Nb10Ni73B17,TRUE
Nb11.5Ni71.5B17,TRUE
Nb11Si4Mo5,TRUE
Nb11V5Si4,FALSE
Nb12Fe83B5,FALSE
Nb12Fe85B3,FALSE
Nb13Co77B10,TRUE
Nb13Si4Mo3,TRUE
Nb13Si4W3,FALSE
Nb13V3Si4,TRUE
Nb14Co81B5,TRUE
Nb15Co73Ni12,TRUE
Nb15Fe12Co73,TRUE
Nb15Fe26Co59,TRUE
Nb15Fe2Co83,TRUE
Nb15Fe3.5Co81.5,TRUE
Nb15Fe42.5Co42.5,TRUE
Nb15Fe4Co81,TRUE
Nb15Fe6Co79,TRUE
Nb15Fe72.5Co12.5,TRUE
Nb15Fe77B8,TRUE
Nb15Fe79B6,FALSE
Nb15Si2Ge3,TRUE
Nb15Si4Mo,TRUE
Nb15Si4W,TRUE
Nb15VSi4,TRUE
Nb16.5Ni66.5B17,TRUE
Nb17Si3,TRUE
Nb19(Si2Ge)2,TRUE
Nb19Si5Ge,TRUE
Nb20Si3C2,TRUE
Nb20Si4C,TRUE
Nb20Si4Ge,TRUE
Nb2Co20B3,TRUE
Nb2Ni3,TRUE
Nb3(Fe10B)2,TRUE
Nb39Si7Ge4,TRUE
Nb3Co17,TRUE
Nb3Fe12Co5,TRUE
Nb3Fe15B2,TRUE
Nb3Fe16B,FALSE
Nb3Fe2Co15,TRUE
Nb3Fe80B17,TRUE
Nb3Ni2,TRUE
Nb3SiMo,TRUE
Nb3VSi,TRUE
Nb40(Ni19Pt)3,TRUE
Nb40Ni59Ir,TRUE
Nb40Ni59Pd,TRUE
Nb40Ni59Pt,TRUE
Nb40Si7C3,TRUE
Nb40Si9C,TRUE
Nb40Si9Ge,TRUE
Nb4Si,TRUE
Nb5(Co14B)3,FALSE
Nb5.3Fe80.2B14.5,TRUE
Nb5.5Fe81.5B13,FALSE
Nb5.5Fe85.5B9,FALSE
Nb5Fe83B12,TRUE
Nb5Fe87B8,FALSE
Nb5Fe89B6,FALSE
Nb5Fe92B3,FALSE
Nb5Ni78B17,TRUE
Nb5Si2Mo3,TRUE
Nb6.8Fe76B17.2,TRUE
Nb6.9Fe80B13.1,TRUE
Nb6Fe39B5,TRUE
Nb6Fe41B3,TRUE
Nb7(Fe27B4)3,TRUE
Nb7(Fe28B3)3,TRUE
Nb7.1Fe77.9B15,TRUE
Nb7.1Fe82.3B10.6,FALSE
Nb7.1Fe83.4B9.5,FALSE
Nb7.3Fe77.5B15.2,TRUE
Nb7.3Fe79.5B13.2,TRUE
Nb7.5Fe83B9.5,FALSE
Nb7.6Fe81.1B11.3,TRUE
Nb7.7Fe78.1B14.2,TRUE
Nb7.8Fe78.4B13.8,TRUE
Nb76.5Si8.5Ge15,TRUE
Nb77Si10Ge13,TRUE
Nb77Si23,TRUE
Nb7Co40B3,TRUE
Nb7Co42B,TRUE
Nb7Fe77B16,TRUE
Nb7Fe78.7B14.3,TRUE
Nb7Fe79.9B13.1,TRUE
Nb7Fe83B10,TRUE
Nb7Fe85B8,TRUE
Nb7Si2Mo,TRUE
Nb7Si2W,TRUE
Nb7VSi2,TRUE
Nb8.3Fe77.5B14.2,TRUE
Nb8.3Fe78.5B13.2,TRUE
Nb8.7Fe76B15.3,TRUE
Nb8.9Fe79.6B11.5,TRUE
Nb80Si17Ge3,TRUE
Nb80Si19C,TRUE
Nb80Si19Ge,TRUE
Nb8Fe75B17,TRUE
Nb8Fe79B13,TRUE
Nb8Ni75B17,TRUE
Nb9.1Fe79.9B11,TRUE
Nb9.3Fe77.5B13.2,TRUE
Nb9.6Fe77.5B12.9,TRUE
Nb9.6Fe77B13.4,TRUE
Nb9.8Fe75.2B15,TRUE
Nb9Si4Mo7,FALSE
NbFe17B2,TRUE
NbNi,TRUE
Nd(Al10Ni)9,FALSE
Nd(Al11Ni)2,TRUE
Nd(Al28Ni5)3,TRUE
Nd(Al5Ni)4,TRUE
Nd(Al6Ni)7,TRUE
Nd(Al7Ni)3,TRUE
Nd(Al8Ni)11,TRUE
Nd(AlCu11)2,FALSE
Nd(AlCu7)3,FALSE
Nd(Mg2Cu)3,TRUE
Nd(Mg2Ni)3,TRUE
Nd(MgCu)2,TRUE
Nd(MgCu2)3,FALSE
Nd(MgNi)2,TRUE
Nd10Al79Ni11,TRUE
Nd10Fe82.5B7.5,TRUE
Nd11.8Fe82.1B6.1,TRUE
Nd11Al5Ni4,TRUE
Nd11Fe89,TRUE
Nd12.375Fe70.125B17.5,TRUE
Nd12Fe69.5B18.5,TRUE
Nd13Fe79B8,TRUE
Nd14Fe78.2B7.8,TRUE
Nd14Fe81B5,FALSE
Nd14Fe82.2B4.8,TRUE
Nd15Fe77.5B7.5,TRUE
Nd15Fe77B8,TRUE
Nd15Fe82B3,TRUE
Nd16.5Fe66B17.5,TRUE
Nd16.8Fe67.2B16,TRUE
Nd2(Al15Ni)3,TRUE
Nd2(Al5Ni)3,TRUE
Nd2(Mg5Cu)3,TRUE
Nd2(Mg5Ni)3,TRUE
Nd2.5Mg97.5,FALSE
Nd20.625Fe61.875B17.5,TRUE
Nd20Fe61.5B18.5,TRUE
Nd21Fe21B8,TRUE
Nd21Fe79,TRUE
Nd27.7Fe56.3B16,TRUE
Nd2Al17Ni,TRUE
Nd2Al20Ni3,TRUE
Nd2Al21Ni2,TRUE
Nd2Al22Ni,TRUE
Nd2Al23,TRUE
Nd2Al2Cu21,TRUE
Nd2Al3Cu20,TRUE
Nd2Al41Ni7,TRUE
Nd2Al43Ni5,TRUE
Nd2Al47Ni,FALSE
Nd2Al5Cu43,FALSE
Nd2Al7Cu41,FALSE
Nd2Al7Ni,FALSE
Nd2Al85Ni13,TRUE
Nd2AlCu22,FALSE
Nd2Cu3,FALSE
Nd2Fe3,TRUE
Nd2Fe7B,TRUE
Nd2Mg11Cu7,TRUE
Nd2Mg11Ni7,TRUE
Nd2Mg13Cu5,TRUE
Nd2Mg13Ni5,TRUE
Nd2Mg17Cu,TRUE
Nd2Mg17Ni,TRUE
Nd2Mg2Cu,FALSE
Nd2Mg3Cu5,TRUE
Nd2Mg3Ni5,FALSE
Nd2Mg5Cu3,TRUE
Nd2Mg5Ni3,TRUE
Nd2Mg7Cu,TRUE
Nd2Mg7Ni,TRUE
Nd2MgCu2,FALSE
Nd2MgCu7,FALSE
Nd2MgNi2,TRUE
Nd2Ni3,FALSE
Nd3(Al10Ni)2,TRUE
Nd30Fe51.5B18.5,TRUE
Nd33.6Fe50.4B16,TRUE
Nd33Fe67,TRUE
Nd3Al13Ni4,TRUE
Nd3Al14Ni3,TRUE
Nd3Al15Ni2,TRUE
Nd3Al16Ni,FALSE
Nd3Al21Ni,TRUE
Nd3Al22,TRUE
Nd3Al2Cu45,FALSE
Nd3Al3Cu44,FALSE
Nd3Al41Ni6,TRUE
Nd3Al42Ni5,TRUE
Nd3Al43Ni4,TRUE
Nd3Al44Ni3,TRUE
Nd3Al45Ni2,TRUE
Nd3Al46Ni,FALSE
Nd3Al47,FALSE
Nd3Al4Cu43,FALSE
Nd3Al5Cu42,FALSE
Nd3Al6Cu41,FALSE
Nd3Al7Cu40,FALSE
Nd3Al90Ni7,TRUE
Nd3AlCu46,FALSE
Nd3Cu7,FALSE
Nd3Fe14B3,TRUE
Nd3Fe17,TRUE
Nd3Fe2,TRUE
Nd3Fe41B6,TRUE
Nd3Fe7,TRUE
Nd3Fe78.5B18.5,TRUE
Nd3Fe82B15,TRUE
Nd3Mg10Cu7,TRUE
Nd3Mg10Ni7,TRUE
Nd3Mg11Cu6,TRUE
Nd3Mg11Ni6,TRUE
Nd3Mg12Cu5,TRUE
Nd3Mg12Ni5,TRUE
Nd3Mg13Cu4,TRUE
Nd3Mg13Ni4,TRUE
Nd3Mg14Cu3,TRUE
Nd3Mg14Ni3,TRUE
Nd3Mg15Cu2,TRUE
Nd3Mg15Ni2,TRUE
Nd3Mg16Cu,FALSE
Nd3Mg16Ni,FALSE
Nd3Mg17,FALSE
Nd3Mg2Cu5,TRUE
Nd3Mg2Ni5,TRUE
Nd3Mg3Cu4,TRUE
Nd3Mg4Cu3,TRUE
Nd3Mg4Ni3,TRUE
Nd3Mg5Cu2,TRUE
Nd3Mg5Ni2,TRUE
Nd3Mg6Ni,TRUE
Nd3Mg9Ni8,TRUE
Nd3MgCu6,TRUE
Nd3MgNi,TRUE
Nd3MgNi6,FALSE
Nd3Ni2,TRUE
Nd3Ni7,FALSE
Nd4(MgNi)3,TRUE
Nd4.125Fe78.375B17.5,TRUE
Nd4.5Fe77B18.5,TRUE
Nd4Al13Ni3,FALSE
Nd4Al15Ni,FALSE
Nd4Al3Cu43,TRUE
Nd4Al41Ni5,TRUE
Nd4Al43Ni3,TRUE
Nd4Al45Ni,TRUE
Nd4Al5Cu41,TRUE
Nd4Al7Cu39,FALSE
Nd4AlCu45,FALSE
Nd4Fe19B2,TRUE
Nd4Fe77B19,TRUE
Nd4Mg11Cu5,TRUE
Nd4Mg11Ni5,TRUE
Nd4Mg13Cu3,TRUE
Nd4Mg13Ni3,TRUE
Nd4Mg15Ni,TRUE
Nd4Mg5Ni,FALSE
Nd4Mg9Cu7,TRUE
Nd4Mg9Ni7,TRUE
Nd4MgNi5,TRUE
Nd4Ni,FALSE
Nd5(Al14Ni)3,TRUE
Nd5(Al2Cu13)3,FALSE
Nd5(AlCu14)3,TRUE
Nd5(Mg3Cu2)3,TRUE
Nd5(Mg3Ni2)3,TRUE
Nd5(Mg4Cu)3,FALSE
Nd5(Mg4Ni)3,TRUE
Nd50.4Fe33.6B16,TRUE
Nd50Fe31.5B18.5,TRUE
Nd5Al2Cu43,FALSE
Nd5Al37Ni8,TRUE
Nd5Al41Ni4,TRUE
Nd5Al43Ni2,TRUE
Nd5Al44Ni,TRUE
Nd5Al4Cu41,FALSE
Nd5Al7Cu38,FALSE
Nd5Al87Ni8,TRUE
Nd5AlCu44,FALSE
Nd5Mg11Cu4,TRUE
Nd5Mg11Ni4,TRUE
Nd5Mg13Cu2,FALSE
Nd5Mg13Ni2,TRUE
Nd5Mg2Ni3,TRUE
Nd5Mg3Ni2,TRUE
Nd5Mg4Ni,FALSE
Nd5Mg7Ni8,TRUE
Nd5Mg83Ni12,TRUE
Nd5Mg88Ni7,TRUE
Nd5Mg8Ni7,TRUE
Nd5MgNi4,TRUE
Nd6Fe41B3,TRUE
Nd6Fe75.5B18.5,TRUE
Nd6Mg11Ni3,TRUE
Nd6Mg3Ni,FALSE
Nd6Mg9Cu5,TRUE
Nd6Mg9Ni5,TRUE
Nd6MgNi3,TRUE
Nd7(Al29Ni2)3,TRUE
Nd7.5Mg90Ni2.5,TRUE
Nd7.5Mg92.5,FALSE
Nd7Al43,TRUE
Nd7Al83Ni10,TRUE
Nd7Al85Ni8,TRUE
Nd7Fe13,TRUE
Nd7Mg10Ni3,TRUE
Nd7Mg11Ni2,TRUE
Nd7Mg2Ni,FALSE
Nd7Mg6Cu7,TRUE
Nd7Mg8Ni5,TRUE
Nd7Mg9Cu4,TRUE
Nd7Mg9Ni4,TRUE
Nd7MgNi2,FALSE
Nd7Ni3,TRUE
Nd8(Fe13B)3,FALSE
Nd8.25Fe74.25B17.5,TRUE
Nd9.2Fe74.8B16,TRUE
Nd9Al81Ni10,TRUE
Nd9Al83Ni8,TRUE
Nd9Al85Ni6,TRUE
Nd9Fe41,TRUE
Nd9Fe82B9,TRUE
NdAl15Ni4,FALSE
NdAl16Ni3,TRUE
NdAl17Ni2,TRUE
NdAl18Ni,TRUE
NdAl23Ni,FALSE
NdAl24,FALSE
NdAl40Ni9,TRUE
NdAl41Ni8,TRUE
NdAl43Ni6,TRUE
NdAl44Ni5,TRUE
NdAl45Ni4,TRUE
NdAl46Ni3,FALSE
NdAl47Ni2,FALSE
NdAl48Ni,FALSE
NdAl49,FALSE
NdAl5Cu44,FALSE
NdAl7Ni2,TRUE
NdAl86Ni13,TRUE
NdAl8Ni,TRUE
NdAl9,TRUE
NdAlCu23,FALSE
NdAlCu8,FALSE
NdCu4,FALSE
NdFe,TRUE
NdFe3,TRUE
NdFe4,TRUE
NdFe9,TRUE
NdMg11Cu8,TRUE
NdMg13Cu6,TRUE
NdMg13Ni6,TRUE
NdMg14Cu5,TRUE
NdMg15Cu4,TRUE
NdMg15Ni4,TRUE
NdMg16Cu3,TRUE
NdMg17Cu2,TRUE
NdMg17Ni2,TRUE
NdMg18Cu,FALSE
NdMg18Ni,FALSE
NdMg19,FALSE
NdMg2Cu,TRUE
NdMg2Ni,TRUE
NdMg3Cu,TRUE
NdMg3Ni,TRUE
NdMg4Cu5,TRUE
NdMg5Cu4,TRUE
NdMg5Ni4,FALSE
NdMg7Cu2,TRUE
NdMg7Ni2,TRUE
NdMg8Cu,TRUE
NdMg8Ni,TRUE
NdMg9,FALSE
NdMgCu3,TRUE
NdNi,FALSE
Ni,FALSE
Ni10P19Pd71,TRUE
Ni11P2Pd7,TRUE
Ni12P5Pt3,FALSE
Ni12P5Pt8,TRUE
Ni13(B5C)2,TRUE
Ni13B12,FALSE
Ni14B10C,FALSE
Ni14B7C4,TRUE
Ni14P5Pd6,TRUE
Ni14P5Pt6,TRUE
Ni15(Mo3C2)2,TRUE
Ni15B2C3,FALSE
Ni15BC4,FALSE
Ni15Mo7C3,FALSE
Ni15MoP4,TRUE
Ni16(Mo2C)3,TRUE
Ni16B5C4,TRUE
Ni16B7C2,TRUE
Ni16BC3,FALSE
Ni16BP3,TRUE
Ni16Mo5C4,TRUE
Ni16Mo7C2,FALSE
Ni16P5Pd4,TRUE
Ni16P5Pt4,TRUE
Ni17(B3C)2,TRUE
Ni17(MoC)4,FALSE
Ni17(P3Pd8)3,TRUE
Ni17B23C10,TRUE
Ni17B2C,FALSE
Ni17B5C3,TRUE
Ni17B7C,TRUE
Ni17C3,FALSE
Ni17Mo5C3,TRUE
Ni18B5C2,FALSE
Ni18B6C,FALSE
Ni18B7,TRUE
Ni18BC,FALSE
Ni18Mo4C3,FALSE
Ni18Mo5C2,FALSE
Ni18P5Pd2,TRUE
Ni18P5Pt2,FALSE
Ni19(B2C)2,TRUE
Ni19(MoC)3,FALSE
Ni19B,FALSE
Ni19B25C6,TRUE
Ni19B29C2,FALSE
Ni19B6,FALSE
Ni19C,FALSE
Ni20B4C,TRUE
Ni20P19Pd61,TRUE
Ni21B21C8,TRUE
Ni21B23C6,TRUE
Ni21B25C4,FALSE
Ni21B4,FALSE
Ni22(B3C)7,TRUE
Ni22.5P25Pt52.5,TRUE
Ni23(B7C2)3,TRUE
Ni23B23C4,FALSE
Ni23B25C2,FALSE
Ni23B27,FALSE
Ni24B19C7,TRUE
Ni24B21C5,TRUE
Ni25B19C6,TRUE
Ni25B21C4,TRUE
Ni25B23C2,FALSE
Ni26B17C7,TRUE
Ni26B19C5,TRUE
Ni27B17C6,TRUE
Ni27B20C3,FALSE
Ni27B23,FALSE
Ni27Mo14C9,FALSE
Ni28B17C5,TRUE
Ni28B19C3,TRUE
Ni28B21C,TRUE
Ni29(B5C2)3,TRUE
Ni29(Mo2C)7,FALSE
Ni29(Mo4C3)3,FALSE
Ni29B20C,TRUE
Ni29B21,TRUE
Ni29B55C16,TRUE
Ni29Mo16C5,FALSE
Ni2P5Pd18,TRUE
Ni2PPd2,TRUE
Ni2PPt2,TRUE
Ni30B11C9,TRUE
Ni30B13C7,TRUE
Ni30B17C3,TRUE
Ni31B13C6,TRUE
Ni31B14C5,TRUE
Ni31B19,TRUE
Ni31Mo10C9,FALSE
Ni31Mo12C7,TRUE
Ni31Mo69,TRUE
Ni32B11C7,TRUE
Ni33B11C6,TRUE
Ni33B14C3,TRUE
Ni33B17,TRUE
Ni33B55C12,TRUE
Ni33B7C10,FALSE
Ni33B9C8,TRUE
Ni33Mo10C7,TRUE
Ni33Mo12C5,FALSE
Ni33Mo8C9,FALSE
Ni34B11C5,TRUE
Ni34B13C3,TRUE
Ni35(B3C2)3,TRUE
Ni35(Mo2C3)3,FALSE
Ni35B11C4,FALSE
Ni35B13C2,FALSE
Ni35B14C,TRUE
Ni35B7C8,FALSE
Ni36.5P27Pd36.5,TRUE
Ni36B13C,FALSE
Ni37.5P25Pd37.5,TRUE
Ni37.5P25Pt37.5,TRUE
Ni37B10C3,FALSE
Ni37B13,FALSE
Ni37B55C8,TRUE
Ni37B59C4,TRUE
Ni37B6P7,TRUE
Ni37B8C5,TRUE
Ni37P26Pd37,TRUE
Ni38(B3C)3,FALSE
Ni38.5P23Pd38.5,TRUE
Ni38B11C,FALSE
Ni38B5P7,TRUE
Ni39B10C,TRUE
Ni39B11,FALSE
Ni39B8C3,TRUE
Ni3B2,TRUE
Ni3B5C2,TRUE
Ni3P5Pt12,TRUE
Ni3PPd,TRUE
Ni40B3P7,TRUE
Ni40B9P,TRUE
Ni40P9W,TRUE
Ni41(B2C)3,FALSE
Ni41.5P17Pd41.5,TRUE
Ni41B5C4,FALSE
Ni41B8C,TRUE
Ni41B9,TRUE
Ni41P18Pd41,TRUE
Ni41P9,TRUE
Ni42.5P15Pd42.5,TRUE
Ni42B7C,FALSE
Ni43P14Pd43,TRUE
Ni47Mo53,TRUE
Ni4B,FALSE
Ni4C,FALSE
Ni4P,TRUE
Ni4P5Pt16,TRUE
Ni5(PPd4)19,TRUE
Ni52.5P25Pt22.5,TRUE
Ni53.5B44C2.5,FALSE
Ni53B41C6,FALSE
Ni55B42.5C2.5,FALSE
Ni59Mo41,TRUE
Ni63P20Pd17,TRUE
Ni66.5B17Mo16.5,TRUE
Ni66.5B17W16.5,TRUE
Ni67B17C16,FALSE
Ni68.5B17Mo14.5,TRUE
Ni68.5B17W14.5,TRUE
Ni68Mo13P19,TRUE
Ni69Mo12P19,TRUE
Ni6P5Pd14,TRUE
Ni6P5Pt14,TRUE
Ni6P5Pt9,TRUE
Ni70.5B17Mo12.5,TRUE
Ni70.5B17W12.5,TRUE
Ni71B15P14,TRUE
Ni72Mo9P19,TRUE
Ni73(B5C4)3,FALSE
Ni73B22C5,FALSE
Ni73Mo7P20,TRUE
Ni75B13C12,FALSE
Ni75B17C8,FALSE
Ni75B17W8,TRUE
Ni75P18W7,TRUE
Ni77B13C10,FALSE
Ni77P18W5,TRUE
Ni78.5B11.5C10,FALSE
Ni7B3,TRUE
Ni7BC2,FALSE
Ni7Mo2C,TRUE
Ni81.5B1.8P16.7,TRUE
Ni81.5B11.1P7.4,TRUE
Ni81.5B12P6.5,TRUE
Ni81.5B14.8P3.7,TRUE
Ni81.5B15P3.5,TRUE
Ni81.5B16.7P1.8,TRUE
Ni81.5B17P1.5,TRUE
Ni81.5B18.5,TRUE
Ni81.5B2P16.5,TRUE
Ni81.5B5.5P13,TRUE
Ni81.5P18.5,TRUE
Ni81B14C5,TRUE
Ni81P19,TRUE
Ni8BC,FALSE
Ni8BP,TRUE
Ni8P5Pd12,TRUE
Ni8P5Pt12,FALSE
Ni9C,FALSE
Ni9P2Pd9,TRUE
Ni9P5Pt6,TRUE
NiPd,TRUE
NiPd4,TRUE
P19Ir40Pd41,TRUE
P19Pd81,TRUE
Pr0.3Zr10Fe89.7,TRUE
Pr36B5Au9,TRUE
Pr3Zr5Fe42,TRUE
Pr67.5B10Au22.5,TRUE
PrZr5Fe44,FALSE
Sb19.3Pb27.5Au53.2,TRUE
Sb22.5Pb22.5Au55,TRUE
Sc3Fe,TRUE
ScFe9,TRUE
Si(BMo2)3,FALSE
Si(Ni3B)6,TRUE
Si(Ni5B)4,FALSE
Si(Ni7B)3,FALSE
Si10B17Mo73,TRUE
Si10Ge7Pd83,TRUE
Si10Ni73B17,TRUE
Si11Ni78B11,TRUE
Si11Pd39,TRUE
Si12.5B17.5Mo70,TRUE
Si12.5B20Mo67.5,TRUE
Si12.5Ni75B12.5,TRUE
Si12Ni67B21,TRUE
Si13(GePd28)3,TRUE
Si14Ni67B19,FALSE
Si14Ni69B17,TRUE
Si15(Ni4B)17,TRUE
Si15Ni67.5C17.5,TRUE
Si15Ni72B13,TRUE
Si15Pd81Au4,TRUE
Si16(Pd25Au3)3,TRUE
Si16.5Ag1.7Pd81.8,TRUE
Si16.5Ag10Pd73.5,TRUE
Si16.5Ag12.5Pd71,TRUE
Si16.5Ag15Pd68.5,TRUE
Si16.5Ag20.9Pd62.6,FALSE
Si16.5Ag4.2Pd79.3,TRUE
Si16.5Ag4.5Pd79,TRUE
Si16.5Ag4Pd79.5,TRUE
Si16.5Ag5.5Pd78,TRUE
Si16.5Ag6.7Pd76.8,TRUE
Si16.5Ag6Pd77.5,TRUE
Si16.5Ag8.5Pd75,TRUE
Si16.5Ni1.7Pd81.8,TRUE
Si16.5Ni10Pd73.5,TRUE
Si16.5Ni11.7Pd71.8,TRUE
Si16.5Ni12.5Pd71,TRUE
Si16.5Ni15Pd68.5,TRUE
Si16.5Ni19.2Pd64.3,TRUE
Si16.5Ni20.9Pd62.6,TRUE
Si16.5Ni26.7Pd56.8,TRUE
Si16.5Ni29.2Pd54.3,TRUE
Si16.5Ni35Pd48.5,TRUE
Si16.5Ni4.2Pd79.3,TRUE
Si16.5Ni40Pd43.5,TRUE
Si16.5Ni43.4Pd40.1,TRUE
Si16.5Ni50.1Pd33.4,TRUE
Si16.5Ni58.5Pd25,FALSE
Si16.5Ni6.7Pd76.8,TRUE
Si16.5Pd62.6Au20.9,FALSE
Si16.5Pd68.5Au15,TRUE
Si16.5Pd71Au12.5,TRUE
Si16.5Pd73.5Au10,TRUE
Si16.5Pd76.5Au7,TRUE
Si16.5Pd76.8Au6.7,TRUE
Si16.5Pd76.8Rh6.7,FALSE
Si16.5Pd76Au7.5,TRUE
Si16.5Pd77.5Au6,TRUE
Si16.5Pd78.5Au5,TRUE
Si16.5Pd79.3Au4.2,TRUE
Si16.5Pd79.3Rh4.2,TRUE
Si16.5Pd79.5Au4,TRUE
Si16.5Pd80.5Au3,TRUE
Si16.5Pd80Au3.5,TRUE
Si16.5Pd81.5Au2,TRUE
Si16.5Pd81.8Au1.7,TRUE
Si16.5Pd81.8Rh1.7,TRUE
Si16.5Pd83.5,TRUE
Si16Ag5Pd79,TRUE
Si16Ni76.5B7.5,FALSE
Si16Pd80.5Au3.5,TRUE
Si17.5Ni67.5C15,TRUE
Si17.6Pd82.4,TRUE
Si17B12Mo71,TRUE
Si17Pd71Au12,TRUE
Si17Pd79Au4,TRUE
Si18Ag5Pd77,TRUE
Si18Ni16.4Pd65.6,TRUE
Si18Ni32.8Pd49.2,TRUE
Si18Ni49.2Pd32.8,TRUE
Si18Ni69B13,FALSE
Si18Ni8.2Pd73.8,TRUE
Si18Pd75Au7,TRUE
Si18Pd77Au5,TRUE
Si18Pd79Au3,TRUE
Si18Pd81Au,TRUE
Si2(BMo5)3,TRUE
Si2(Ni11B5)3,FALSE
Si2(Ni5B)3,TRUE
Si2(Ni5C)3,FALSE
Si2.5B20Mo77.5,FALSE
Si2.5Ni72.5B25,FALSE
Si2.5Ni75.5B22,FALSE
Si2.5Ni77.5B20,FALSE
Si20Ag4.5Pd75.5,TRUE
Si20Ni67.5C12.5,TRUE
Si20Pd73Au7,TRUE
Si21Pd75Au4,TRUE
Si21Pd79,TRUE
Si22.5B7.5Mo70,TRUE
Si22.5Ni65C12.5,TRUE
Si22.5Ni67.5C10,FALSE
Si2B5Mo13,TRUE
Si2BMo17,FALSE
Si2BMo7,TRUE
Si2BW7,TRUE
Si2Ni16B7,FALSE
Si2Ni17B6,TRUE
Si2Ni17C,FALSE
Si2Ni18B5,TRUE
Si2Ni20B3,FALSE
Si2Ni7C,FALSE
Si3(Ni10B)2,FALSE
Si3(Ni8B3)2,FALSE
Si3(Ni9B2)2,TRUE
Si3B2Mo15,TRUE
Si3B3Mo14,TRUE
Si3B4Mo13,FALSE
Si3B5Mo12,FALSE
Si3BMo16,FALSE
Si3GePd21,TRUE
Si3Ni13B4,TRUE
Si3Ni14C3,FALSE
Si3Ni15B2,TRUE
Si3Ni15B7,FALSE
Si3Ni15C2,FALSE
Si3Ni16C,FALSE
Si3Ni17,FALSE
Si3Ni17B5,TRUE
Si3Ni19B3,TRUE
Si3Ni33B14,TRUE
Si3Ni36B11,TRUE
Si3Ni38B9,TRUE
Si3Ni40B7,FALSE
Si3Ni69B28,TRUE
Si3Ni70B27,TRUE
Si3Ni80B17,TRUE
Si3Pd17,TRUE
Si4(Ni6B)3,TRUE
Si4B11Mo35,TRUE
Si4B3Mo13,FALSE
Si4BMo15,FALSE
Si4BPd20,TRUE
Si4Ni15C,FALSE
Si4Ni17B4,FALSE
Si4Ni39B7,TRUE
Si4Pd21,TRUE
Si5(B2Mo13)3,TRUE
Si5(Ni11B4)3,TRUE
Si5(Ni13B2)3,TRUE
Si5B11Mo34,TRUE
Si5B2Mo13,FALSE
Si5BMo14,FALSE
Si5Ni13C2,FALSE
Si5Ni14C,FALSE
Si5Ni38B7,TRUE
Si5Pd17Au3,TRUE
Si5Pd19Au,TRUE
Si7(Ni24B7)3,TRUE
Si7.5B20Mo72.5,TRUE
Si7.5Ni70B22.5,TRUE
Si7.5Ni75B17.5,TRUE
Si7GePd42,TRUE
Si7Ni36B7,TRUE
Si7Ni38B5,TRUE
Si7Ni76B17,TRUE
Si8(Ni5B)7,TRUE
Si8(Pd13Au)3,TRUE
Si8.5Ni66B25.5,TRUE
Si8B17Mo75,TRUE
Si8Ni75B17,TRUE
Si9(Ge2Au11)7,TRUE
Si9.45Ge13.66Au76.89,TRUE
Si9Ni36B5,FALSE
Si9Ni38B3,FALSE
Si9Pd36Au5,TRUE
Si9Pd37Au4,TRUE
Si9Pd38Au3,TRUE
Si9Pd39Au2,TRUE
Si9Pd40Au,TRUE
Si9Pd41,TRUE
Si9Pd8Au33,TRUE
SiB2Mo17,FALSE
SiB2Mo7,TRUE
SiB3Mo16,FALSE
SiB4Mo15,TRUE
SiB5Mo14,FALSE
SiBMo18,FALSE
SiBMo3,FALSE
SiBMo8,FALSE
SiNi15B4,TRUE
SiNi15C4,FALSE
SiNi16C3,FALSE
SiNi17B7,TRUE
SiNi17C2,FALSE
SiNi18C,FALSE
SiNi19,FALSE
SiNi19B5,TRUE
SiNi36B13,TRUE
SiNi4,FALSE
SiNi7C2,FALSE
SiNi8B,TRUE
SiNi8C,FALSE
SiNi9,FALSE
SiNiPd3,TRUE
SiPd4,TRUE
Sm1.3Fe79B19.7,TRUE
Sm10Al89Ni,TRUE
Sm11Al5Ni4,TRUE
Sm2(Al5Ni)3,TRUE
Sm2Al17Ni,TRUE
Sm2Al23,TRUE
Sm2Al7Ni,TRUE
Sm3Al14Ni3,TRUE
Sm3Al15Ni2,TRUE
Sm3Al16Ni,TRUE
Sm3Al22,TRUE
Sm3Al47,FALSE
Sm4Al13Ni3,TRUE
Sm4Al15Ni,FALSE
Sm4Al21,TRUE
Sm5Al87Ni8,TRUE
Sm5Fe77B18,TRUE
Sm6Al39Ni5,TRUE
Sm7(Al29Ni2)3,TRUE
Sm7Al43,TRUE
Sm7Al83Ni10,TRUE
Sm7Al85Ni8,TRUE
Sm9Al41,FALSE
Sm9Al81Ni10,TRUE
Sm9Al83Ni8,TRUE
Sm9Al85Ni6,TRUE
SmAl15Ni4,FALSE
SmAl16Ni3,TRUE
SmAl17Ni2,TRUE
SmAl18Ni,TRUE
SmAl7Ni2,TRUE
SmAl8Ni,TRUE
SmAl9,TRUE
Sr1.5La61.5Cu37,TRUE
Sr10La53Cu37,TRUE
Sr10La61.5Cu28.5,TRUE
Sr11La52Cu37,TRUE
Sr11La60Cu29,TRUE
Sr12.5La50.5Cu37,TRUE
Sr12.5La57.5Cu30,TRUE
Sr13.5La56Cu30.5,TRUE
Sr14.5La53.5Cu32,TRUE
Sr14La49Cu37,TRUE
Sr14La55Cu31,TRUE
Sr15.5La51.5Cu33,TRUE
Sr15La48Cu37,TRUE
Sr15La52.5Cu32.5,TRUE
Sr16La47Cu37,TRUE
Sr17La47Cu36,TRUE
Sr17La48Cu35,TRUE
Sr2.5La60.5Cu37,TRUE
Sr2La71Cu27,TRUE
Sr3.5La59.5Cu37,TRUE
Sr3La70Cu27,TRUE
Sr4(La23Cu9)3,TRUE
Sr4La59Cu37,TRUE
Sr5La58Cu37,TRUE
Sr5La67.5Cu27.5,TRUE
Sr6.5La66Cu27.5,TRUE
Sr6La29Cu15,TRUE
Sr6La57Cu37,TRUE
Sr7.5La64.5Cu28,TRUE
Sr7La56Cu37,TRUE
Sr8.5La63.5Cu28,TRUE
Sr8La25Cu17,TRUE
Sr8La55Cu37,TRUE
Sr9La54Cu37,TRUE
Sr9La62.5Cu28.5,TRUE
SrLa62Cu37,TRUE
Ta(NbNi2)3,TRUE
Ta10Ni31P9,TRUE
Ta10Ni73B17,TRUE
Ta12Ni71B17,TRUE
Ta13Ni70B17,TRUE
Ta2(Ti5Si)3,TRUE
Ta2Ni17P,TRUE
Ta2Ni3,TRUE
Ta3Nb13Si4,FALSE
Ta3Nb5Ni12,TRUE
Ta3NbNi6,TRUE
Ta3Ni7,TRUE
Ta40Ni59Ir,TRUE
Ta40Ni59Pd,TRUE
Ta40Ni59Ru,TRUE
Ta4Ni15P,TRUE
Ta4Ti13Si3,TRUE
Ta5(NbNi4)3,TRUE
Ta5(Ni4P)9,TRUE
Ta5CoNi4,TRUE
Ta6Ni13P,TRUE
Ta6Ti11Si3,TRUE
Ta7Fe83B10,TRUE
Ta7Ni13,TRUE
Ta8(Ti3Si)3,TRUE
TaNb15Si4,TRUE
TaNb7Ni12,TRUE
TaNb7Si2,TRUE
TaNbNi3,TRUE
TaNi,TRUE
TaNi4,TRUE
TaNi9,TRUE
Tb1.3Fe79B19.7,TRUE
Tb15Fe76.5Co8.5,TRUE
Tb28.3Al15Fe56.7,FALSE
Tb28.3Fe56.7Si15,TRUE
Tb30(Fe9Co)7,TRUE
Tb30.8Al7.5Fe61.7,TRUE
Tb30.8Fe61.7Si7.5,TRUE
Tb32.5Al2.5Fe65,TRUE
Tb32.5Fe65Si2.5,TRUE
Tb33.3Fe66.7,FALSE
Tb3Al,TRUE
Tb5Fe77B18,TRUE
Tb67.5Al22.5B10,TRUE
Ti,FALSE
Ti(Al2Ni)3,TRUE
Ti(AlCu)2,FALSE
Ti(Co3B)6,TRUE
Ti(CuNi)2,FALSE
Ti(CuNi2)3,FALSE
Ti0.8Fe83.2B16,TRUE
Ti1.1Al98.9,FALSE
Ti10Al3Cu7,TRUE
Ti10Al9Cu,FALSE
Ti10Be7Si3,FALSE
Ti10Be9Si,FALSE
Ti10Co76.5B13.5,TRUE
Ti10Cu3Ni7,FALSE
Ti10CuNi9,FALSE
Ti10FeCu9,TRUE
Ti10Nb7Si3,TRUE
Ti10Si3Ni7,TRUE
Ti10SiNi9,FALSE
Ti10V7Si3,FALSE
Ti11(AlCu2)3,TRUE
Ti11(Be2Si)3,FALSE
Ti11(Nb2Si)3,TRUE
Ti11(SiNi2)3,TRUE
Ti11(V2Si)3,TRUE
Ti11Al2Cu7,TRUE
Ti11Al72Ni17,TRUE
Ti11Al9,FALSE
Ti11Be7Si2,FALSE
Ti11Be8Si,FALSE
Ti11Be9,FALSE
Ti11Cu9,TRUE
Ti11Ni9,TRUE
Ti11Si2Ni7,TRUE
Ti11Si4Ni5,FALSE
Ti11SiNi8,TRUE
Ti12Al3Cu5,TRUE
Ti12Al3Ni5,TRUE
Ti12Al5Cu8,TRUE
Ti12Al5Ni8,TRUE
Ti12Al7Cu,FALSE
Ti12Be5Si3,FALSE
Ti12Be7Si,TRUE
Ti12FeCu7,TRUE
Ti12Nb5Si3,TRUE
Ti12Si3Ni5,TRUE
Ti12Si5Ni8,TRUE
Ti12SiNi7,TRUE
Ti12V5Si3,TRUE
Ti13(Al15Ni14)3,TRUE
Ti13Al2Cu5,TRUE
Ti13Al2Ni5,TRUE
Ti13Al7,FALSE
Ti13Al70Ni17,TRUE
Ti13Al87,FALSE
Ti13Be4Si3,FALSE
Ti13Be5Si2,FALSE
Ti13Be6Si,TRUE
Ti13Be7,FALSE
Ti13Cu7,TRUE
Ti13Nb4Si3,TRUE
Ti13Ni67P20,TRUE
Ti13Ni7,TRUE
Ti13Si2Ni5,TRUE
Ti13Si3Ni4,TRUE
Ti13Si4Ni3,FALSE
Ti13SiNi6,TRUE
Ti13V4Si3,TRUE
Ti14(BeSi)3,FALSE
Ti14(NbSi)3,TRUE
Ti14(SiNi)3,TRUE
Ti14(VSi)3,TRUE
Ti14Al5Cu,FALSE
Ti14Be5Si,TRUE
Ti14Si4Ni7,TRUE
Ti14SiNi5,TRUE
Ti15(Nb4Si)17,TRUE
Ti15(Nb4Si)7,TRUE
Ti15Al13Ni22,TRUE
Ti15Al19Ni16,TRUE
Ti15Be2Si3,FALSE
Ti15Be3Si2,FALSE
Ti15Be4Si,FALSE
Ti15Co72.25B12.75,TRUE
Ti15Cu3Ni2,FALSE
Ti15CuNi4,TRUE
Ti15Nb26Si9,TRUE
Ti15Nb27Si8,TRUE
Ti15Nb2Si3,TRUE
Ti15Si2Ni3,TRUE
Ti15Si3Ni2,TRUE
Ti15Si4Ni,FALSE
Ti15SiNi4,TRUE
Ti15V2Si3,TRUE
Ti15VSi4,TRUE
Ti16Al19Ni15,TRUE
Ti16Al47Ni37,TRUE
Ti16Al9,FALSE
Ti16Cu3Ni,FALSE
Ti16CuNi3,FALSE
Ti16NbSi3,TRUE
Ti16P19Pd65,TRUE
Ti16Si3Ni,TRUE
Ti16Si5Ni4,TRUE
Ti16SiNi3,FALSE
Ti16SiNi8,TRUE
Ti16VSi3,TRUE
Ti17(Al9Ni2)3,TRUE
Ti17Al33,TRUE
Ti17Al35Ni48,TRUE
Ti17Cu33,FALSE
Ti17CuNi2,FALSE
Ti17Ni3,FALSE
Ti17Si2Ni,FALSE
Ti17Si3,TRUE
Ti17SiNi2,FALSE
Ti17VSi2,FALSE
Ti18CuNi,FALSE
Ti18Fe3Si4,TRUE
Ti18Ni7,TRUE
Ti19Al29Ni52,TRUE
Ti19Al31,TRUE
Ti19Al31Ni50,FALSE
Ti19Si,FALSE
Ti2(Co13B3)3,TRUE
Ti2(Nb5Si)3,TRUE
Ti2.1Ni78.8B19.1,TRUE
Ti2.9Al97.1,FALSE
Ti20(Al3Ni7)3,TRUE
Ti20P19Pd61,TRUE
Ti21Al15Ni14,TRUE
Ti21Al22Ni7,TRUE
Ti21Nb22Cu57,TRUE
Ti22(Al3Ni)7,TRUE
Ti22Al43Ni35,TRUE
Ti22Al53Ni25,TRUE
Ti23(Al9Ni2)7,TRUE
Ti23Al40Ni37,TRUE
Ti23Al67Ni10,TRUE
Ti23Nb20Cu57,TRUE
Ti26(Nb5Si3)3,TRUE
Ti26Al57Ni17,TRUE
Ti27Al23,TRUE
Ti27Al5Ni18,TRUE
Ti27Cu73,TRUE
Ti27Nb15Si8,TRUE
Ti28(Nb5Cu19)3,TRUE
Ti28.8Nb33Cu38.2,TRUE
Ti28Nb15Si7,TRUE
Ti28Nb47Si25,FALSE
Ti29(Nb5Si2)3,FALSE
Ti29Be21,FALSE
Ti2Al11Cu7,FALSE
Ti2Al23,FALSE
Ti2Al2Cu,FALSE
Ti2Al3,FALSE
Ti2Al3Cu5,TRUE
Ti2Al5Cu3,FALSE
Ti2Al7Cu,FALSE
Ti2AlCu,FALSE
Ti2AlCu7,FALSE
Ti2AlNi,TRUE
Ti2AlNi2,TRUE
Ti2AlNi7,FALSE
Ti2Co17B6,TRUE
Ti2Co18B5,TRUE
Ti2Co37B11,TRUE
Ti2Cu2Ni,TRUE
Ti2Cu3,TRUE
Ti2Cu3Ni5,FALSE
Ti2Cu5Ni3,FALSE
Ti2Cu7Ni,FALSE
Ti2CuNi,TRUE
Ti2CuNi2,FALSE
Ti2CuNi7,FALSE
Ti2Ni3,TRUE
Ti2P19Pd79,TRUE
Ti2Si3Ni5,FALSE
Ti2SiNi2,TRUE
Ti3(Co8B3)2,TRUE
Ti3.36Fe80.64B16,TRUE
Ti3.5Al95.8Ni0.7,FALSE
Ti3.8Ni78B18.2,TRUE
Ti30.1Nb30Cu39.9,TRUE
Ti31Be19,TRUE
Ti31Ni15B4,TRUE
Ti31Ni19,TRUE
Ti32.3Nb25Cu42.7,TRUE
Ti32Al59Ni9,TRUE
Ti33Nb10Cu57,TRUE
Ti34.4Nb20Cu45.6,TRUE
Ti36.6Nb15Cu48.4,TRUE
Ti37Al52Ni11,TRUE
Ti37Nb50Si13,FALSE
Ti37Ni63,TRUE
Ti38.7Nb10Cu51.3,TRUE
Ti38Nb5Cu57,TRUE
Ti39Si11,TRUE
Ti3Al,FALSE
Ti3Al2,FALSE
Ti3Al2Cu5,TRUE
Ti3Al3Cu4,FALSE
Ti3Al4Cu3,FALSE
Ti3Al5Cu2,FALSE
Ti3Al6Cu,FALSE
Ti3Al7,FALSE
Ti3Al7Cu10,TRUE
Ti3Al9Cu8,FALSE
Ti3AlCu,FALSE
Ti3AlCu6,TRUE
Ti3AlNi,TRUE
Ti3Be2,TRUE
Ti3Co17B5,TRUE
Ti3Cu17,FALSE
Ti3Cu2,TRUE
Ti3Cu2Ni5,FALSE
Ti3Cu3Ni4,FALSE
Ti3Cu4Ni3,TRUE
Ti3Cu5Ni2,TRUE
Ti3Cu6Ni,TRUE
Ti3Cu7,TRUE
Ti3CuNi,TRUE
Ti3CuNi6,FALSE
Ti3Nb14Si3,TRUE
Ti3Ni,FALSE
Ti3Ni13P4,TRUE
Ti3Ni2,TRUE
Ti3Ni7,FALSE
Ti3Ni77P20,TRUE
Ti3NiP,TRUE
Ti3Si,FALSE
Ti3Si17,TRUE
Ti3Si2Ni5,FALSE
Ti3Si3Ni4,FALSE
Ti3Si4Ni3,FALSE
Ti3SiNi,FALSE
Ti3VSi,FALSE
Ti4(AlCu)3,FALSE
Ti4(CuNi)3,TRUE
Ti4(SiNi)3,FALSE
Ti40.9Nb5Cu54.1,TRUE
Ti40Al43Ni17,TRUE
Ti40Nb47Si13,FALSE
Ti41Al59,TRUE
Ti42(AlNi)29,TRUE
Ti42.6Nb1Cu56.4,TRUE
Ti42Al23Ni35,TRUE
Ti42Al51Ni7,TRUE
Ti42NbCu57,TRUE
Ti43Al57,TRUE
Ti45Al36Ni19,TRUE
Ti48Al45Ni7,TRUE
Ti4Al,FALSE
Ti4Al10Ni11,TRUE
Ti4Al21,FALSE
Ti4Al5Cu,FALSE
Ti4Al5Cu11,TRUE
Ti4Al7Cu9,FALSE
Ti4Al9Cu7,FALSE
Ti4AlCu5,TRUE
Ti4Be,FALSE
Ti4Co16B5,TRUE
Ti4Co35B11,TRUE
Ti4Co37B9,TRUE
Ti4Cu,FALSE
Ti4Cu5Ni,TRUE
Ti4CuNi5,FALSE
Ti4Nb13Si3,TRUE
Ti4Ni,FALSE
Ti4Ni21,FALSE
Ti4Si,TRUE
Ti4Si5Ni16,TRUE
Ti4SiNi5,TRUE
Ti5(AlCu4)3,TRUE
Ti5(Nb4Si)3,TRUE
Ti5.9Al94.1,FALSE
Ti50Cu13Ni37,FALSE
Ti51Al15Cu34,TRUE
Ti52.5Nb30Si17.5,TRUE
Ti57.5Nb25Si17.5,TRUE
Ti57Al5Cu38,TRUE
Ti57Be43,FALSE
Ti57Nb30Si13,FALSE
Ti58(Al5Ni)7,TRUE
Ti59Be41,TRUE
Ti5Al2Cu3,TRUE
Ti5Al2Ni3,TRUE
Ti5Al3Cu2,FALSE
Ti5Al41Ni54,FALSE
Ti5Al4Cu,FALSE
Ti5Al54Ni41,FALSE
Ti5Al7Cu8,FALSE
Ti5AlNi4,TRUE
Ti5Be4Si,FALSE
Ti5Co17B3,TRUE
Ti5Cu2Ni3,TRUE
Ti5Cu3Ni2,TRUE
Ti5Cu4Ni,TRUE
Ti5CuNi4,FALSE
Ti5FeCu4,TRUE
Ti5Nb3Si2,FALSE
Ti5Si2Ni3,TRUE
Ti5SiNi4,TRUE
Ti6(Co3B)11,TRUE
Ti6(CuNi)7,FALSE
Ti61Be39,TRUE
Ti61Cu16Ni23,TRUE
Ti62.5Be37.5,TRUE
Ti63Be37,TRUE
Ti67.5Nb15Si17.5,TRUE
Ti67Ni33,TRUE
Ti6Al3Cu,FALSE
Ti6Al9Ni5,TRUE
Ti6AlCu3,TRUE
Ti6AlNi3,TRUE
Ti6Be3Si,FALSE
Ti6Co35B9,TRUE
Ti6Cu3Ni,TRUE
Ti6CuNi3,TRUE
Ti6Nb11Si3,TRUE
Ti6Nb3Si,FALSE
Ti6SiNi3,TRUE
Ti7Al11Cu2,FALSE
Ti7Al12Cu,FALSE
Ti7Al13,FALSE
Ti7Al2Cu,FALSE
Ti7Al3,FALSE
Ti7Al3Cu10,TRUE
Ti7Al9Cu4,FALSE
Ti7AlCu12,TRUE
Ti7AlCu2,FALSE
Ti7Be2Si,TRUE
Ti7Be3,FALSE
Ti7Co2B,TRUE
Ti7Cu2Ni,TRUE
Ti7Cu3,FALSE
Ti7CuNi2,TRUE
Ti7Fe2B,TRUE
Ti7Fe82B11,TRUE
Ti7Fe83B10,TRUE
Ti7Nb10Si3,TRUE
Ti7Nb2Si,FALSE
Ti7Ni13,FALSE
Ti7Ni18,FALSE
Ti7Ni2B,TRUE
Ti7Ni3,TRUE
Ti7Si2Ni,FALSE
Ti7SiNi2,TRUE
Ti7V2Si,FALSE
Ti7VSi2,TRUE
Ti8(Co11B3)3,TRUE
Ti8(Nb3Si)3,TRUE
Ti8(SiNi3)3,TRUE
Ti87Si13,TRUE
Ti8Al17,TRUE
Ti8Al5Cu7,TRUE
Ti8Al5Ni7,TRUE
Ti8AlCu,FALSE
Ti8AlCu11,TRUE
Ti8Co31B11,TRUE
Ti8CuNi,FALSE
Ti8FeCu11,TRUE
Ti8NbSi,FALSE
Ti8Ni17,TRUE
Ti8P19Pd73,TRUE
Ti8Si5Ni12,TRUE
Ti8SiNi,TRUE
Ti8SiNi11,TRUE
Ti9Al,FALSE
Ti9Al10Cu,FALSE
Ti9Al11,FALSE
Ti9Al2Ni9,FALSE
Ti9Al3Cu8,TRUE
Ti9Al4Cu7,TRUE
Ti9Al5Cu6,FALSE
Ti9Al5Ni6,TRUE
Ti9Al6Ni5,TRUE
Ti9Al9Cu2,FALSE
Ti9Al9Ni7,TRUE
Ti9AlCu10,TRUE
Ti9AlNi10,FALSE
Ti9Be,FALSE
Ti9Cu,FALSE
Ti9Cu11,TRUE
Ti9Cu9Ni2,TRUE
Ti9Nb8Si3,TRUE
Ti9Ni,FALSE
Ti9Ni11,FALSE
Ti9Si,FALSE
Ti9Si2Ni9,FALSE
Ti9Si3Ni8,TRUE
Ti9Si4Ni7,TRUE
Ti9SiNi10,FALSE
Ti9V8Si3,TRUE
TiAl10Cu9,TRUE
TiAl11Cu8,TRUE
TiAl12Cu7,FALSE
TiAl2Cu7,FALSE
TiAl2Ni,TRUE
TiAl3Cu,FALSE
TiAl4,FALSE
TiAl4Cu5,TRUE
TiAl4Ni5,FALSE
TiAl5Cu4,TRUE
TiAl9,FALSE
TiAlCu2,TRUE
TiAlCu3,TRUE
TiBe,FALSE
TiCo19B5,TRUE
TiCu,TRUE
TiCu2Ni7,FALSE
TiCu3,TRUE
TiCu4,FALSE
TiCu5Ni4,FALSE
TiCu7Ni2,FALSE
TiCu8Ni,FALSE
TiCu9,FALSE
TiCuNi3,FALSE
TiCuNi8,FALSE
TiFe15B4,TRUE
TiFe19B5,TRUE
TiNb16Si3,TRUE
TiNb2Si,FALSE
TiNi,FALSE
TiNi15P4,TRUE
TiNi19P5,TRUE
TiNi3,FALSE
TiNi7P2,TRUE
TiNi9,FALSE
TiSi4,TRUE
U20.6Si20.6Pd58.8,TRUE
V10Co76.5B13.5,TRUE
V15Co72.25B12.75,TRUE
V15Fe69B16,TRUE
V15Fe71B14,TRUE
V15Fe73B12,FALSE
V25Co63.75B11.25,TRUE
V3Fe15B2,FALSE
V4(Fe25B7)3,TRUE
V5(Fe13B2)3,TRUE
V5(Fe14B)3,FALSE
V5Co17B3,TRUE
V5Co80.75B14.25,TRUE
V5Fe37B8,TRUE
V5Fe38B7,TRUE
V5Fe41B4,FALSE
V5Fe43B2,FALSE
V5Fe79B16,TRUE
V5Fe81B14,TRUE
V5Fe83B12,TRUE
V5Fe87B8,FALSE
V5Fe89B6,FALSE
V5Fe91B4,FALSE
V7Fe76P17,TRUE
V7Fe79B14,TRUE
V9Fe74P17,TRUE
VFe15B4,TRUE
VFe17B2,FALSE
VFe39B10,TRUE
VFe8B,FALSE
Y(CoB)2,TRUE
Y(Mg23Cu10)3,TRUE
Y(Mg28Cu5)3,FALSE
Y(Mg2Ag)3,TRUE
Y(Mg2Cu)3,TRUE
Y(Mg2Ni)3,TRUE
Y(MgAg)2,TRUE
Y(MgCu)2,TRUE
Y(MgNi)2,FALSE
Y10(Al29Ni)3,TRUE
Y10Mg89Cu,FALSE
Y11Al5Ni4,TRUE
Y11Al89,TRUE
Y12.5Mg77.5Mn10,FALSE
Y12.5Mg87.5,FALSE
Y12Al5Cu8,TRUE
Y12Mg5Cu8,TRUE
Y13Al82Ni5,TRUE
Y13Al87,TRUE
Y15Mg48Cu37,TRUE
Y15Mg81Mn4,FALSE
Y15Mg83Mn2,FALSE
Y15Mg84Cu,TRUE
Y2(Al5Ni)3,TRUE
Y2(Mg5Cu)3,TRUE
Y2(Mg5Ni)3,TRUE
Y2.5Mg87.5Mn10,FALSE
Y2.5Mg89.5Mn8,FALSE
Y2.5Mg91.5Mn6,TRUE
Y2.5Mg93.5Mn4,FALSE
Y2.5Mg95.5Mn2,FALSE
Y20Mg79Cu,FALSE
Y21Al15Cu14,TRUE
Y27Al5Cu18,TRUE
Y2Al17Ni,TRUE
Y2Al23,TRUE
Y2Al5Ni3,TRUE
Y2Al7Ni,FALSE
Y2Mg13Ag5,TRUE
Y2Mg13Cu5,TRUE
Y2Mg13Ni5,TRUE
Y2Mg17Ag,FALSE
Y2Mg17Cu,TRUE
Y2Mg17Ni,TRUE
Y2Mg2Ag,TRUE
Y2Mg3Ag5,TRUE
Y2Mg5Ag3,TRUE
Y2Mg5Cu3,TRUE
Y2Mg5Ni3,TRUE
Y2Mg7Ag,TRUE
Y2Mg7Cu,TRUE
Y2Mg7Ni,FALSE
Y2MgAg2,FALSE
Y2MgCu2,FALSE
Y2MgNi2,TRUE
Y3(Al10Cu)2,TRUE
Y3(Mg10Cu)2,TRUE
Y3Al12Ni5,TRUE
Y3Al13Ni4,TRUE
Y3Al14Ni3,TRUE
Y3Al15Ni2,TRUE
Y3Al16Ni,FALSE
Y3Al17,TRUE
Y3Al22,TRUE
Y3Al87Ni10,TRUE
Y3Al88Ni9,TRUE
Y3Cu2,TRUE
Y3Mg11Ag6,TRUE
Y3Mg12Ag5,TRUE
Y3Mg12Cu5,TRUE
Y3Mg12Ni5,TRUE
Y3Mg13Ni4,TRUE
Y3Mg14Cu3,TRUE
Y3Mg14Ni3,TRUE
Y3Mg15Cu2,TRUE
Y3Mg15Ni2,TRUE
Y3Mg16Ag,TRUE
Y3Mg16Ni,FALSE
Y3Mg17,TRUE
Y3Mg2Ag5,FALSE
Y3Mg3Ag4,TRUE
Y3Mg3Cu4,TRUE
Y3Mg3Ni4,TRUE
Y3Mg4Ag3,TRUE
Y3Mg4Cu3,TRUE
Y3Mg4Ni3,TRUE
Y3Mg5Ag2,TRUE
Y3Mg5Cu2,TRUE
Y3Mg5Ni2,TRUE
Y3Mg6Ag,TRUE
Y3Mg6Cu,FALSE
Y3MgAg,FALSE
Y4(MgAg)3,TRUE
Y4(MgCu)3,FALSE
Y4Al11Ni5,TRUE
Y4Al13Ni3,FALSE
Y4Al15Ni,FALSE
Y4Mg13Ni3,TRUE
Y4Mg15Cu,FALSE
Y4Mg21,TRUE
Y4Mg5Ag,FALSE
Y5(Mg14Mn)3,TRUE
Y51Al15Cu34,TRUE
Y57Al5Cu38,TRUE
Y5Al41Ni4,TRUE
Y5Mg13Cu2,TRUE
Y5Mg2Ag3,FALSE
Y5Mg3Ag2,TRUE
Y5Mg41Mn4,FALSE
Y5Mg43Mn2,TRUE
Y5Mg44Mn,TRUE
Y5Mg87Mn8,TRUE
Y5Mg89Mn6,TRUE
Y5Mg91Mn4,TRUE
Y5Mg93Mn2,FALSE
Y6Mg13Cu,FALSE
Y6Mg15Cu4,TRUE
Y6Mg43Mn,TRUE
Y7(Al26Ni5)3,TRUE
Y7.5Mg82.5Mn10,FALSE
Y7.5Mg84.5Mn8,FALSE
Y7.5Mg86.5Mn6,TRUE
Y7.5Mg88.5Mn4,TRUE
Y7.5Mg90.5Mn2,FALSE
Y7Al43,TRUE
Y8Al87Ni5,TRUE
Y9(Mg5Cu3)2,TRUE
Y9Al85Cu6,TRUE
Y9Al91,TRUE
YAl15Ni4,FALSE
YAl16Ni3,TRUE
YAl17Ni2,TRUE
YAl18Ni,TRUE
YAl3Ni,TRUE
YAl44Ni5,TRUE
YAl7Ni2,TRUE
YAl8Ni,TRUE
YAl9,TRUE
YMg11Cu8,TRUE
YMg13Ni6,TRUE
YMg14Ag5,TRUE
YMg14Cu5,TRUE
YMg15Ni4,TRUE
YMg16Ag3,TRUE
YMg16Cu3,TRUE
YMg16Mn3,FALSE
YMg16Ni3,TRUE
YMg17Ag2,FALSE
YMg17Cu2,TRUE
YMg17Ni2,TRUE
YMg18Ag,FALSE
YMg18Cu,FALSE
YMg18Ni,FALSE
YMg19,FALSE
YMg3,FALSE
YMg3Ag,TRUE
YMg3Cu,TRUE
YMg3Ni,TRUE
YMg4,FALSE
YMg4Ag5,FALSE
YMg59Cu40,TRUE
YMg5Ag4,TRUE
YMg5Ni4,FALSE
YMg79Cu20,TRUE
YMg7Ag2,TRUE
YMg7Cu2,TRUE
YMg7Ni2,TRUE
YMg89Cu10,FALSE
YMg8Ag,TRUE
YMg8Cu,TRUE
YMg8Ni,TRUE
YMg9,FALSE
YMgAg3,FALSE
Yb11Cu39,TRUE
Yb18Cu7,TRUE
Yb20.22Ce25.73Cu54.05,TRUE
Yb28.42Ce20.56Cu51.02,TRUE
Yb9Cu41,TRUE
Zn29Cu70Pb,TRUE
Zr(Al2Ni)3,TRUE
Zr(AlNi)2,FALSE
Zr(AlNi2)3,FALSE
Zr(CrCo2)3,TRUE
Zr(CuNi)2,FALSE
Zr(Fe2Co)3,TRUE
Zr(Fe5B)4,TRUE
Zr(FeCo2)3,TRUE
Zr10(Fe7Co3)9,TRUE
Zr10(Fe7Ni3)9,TRUE
Zr10(Fe9Co)9,TRUE
Zr10(Fe9Ni)9,TRUE
Zr10(FeNi9)9,TRUE
Zr10.2V10.6Co79.2,TRUE
Zr10.4Cr10.6Co79,TRUE
Zr10.5Co79.5Mo10,TRUE
Zr10.5Co80Mo9.5,TRUE
Zr10.8Cr11.2Co78,TRUE
Zr10Al0.018Fe89.982,TRUE
Zr10Al0.036Fe89.964,TRUE
Zr10Al0.054Fe89.946,TRUE
Zr10Al0.09Fe89.91,TRUE
Zr10Al22.5Fe67.5,TRUE
Zr10Al3Ni7,TRUE
Zr10AlNi9,TRUE
Zr10Cr17.1Co72.9,TRUE
Zr10Cr17Fe73,TRUE
Zr10Cr3Ni7,TRUE
Zr10Cr7Fe83,TRUE
Zr10Cu7Ni3,TRUE
Zr10Cu9B,TRUE
Zr10Fe22.5Co67.5,TRUE
Zr10Fe67.5Co22.5,TRUE
Zr10Fe76.5Ni13.5,TRUE
Zr10Fe89.91Ge0.09,TRUE
Zr10Fe89.91Si0.09,TRUE
Zr10Fe89.946Ge0.054,TRUE
Zr10Fe89.946Si0.054,TRUE
Zr10Fe89.964Ge0.036,TRUE
Zr10Fe89.964Si0.036,TRUE
Zr10Fe89.982Ge0.018,TRUE
Zr10Fe89.982Si0.018,TRUE
Zr10Ni73B17,TRUE
Zr10Ti3Si7,TRUE
Zr10Ti4Cu11,TRUE
Zr10Ti7Si3,TRUE
Zr10V0.018Fe89.982,TRUE
Zr10V0.036Fe89.964,TRUE
Zr10V0.054Fe89.946,TRUE
Zr10V0.09Fe89.91,TRUE
Zr11(Al2Ni)3,TRUE
Zr11(AlNi2)3,TRUE
Zr11(Cu2Ni)3,TRUE
Zr11(CuNi2)3,TRUE
Zr11(Nb2Ge)3,TRUE
Zr11(Nb2Si)3,TRUE
Zr11(Ta2Si)3,TRUE
Zr11(Ti2Si)3,TRUE
Zr11(TiSi2)3,TRUE
Zr11(V2Si)3,TRUE
Zr11.2Co78Mo10.8,TRUE
Zr11.2Co82.2W6.6,TRUE
Zr11.4Cr11.6Co77,TRUE
Zr11.5Co74.5W14,TRUE
Zr11.5Fe84B4.5,TRUE
Zr11Al2Ni7,TRUE
Zr11Al4Cu5,TRUE
Zr11Al4Ni5,TRUE
Zr11Al57Ni32,TRUE
Zr11Al5Co4,TRUE
Zr11Al5Ni4,TRUE
Zr11AlNi8,TRUE
Zr11Be7Nb2,TRUE
Zr11Be9,TRUE
Zr11Cu14,TRUE
Zr11Cu5Ni4,TRUE
Zr11Cu7B2,TRUE
Zr11Cu8B,TRUE
Zr11Fe89,TRUE
Zr11Nb8Si,FALSE
Zr11Ti22Cu17,FALSE
Zr11Ti4Si5,TRUE
Zr11Ti5Si4,TRUE
Zr12.2V12Co75.8,TRUE
Zr12.5Co74.5Mo13,TRUE
Zr12.5Co80.5W7,TRUE
Zr12Al3Cu5,TRUE
Zr12Al3Ni5,TRUE
Zr12Al5Ni3,TRUE
Zr12Al7Ni,FALSE
Zr12Al8Ni5,TRUE
Zr12AlNi7,TRUE
Zr12Be5Nb3,FALSE
Zr12Be7Nb,TRUE
Zr12Cr12.6Co75.4,TRUE
Zr12Cr3Ni5,TRUE
Zr12Cu3Ni5,TRUE
Zr12Cu5Ni3,TRUE
Zr12Cu7B,TRUE
Zr12Fe75B13,TRUE
Zr12Fe83B5,TRUE
Zr12Fe85B3,TRUE
Zr12Ti23Si65,TRUE
Zr12Ti3Si5,TRUE
Zr12Ti5Si3,TRUE
Zr12V15Ni23,TRUE
Zr13(Al19Ni10)3,TRUE
Zr13(Al2Ni)4,TRUE
Zr13(Ti4Si25)3,TRUE
Zr13(TiSi5)2,TRUE
Zr13Al2Cu5,TRUE
Zr13Al2Ni5,TRUE
Zr13Al3Cu4,TRUE
Zr13Al3Ni4,TRUE
Zr13Al4Cu3,TRUE
Zr13Al4Ni3,TRUE
Zr13Al5Ni2,TRUE
Zr13AlCu6,TRUE
Zr13AlNi6,TRUE
Zr13Be4Nb3,FALSE
Zr13Be5Nb2,FALSE
Zr13Be6Nb,TRUE
Zr13Be7,TRUE
Zr13Co5Pd2,TRUE
Zr13Co6Pd,TRUE
Zr13Co74W13,TRUE
Zr13Cr4Si3,TRUE
Zr13Cu5B2,TRUE
Zr13Cu6B,TRUE
Zr13Fe85B2,TRUE
Zr13Fe87,FALSE
Zr13Ge3Mo4,TRUE
Zr13Nb4Ge3,TRUE
Zr13Nb4Si3,TRUE
Zr13Nb6Si,FALSE
Zr13Si3Mo4,TRUE
Zr13Ta4Ge3,TRUE
Zr13Ta4Si3,TRUE
Zr13Ti3Si4,TRUE
Zr13Ti4Ge3,TRUE
Zr13Ti4Si3,TRUE
Zr13V10Ni27,TRUE
Zr13V2Ni5,TRUE
Zr13V4Ge3,TRUE
Zr13V4Si3,TRUE
Zr14(Al5Ni7)3,TRUE
Zr14(AlFe)3,TRUE
Zr14(AlNi)3,TRUE
Zr14(AlNi3)9,TRUE
Zr14(CrNi)3,TRUE
Zr14(MnAl)3,TRUE
Zr14(SiMo)3,TRUE
Zr14(TiSi)3,TRUE
Zr14.5Co65.5Mo20,TRUE
Zr14.5V18Co67.5,TRUE
Zr14.8V16Co69.2,TRUE
Zr14Al11Ni25,TRUE
Zr14Al13Ni23,TRUE
Zr14Al5Ni,TRUE
Zr14AlNi5,TRUE
Zr14Cu5B,TRUE
Zr14Ni7B4,TRUE
Zr15(Ni3B2)2,TRUE
Zr15(Ni4B)2,TRUE
Zr15.2V12Co72.8,TRUE
Zr15.4Co68.6Mo16,TRUE
Zr15.5V10Co74.5,TRUE
Zr15.6Co76.4W8,TRUE
Zr15.7Co70.3Mo14,TRUE
Zr15.7V8Co76.3,TRUE
Zr15.8Co78.2W6,TRUE
Zr15Al17Ni18,TRUE
Zr15Al2Ni3,TRUE
Zr15Al3Ni2,TRUE
Zr15Al3Ni32,TRUE
Zr15Al57Ni28,TRUE
Zr15Al7Ni3,TRUE
Zr15AlNi4,TRUE
Zr15Co67Mo18,TRUE
Zr15Cr2Si3,TRUE
Zr15Cu4B,TRUE
Zr15Cu4Ni,FALSE
Zr15CuNi4,FALSE
Zr15Fe2Si3,TRUE
Zr15Fe72B13,TRUE
Zr15Fe82B3,FALSE
Zr15Ge3Mo2,TRUE
Zr15Nb2Ge3,TRUE
Zr15Nb2Si3,TRUE
Zr15Ni9B,TRUE
Zr15Si302,TRUE
Zr15Si3Mo2,TRUE
Zr15Si3Ru2,TRUE
Zr15Ta2Si3,TRUE
Zr15Ti2Si3,TRUE
Zr15Ti3Si2,TRUE
Zr15Ti4Si,TRUE
Zr15V14Co71,TRUE
Zr15V2Ge3,TRUE
Zr15V2Si3,TRUE
Zr16(AlNi)17,TRUE
Zr16(Co11B)7,TRUE
Zr16.3Co75.7Mo8,TRUE
Zr16.3Co79.7Mo4,TRUE
Zr16.5Co77.5Mo6,TRUE
Zr16.5Cr16Co67.5,TRUE
Zr16Al3Ni,TRUE
Zr16AlNi3,TRUE
Zr16AlNi33,TRUE
Zr16Co71B13,TRUE
Zr16Cu3B,TRUE
Zr16Ni9,TRUE
Zr16Si3Mo,TRUE
Zr16Ti3Si,TRUE
Zr16TiSi3,TRUE
Zr17(Al6Ni5)3,TRUE
Zr17(Ni3P)2,TRUE
Zr17(SiNi3)2,TRUE
Zr17.5Cr10Co72.5,TRUE
Zr17.5Cr4Co78.5,TRUE
Zr17.5Cr6Co76.5,TRUE
Zr17.5Cr8Co74.5,TRUE
Zr17.5Cu80B2.5,TRUE
Zr17Al2Ni,FALSE
Zr17Al57Ni26,TRUE
Zr17Al59Ni24,TRUE
Zr17Al65Ni18,TRUE
Zr17AlNi2,TRUE
Zr17Cr12Co71,TRUE
Zr17Cr14Co69,TRUE
Zr17Cr2Co81,TRUE
Zr17Ge3,TRUE
Zr17Si3,TRUE
Zr17Ti13Si20,TRUE
Zr17Ti3,TRUE
Zr17Ti8Cu75,FALSE
Zr18Cu7,FALSE
Zr18Ni6P,TRUE
Zr18Ni7,TRUE
Zr18SiNi6,TRUE
Zr18Ti35Cu47,TRUE
Zr19Cu31,TRUE
Zr19Fe6,TRUE
Zr19Ti11Si70,TRUE
Zr2(AlNi5)3,FALSE
Zr2(CrCo5)3,TRUE
Zr2(CrFe5)3,TRUE
Zr2(Fe5B)3,TRUE
Zr2(FeCo)9,TRUE
Zr2(Ti5Si)3,TRUE
Zr2(TiSi5)3,TRUE
Zr2.5Nb8.5Co89,TRUE
Zr21(AlNi)2,TRUE
Zr21Al17Ni12,TRUE
Zr21AlNi3,TRUE
Zr21Cu28P,TRUE
Zr21Nb22Cu57,TRUE
Zr21Ti24Si55,TRUE
Zr21Ti4Si25,TRUE
Zr22.5Cu75B2.5,FALSE
Zr22Ti13Si15,TRUE
Zr23Al17Ni10,TRUE
Zr23Nb20Cu57,TRUE
Zr23Ti5Cu22,TRUE
Zr23V30Ni47,TRUE
Zr24.5V25Ni50.5,TRUE
Zr24Cu75B,FALSE
Zr27.5Cu70B2.5,TRUE
Zr27Cu23,FALSE
Zr27V20Ni53,TRUE
Zr28(Nb5Cu19)3,TRUE
Zr28.8Nb33Cu38.2,TRUE
Zr28Al15Ni7,TRUE
Zr28Ti41Cu31,FALSE
Zr29Al11Ni60,TRUE
Zr29Al13Ni58,TRUE
Zr29Al33Ni38,TRUE
Zr29Al9Ni62,TRUE
Zr29Cu70B,TRUE
Zr29V10Ni11,TRUE
Zr2Al16Ni7,TRUE
Zr2Al17Ni6,TRUE
Zr2Al21Ni2,TRUE
Zr2Al2Ni,FALSE
Zr2Al3Ni5,FALSE
Zr2Al41Ni7,TRUE
Zr2Al43Ni5,TRUE
Zr2Al5Ni3,FALSE
Zr2Al7Ni,FALSE
Zr2Al83Ni15,FALSE
Zr2Al89Ni9,TRUE
Zr2AlCo17,TRUE
Zr2AlNi,TRUE
Zr2AlNi17,TRUE
Zr2AlNi2,TRUE
Zr2AlNi7,FALSE
Zr2Co13B5,TRUE
Zr2Co17B,TRUE
Zr2Co17Mo,TRUE
Zr2Co17Ni,TRUE
Zr2Co17Si,TRUE
Zr2Co17W,TRUE
Zr2Cr5Co13,TRUE
Zr2Cr5Fe13,TRUE
Zr2CrCo17,TRUE
Zr2Cu2Ni,TRUE
Zr2Cu3,TRUE
Zr2Cu3Ni5,FALSE
Zr2Cu5Ni3,FALSE
Zr2Cu7Ni,FALSE
Zr2CuNi,TRUE
Zr2CuNi2,TRUE
Zr2Fe17B,TRUE
Zr2Fe18B5,TRUE
Zr2Fe20B3,TRUE
Zr2Fe22B,TRUE
Zr2Fe23,TRUE
Zr2Fe83B15,TRUE
Zr2FeCo17,TRUE
Zr2FeCu2,TRUE
Zr2Mn17Co,TRUE
Zr2Ni3,TRUE
Zr2Ti3Cu5,TRUE
Zr2Ti3Ni5,TRUE
Zr2TiSi,TRUE
Zr2TiSi2,TRUE
Zr2V2Co21,TRUE
Zr2VCo17,TRUE
Zr2VCo22,TRUE
Zr2VNi2,TRUE
Zr3(Fe10B)2,TRUE
Zr30.1Nb30Cu39.9,TRUE
Zr30Ni17B3,TRUE
Zr30Ni19B,TRUE
Zr31(Ti3Si20)3,TRUE
Zr31Ti4Si15,TRUE
Zr32.3Nb25Cu42.7,TRUE
Zr32.5Cu65B2.5,TRUE
Zr33Al13Ni4,TRUE
Zr33Al35Ni32,TRUE
Zr33Nb10Cu57,TRUE
Zr33Ni67,TRUE
Zr33Ti12Si5,TRUE
Zr34.4Nb20Cu45.6,TRUE
Zr34Fe11Si5,TRUE
Zr35(Ni4P)3,TRUE
Zr35(SiNi4)3,TRUE
Zr35Al13Ni2,TRUE
Zr35Fe11B4,TRUE
Zr35Fe14Ir,TRUE
Zr35Fe14Pd,TRUE
Zr35Fe14Rh,TRUE
Zr35Fe14Ru,TRUE
Zr35Ti11Cu54,TRUE
Zr36.6Nb15Cu48.4,TRUE
Zr36Ti9Si55,TRUE
Zr37.5Cu55B7.5,TRUE
Zr37.5Cu60B2.5,TRUE
Zr37.5Sc37.5Fe25,TRUE
Zr37Al12Ni,TRUE
Zr37Ni12P,TRUE
Zr37Ni63,TRUE
Zr37SiNi12,TRUE
Zr38.7Nb10Cu51.3,TRUE
Zr38Al11Ni,TRUE
Zr38Nb5Cu57,TRUE
Zr38V25Ni37,TRUE
Zr39Al10Ni,TRUE
Zr39Al35Ni26,TRUE
Zr39Cu60B,TRUE
Zr39Ti11,TRUE
Zr39Ti26Si35,TRUE
Zr3Al,FALSE
Zr3Al11Ni6,FALSE
Zr3Al13Ni4,TRUE
Zr3Al14Ni3,FALSE
Zr3Al2Ni5,TRUE
Zr3Al38Ni9,TRUE
Zr3Al3Ni4,TRUE
Zr3Al42Ni5,TRUE
Zr3Al4Ni3,FALSE
Zr3Al5Ni2,FALSE
Zr3Al6Ni,FALSE
Zr3Al87Ni10,TRUE
Zr3AlNi,TRUE
Zr3AlNi6,TRUE
Zr3Be2,TRUE
Zr3BeNb,FALSE
Zr3Co15W2,TRUE
Zr3Co17,TRUE
Zr3Co41W6,TRUE
Zr3Co44Mo3,TRUE
Zr3Cr5Co42,TRUE
Zr3Cr6Co41,TRUE
Zr3Cr7Co40,TRUE
Zr3Cu2,TRUE
Zr3Cu2Ni5,TRUE
Zr3Cu3Ni4,TRUE
Zr3Cu4Ni3,TRUE
Zr3Cu5Ni2,TRUE
Zr3Cu6Ni,TRUE
Zr3Cu7,TRUE
Zr3CuNi,TRUE
Zr3CuNi6,TRUE
Zr3Fe15B2,TRUE
Zr3Fe16B,TRUE
Zr3Fe17,TRUE
Zr3Fe22,TRUE
Zr3Fe39B8,TRUE
Zr3Fe40B7,TRUE
Zr3Fe45B2,TRUE
Zr3Fe4Si13,TRUE
Zr3Fe75B22,TRUE
Zr3Fe78B19,TRUE
Zr3Fe80B17,TRUE
Zr3Fe82B15,TRUE
Zr3Fe87B10,TRUE
Zr3Fe90B7,FALSE
Zr3Fe93B4,FALSE
Zr3Nb13Si4,TRUE
Zr3Nb14Si3,TRUE
Zr3Nb5Si2,FALSE
Zr3Ni2,TRUE
Zr3Ni7,TRUE
Zr3Ti14Si3,TRUE
Zr3Ti22Si75,TRUE
Zr3Ti2Si5,TRUE
Zr3Ti3Be4,TRUE
Zr3Ti3Cu4,TRUE
Zr3Ti3Si14,TRUE
Zr3Ti4Cu13,TRUE
Zr3Ti4Si13,TRUE
Zr3Ti5Cu12,TRUE
Zr3Ti7Si40,TRUE
Zr3TiSi,TRUE
Zr3VNi6,TRUE
Zr4(AlNi)3,TRUE
Zr4(Co6Mo)3,TRUE
Zr4(CuNi)3,TRUE
Zr4(Fe25B7)3,TRUE
Zr4(Ti2Si5)3,TRUE
Zr4.5Fe92B3.5,TRUE
Zr40(FeCu19)3,TRUE
Zr40(Ti7Cu13)3,TRUE
Zr40.9Nb5Cu54.1,TRUE
Zr40Al9Ni,TRUE
Zr40Fe7Cu53,TRUE
Zr40FeCu59,TRUE
Zr40Ni59Pd,TRUE
Zr41Al7Ni2,TRUE
Zr41Ni9,TRUE
Zr42.5Cu50B7.5,TRUE
Zr42.5Cu55B2.5,TRUE
Zr42.6Nb1Cu56.4,TRUE
Zr42AlNi7,TRUE
Zr42NbCu57,TRUE
Zr43Nb40Si17,TRUE
Zr44Ti17Cu39,TRUE
Zr45(Al3Ni2)11,TRUE
Zr45Co54Pd,TRUE
Zr46.9Fe30Ni23.1,TRUE
Zr46.9Mn30Ni23.1,TRUE
Zr47.5Cu50B2.5,TRUE
Zr47Nb40Si13,TRUE
Zr47Ti8Si45,TRUE
Zr48Al25Ni27,TRUE
Zr49Cu50B,TRUE
Zr49Nb40Si11,TRUE
Zr49Ni49P2,TRUE
Zr4Al,FALSE
Zr4Al31Ni15,TRUE
Zr4Al33Ni13,TRUE
Zr4Al35Ni11,TRUE
Zr4Al41Ni5,FALSE
Zr4Al5Ni,FALSE
Zr4AlNi5,TRUE
Zr4Be,FALSE
Zr4Co17B4,TRUE
Zr4Co20W,TRUE
Zr4Co21,TRUE
Zr4Co45Mo,TRUE
Zr4CrNi5,TRUE
Zr4Cu5Ni,TRUE
Zr4CuNi5,TRUE
Zr4Fe35B11,TRUE
Zr4Fe39B7,TRUE
Zr4Fe41B5,TRUE
Zr4Fe45B,TRUE
Zr4FeCu5,TRUE
Zr4Ni,TRUE
Zr4Ti,TRUE
Zr4Ti11Si35,TRUE
Zr4Ti13Si3,TRUE
Zr4Ti3Si13,TRUE
Zr4Ti5Cu11,TRUE
Zr4VCo20,TRUE
Zr5(Al13Ni2)3,TRUE
Zr5(Co14W)3,TRUE
Zr5(CrFe14)3,TRUE
Zr5(Fe13B2)3,TRUE
Zr5(Fe14B)3,TRUE
Zr5(Fe2Co3)9,TRUE
Zr5(Fe2Ni3)9,TRUE
Zr5(Fe3Co2)9,TRUE
Zr5(Fe3Ni2)9,TRUE
Zr5(Fe4Co)9,TRUE
Zr5(Fe4Ni)9,TRUE
Zr5(FeCo4)9,TRUE
Zr5(FeNi4)9,TRUE
Zr5(Nb4Ge)3,TRUE
Zr5(Nb4Si)3,TRUE
Zr5(Ti4Si)3,TRUE
Zr5(TiSi14)3,FALSE
Zr5(TiSi4)3,TRUE
Zr5.2Co74.8Mo20,TRUE
Zr5.2Co84.8Mo10,TRUE
Zr5.2Co84.8W10,TRUE
Zr5.2Co86.8W8,TRUE
Zr5.5Co86.5Mo8,TRUE
Zr5.5Co88.5W6,TRUE
Zr5.5Fe80B14.5,TRUE
Zr5.5Fe92B2.5,TRUE
Zr50.25Fe25Ni24.75,TRUE
Zr50.25Mn25Ni24.75,TRUE
Zr50.25Ti25Ni24.75,TRUE
Zr50.25V25Ni24.75,TRUE
Zr51.2Al20Ni28.8,TRUE
Zr51Nb40Si9,TRUE
Zr51V20Ni29,TRUE
Zr51V25Ni24,TRUE
Zr52.5Cu45B2.5,TRUE
Zr53.2Fe16.8B30,TRUE
Zr53.6Co20Ni26.4,TRUE
Zr53.6Cr20Ni26.4,TRUE
Zr53.6Cu20Ni26.4,TRUE
Zr53.6Fe20Ni26.4,TRUE
Zr53.6Mn20Ni26.4,TRUE
Zr53.6Ti20Ni26.4,TRUE
Zr53.6V20Ni26.4,TRUE
Zr53Nb30Si17,TRUE
Zr53Nb40Si7,FALSE
Zr54.4Al15Ni30.6,TRUE
Zr56.95Co15Ni28.05,TRUE
Zr56.95Cr15Ni28.05,TRUE
Zr56.95Cu15Ni28.05,TRUE
Zr56.95Fe15Ni28.05,TRUE
Zr56.95Mn15Ni28.05,TRUE
Zr56.95Ti15Ni28.05,TRUE
Zr56.95V15Ni28.05,TRUE
Zr57.5Cu35B7.5,TRUE
Zr57.5Cu40B2.5,TRUE
Zr57.6Al10Ni32.4,TRUE
Zr57Fe18B25,TRUE
Zr57Nb30Si13,TRUE
Zr57Ti8Si35,TRUE
Zr59Cu40B,TRUE
Zr59Nb30Si11,FALSE
Zr5Al29Ni16,TRUE
Zr5Al2Ni3,TRUE
Zr5Al3Ni2,TRUE
Zr5Al4Ni,FALSE
Zr5Al79Ni16,TRUE
Zr5Al82Ni13,TRUE
Zr5Al86Ni9,TRUE
Zr5Al87.5Ni7.5,FALSE
Zr5Al88Ni7,TRUE
Zr5AlCo44,TRUE
Zr5AlNi4,TRUE
Zr5AlNi44,TRUE
Zr5Co37B8,TRUE
Zr5Co3Ni2,TRUE
Zr5Co43B2,TRUE
Zr5Co44B,TRUE
Zr5Co44Ni,TRUE
Zr5Co44Si,TRUE
Zr5Co77Mo18,TRUE
Zr5Co79Mo16,TRUE
Zr5Co81Mo14,TRUE
Zr5Co83Mo12,TRUE
Zr5Cr2Fe43,TRUE
Zr5Cr4Fe41,TRUE
Zr5CrFe44,TRUE
Zr5Cu14B,TRUE
Zr5Cu2Ni3,TRUE
Zr5Cu3Ni2,TRUE
Zr5Cu4Ni,TRUE
Zr5CuNi4,TRUE
Zr5Fe34B11,TRUE
Zr5Fe41B4,TRUE
Zr5Fe43B2,TRUE
Zr5Fe43Co2,TRUE
Zr5Fe44B,TRUE
Zr5Fe73B22,TRUE
Zr5Fe78B17,TRUE
Zr5Fe82B13,TRUE
Zr5Fe84B11,TRUE
Zr5Fe86B9,TRUE
Zr5Fe88B7,FALSE
Zr5Mn2Fe43,TRUE
Zr5Mn44Co,TRUE
Zr5Mn4Fe41,TRUE
Zr5MnFe44,TRUE
Zr5Nb11Si4,TRUE
Zr5Ni78B17,TRUE
Zr5Ti2Si13,TRUE
Zr5Ti2Si3,TRUE
Zr5Ti2Si43,FALSE
Zr5Ti4Cu11,TRUE
Zr5Ti4Si11,TRUE
Zr5Ti4Si41,FALSE
Zr5TiSi44,FALSE
Zr5V3Ni2,TRUE
Zr6(AlNi)7,TRUE
Zr6.2Co89.8W4,TRUE
Zr6.5Cr16Co77.5,TRUE
Zr6.5Cr8Co85.5,TRUE
Zr6.5Fe92B1.5,TRUE
Zr6.5V10Co83.5,TRUE
Zr6.5V12Co81.5,TRUE
Zr6.5V14Co79.5,TRUE
Zr6.8Cr6Co87.2,TRUE
Zr6.8V16Co77.2,TRUE
Zr60.3Co10Ni29.7,TRUE
Zr60.3Cr10Ni29.7,TRUE
Zr60.3Cu10Ni29.7,TRUE
Zr60.3Fe10Ni29.7,TRUE
Zr60.3Mn10Ni29.7,TRUE
Zr60.3Ti10Ni29.7,TRUE
Zr60.3V10Ni29.7,TRUE
Zr60.8Al5Ni34.2,TRUE
Zr61(Nb10Si3)3,FALSE
Zr61Fe19B20,TRUE
Zr62.5Be32.5Nb5,TRUE
Zr62.5Be35Nb2.5,TRUE
Zr62.5Cu30B7.5,TRUE
Zr62.5Cu35B2.5,TRUE
Zr63.5Be32.5Nb4,TRUE
Zr63.65Co5Ni31.35,TRUE
Zr63.65Cr5Ni31.35,TRUE
Zr63.65Cu5Ni31.35,TRUE
Zr63.65Fe5Ni31.35,TRUE
Zr63.65Mn5Ni31.35,TRUE
Zr63.65Ti5Ni31.35,TRUE
Zr63.65V5Ni31.35,TRUE
Zr63Al27Ni10,TRUE
Zr63Fe20B17,TRUE
Zr63Nb30Si7,FALSE
Zr64V5Ni31,TRUE
Zr65Al7.5Cu27.5,TRUE
Zr65Be32.5Nb2.5,TRUE
Zr65Co34Pd,TRUE
Zr66.85Co33Ni0.15,TRUE
Zr66.85Cr33Ni0.15,TRUE
Zr66.85Cu33Ni0.15,TRUE
Zr66.85Fe33Ni0.15,TRUE
Zr66.85Mn33Ni0.15,TRUE
Zr66.85Ti0.15Ni33,TRUE
Zr66.85V0.15Ni33,TRUE
Zr66.8Co33Ni0.2,TRUE
Zr66.8Cr33Ni0.2,TRUE
Zr66.8Cu33Ni0.2,TRUE
Zr66.8Fe33Ni0.2,TRUE
Zr66.8Mn33Ni0.2,TRUE
Zr66.8Ti0.2Ni33,TRUE
Zr66.8V0.2Ni33,TRUE
Zr66.95Co33Ni0.05,TRUE
Zr66.95Cr33Ni0.05,TRUE
Zr66.95Cu33Ni0.05,TRUE
Zr66.95Fe33Ni0.05,TRUE
Zr66.95Mn33Ni0.05,TRUE
Zr66.95Ti0.05Ni33,TRUE
Zr66.95V0.05Ni33,TRUE
Zr66.9Co33Ni0.1,TRUE
Zr66.9Cr33Ni0.1,TRUE
Zr66.9Cu33Ni0.1,TRUE
Zr66.9Fe33Ni0.1,TRUE
Zr66.9Mn33Ni0.1,TRUE
Zr66.9Ti0.1Ni33,TRUE
Zr66.9V0.1Ni33,TRUE
Zr67(Al9Ni2)3,TRUE
Zr67(Co2P)11,TRUE
Zr67(Fe7B4)3,TRUE
Zr67.5Be32.5,TRUE
Zr67.5Cu25B7.5,TRUE
Zr67.5Cu30B2.5,TRUE
Zr67Co28P5,TRUE
Zr67Co33,TRUE
Zr67Cu33,TRUE
Zr67Fe13.2Ni19.8,TRUE
Zr67Fe16.5Ni16.5,TRUE
Zr67Fe20.2Ni12.8,TRUE
Zr67Fe23.1Ni9.9,TRUE
Zr67Fe29.7Ni3.3,TRUE
Zr67Fe3.3Ni29.7,TRUE
Zr67Fe33,TRUE
Zr67Fe6.6Ni26.4,TRUE
Zr67Fe9.9Ni23.1,TRUE
Zr67Ni33,TRUE
Zr67Ti8Si25,TRUE
Zr69Cu30B,TRUE
Zr6Al37Ni7,TRUE
Zr6Al3Ni,FALSE
Zr6Al3Ni11,TRUE
Zr6Al5Ni9,TRUE
Zr6AlNi13,TRUE
Zr6AlNi3,TRUE
Zr6Cu13B,TRUE
Zr6Cu3B,TRUE
Zr6Cu3Ni,TRUE
Zr6CuNi3,TRUE
Zr6Fe39B5,TRUE
Zr6Fe79B15,TRUE
Zr6Ni3B,TRUE
Zr6Ti11Si3,TRUE
Zr6Ti3Si11,TRUE
Zr6Ti5Cu9,TRUE
Zr6Ti5Si9,TRUE
Zr6V5Ni9,TRUE
Zr6VNi3,TRUE
Zr7(Al2Ni7)2,TRUE
Zr7(Al4Ni5)2,TRUE
Zr7(AlNi2)6,TRUE
Zr7(Cr6Co25)3,TRUE
Zr7(Fe26B5)3,TRUE
Zr7(Fe27B4)3,TRUE
Zr7(Fe29B2)3,TRUE
Zr7(Fe30B)3,TRUE
Zr7(V6Co25)3,TRUE
Zr7.2Cr20Co72.8,TRUE
Zr7.4Co86.2Mo6.4,TRUE
Zr7.5Co79.5W13,TRUE
Zr7.5Cr4Co88.5,TRUE
Zr7.5V20Co72.5,TRUE
Zr7.5V6Co86.5,TRUE
Zr7.8Co90.2W2,TRUE
Zr71.4Fe22.6B6,TRUE
Zr71Ti9Si20,TRUE
Zr72.5Cu25B2.5,TRUE
Zr72Ti23Si5,TRUE
Zr73Fe23B4,TRUE
Zr75Ni24P,TRUE
Zr75SiNi24,TRUE
Zr76(Ti3Si5)3,TRUE
Zr77.5Cu15B7.5,FALSE
Zr77.5Cu20B2.5,TRUE
Zr79Cu20B,FALSE
Zr7Al2Cr,TRUE
Zr7Al2Ni,TRUE
Zr7Al2Ni11,TRUE
Zr7Al3,FALSE
Zr7Al35Ni8,TRUE
Zr7Al3Ni10,TRUE
Zr7Al4Ni9,TRUE
Zr7Al5Ni13,TRUE
Zr7Al5Ni8,TRUE
Zr7Al6Ni7,TRUE
Zr7Al73Ni20,TRUE
Zr7Al7Ni11,TRUE
Zr7Al83Ni10,TRUE
Zr7AlNi12,TRUE
Zr7AlNi2,TRUE
Zr7Be2Nb,FALSE
Zr7Be3,TRUE
Zr7Co3,TRUE
Zr7Co37W6,TRUE
Zr7Co39W4,TRUE
Zr7Co89Mo4,TRUE
Zr7Co91B2,TRUE
Zr7Cu12B,TRUE
Zr7Cu13,TRUE
Zr7Cu2Ni,TRUE
Zr7Cu3,TRUE
Zr7CuNi2,TRUE
Zr7Fe3,TRUE
Zr7Fe77B16,TRUE
Zr7Fe84.5B8.5,TRUE
Zr7Fe85B8,TRUE
Zr7Fe89B4,TRUE
Zr7Fe91B2,TRUE
Zr7Fe92B,TRUE
Zr7Fe93,FALSE
Zr7Nb10Ge3,TRUE
Zr7Nb10Si3,TRUE
Zr7Ni13,TRUE
Zr7Ni3,TRUE
Zr7Ti10Si3,TRUE
Zr7Ti2Si,TRUE
Zr7Ti3Cu10,TRUE
Zr7Ti3Si10,TRUE
Zr7Ti4Cu9,TRUE
Zr7Ti4Si9,TRUE
Zr7V10Co33,TRUE
Zr7V2Ni11,TRUE
Zr7V8Co85,TRUE
Zr8(AlNi3)3,TRUE
Zr8(Cr3Co11)3,TRUE
Zr8(CrNi3)3,TRUE
Zr8(Ti3Si)3,TRUE
Zr8(TiSi3)3,TRUE
Zr8(VCo13)3,TRUE
Zr8.3Cr2Co89.7,TRUE
Zr8.3Cr8.3Co83.4,TRUE
Zr8.5V2Co89.5,TRUE
Zr83Al11Ni6,TRUE
Zr83AlNi16,TRUE
Zr83Ge17,TRUE
Zr83Si17,TRUE
Zr83Ti12Si5,TRUE
Zr85(Si2Sn3)3,TRUE
Zr85(Si4C)3,FALSE
Zr85Al8Si7,TRUE
Zr87Ge13,TRUE
Zr87Si13,TRUE
Zr8Al5Ni7,TRUE
Zr8AlNi,TRUE
Zr8AlNi11,TRUE
Zr8Co37B5,TRUE
Zr8Co37Mo5,TRUE
Zr8Co41B,TRUE
Zr8Co41Mo,TRUE
Zr8Co41W,TRUE
Zr8CrNi11,TRUE
Zr8Cu11B,TRUE
Zr8CuNi,FALSE
Zr8Fe75B17,TRUE
Zr8Fe85B7,TRUE
Zr8Fe89.5B2.5,TRUE
Zr8FeCu11,TRUE
Zr8Ni17,TRUE
Zr8TiSi,TRUE
Zr8V5Ni12,TRUE
Zr8VCo41,TRUE
Zr9(Co11W2)7,TRUE
Zr9.2Cr9.6Co81.2,TRUE
Zr9.2V9Co81.8,TRUE
Zr9.4Co81.6Mo9,TRUE
Zr9.5Co85.5W5,TRUE
Zr92.5Be7.5,FALSE
Zr97.5Be2.5,FALSE
Zr9Al30Ni11,TRUE
Zr9Al31Ni10,TRUE
Zr9Al3Ni8,TRUE
Zr9Al4Ni7,TRUE
Zr9Al59Ni32,TRUE
Zr9Al5Ni6,TRUE
Zr9Al6Ni5,TRUE
Zr9Al7Ni4,TRUE
Zr9Al81Ni10,TRUE
Zr9Al9Ni2,TRUE
Zr9Al9Ni7,TRUE
Zr9AlNi10,TRUE
Zr9Be,FALSE
Zr9Co11,TRUE
Zr9Co82.4Mo8.6,TRUE
Zr9Co91,TRUE
Zr9Cu10B,TRUE
Zr9Cu6Ni5,TRUE
Zr9Cu7Ni4,TRUE
Zr9Cu8Ni3,TRUE
Zr9Fe90B,TRUE
Zr9Fe91,TRUE
Zr9Nb8Ge3,TRUE
Zr9Nb8Si3,TRUE
Zr9Ta8Si3,TRUE
Zr9Ti3Si8,TRUE
Zr9Ti4Si7,TRUE
Zr9Ti8Si3,TRUE
Zr9V2Ni9,TRUE
Zr9V8Si3,TRUE
ZrAl14Ni5,FALSE
ZrAl16Ni3,TRUE
ZrAl17Ni2,TRUE
ZrAl18Ni,FALSE
ZrAl2Ni7,FALSE
ZrAl3Ni,TRUE
ZrAl43Ni6,TRUE
ZrAl44Ni5,TRUE
ZrAl4Ni5,FALSE
ZrAl5Ni4,FALSE
ZrAl7Ni2,TRUE
ZrAl8Ni,FALSE
ZrAlNi3,FALSE
ZrAlNi8,FALSE
ZrBe,TRUE
ZrCo7B2,TRUE
ZrCo8B,TRUE
ZrCo8Mo,TRUE
ZrCo8Ni,TRUE
ZrCo8W,TRUE
ZrCo9,TRUE
ZrCr2Co7,TRUE
ZrCr2Fe7,TRUE
ZrCrCo8,TRUE
ZrCrFe8,TRUE
ZrCu,TRUE
ZrCu19,FALSE
ZrCu3,FALSE
ZrCu3Ni,FALSE
ZrCu4,FALSE
ZrCuNi3,FALSE
ZrFe14B5,TRUE
ZrFe15B4,TRUE
ZrFe16B3,TRUE
ZrFe17B2,TRUE
ZrFe18B,FALSE
ZrFe2Co7,TRUE
ZrFe40B9,TRUE
ZrFe44B5,FALSE
ZrFe45B4,FALSE
ZrFe4Co5,TRUE
ZrFe5Co4,TRUE
ZrFe7B2,TRUE
ZrFe7Co2,TRUE
ZrFe8B,TRUE
ZrFe8Co,TRUE
ZrFe9,TRUE
ZrFeCo8,TRUE
ZrMn8Co,TRUE
ZrMn9,TRUE
ZrNb15Si4,TRUE
ZrNb3Si,TRUE
ZrNb79Si20,TRUE
ZrNb7Si2,TRUE
ZrNbCo8,TRUE
ZrNi,TRUE
ZrNi9,TRUE
ZrTi16Si3,TRUE
ZrTi2Si7,TRUE
ZrTi3Si16,TRUE
ZrTi4Si15,TRUE
ZrTi5Be4,TRUE
ZrTi9,FALSE
ZrTiSi2,TRUE
ZrTiSi3,TRUE
ZrVCo8,TRUE
ZrVNi2,TRUE
