Alloy,Phase
Ag0.05Zr0.95,bcc
Al0.15Cr0.85,bcc
Al0.1Fe0.9,bcc
Al0.1Hf0.9,bcc
Al0.1Ti0.9,bcc
Al0.1W0.9,bcc
Al0.2Fe0.8,bcc
Al0.2Ti0.8,bcc
Al0.2V0.8,bcc
Al0.3Cr0.7,bcc
Al0.3Nb1Ta0.8Ti1.4V0.2Zr1.3,bcc
Al0.4Hf0.6Nb1Ta1Ti1Zr1,bcc
Al0.4V0.6,bcc
Al0.75Hf1Nb1Ta1Ti1Zr1,bcc
Al1Cr0.5Nb1Ti1V1,bcc
Al1Cr1Mo1Ti1W1,bcc
Al1Nb1.5Ta0.5Ti1.5Zr0.5,bcc
Al1Nb1Ta1Ti1V1,bcc
Al1Nb1Ti1V1,bcc
Au0.05Ta0.95,bcc
Au0.05Ti0.95,bcc
Au0.08V0.92,bcc
Au0.1Nb0.9,bcc
Au0.1Zr0.9,bcc
Ba0.25Ca0.75,bcc
Ba0.25Eu0.75,bcc
Ba0.25Eu0.75,bcc
Ba0.25Sr0.75,bcc
Ba0.25Yb0.75,bcc
Ba0.5Ca0.5,bcc
Ba0.5Eu0.5,bcc
Ba0.5Eu0.5,bcc
Ba0.5Sr0.5,bcc
Ba0.5Yb0.5,bcc
Ba0.75Ca0.25,bcc
Ba0.75Eu0.25,bcc
Ba0.75Eu0.25,bcc
Ba0.75Sr0.25,bcc
Ba0.75Yb0.25,bcc
Be0.02W0.98,bcc
Ca0.25Sr0.75,bcc
Ca0.5Sr0.5,bcc
Ca0.75Sr0.25,bcc
Ca0.7Yb0.3,bcc
Ca0.85Yb0.15,bcc
Co0.1Cr0.9,bcc
Cr0.05Ta0.95,bcc
Cr0.1Nb0.9,bcc
Cr0.25Fe0.75,bcc
Cr0.25Mo0.75,bcc
Cr0.25V0.75,bcc
Cr0.2W0.8,bcc
Cr0.5Fe0.5,bcc
Cr0.5Mn0.5,bcc
Cr0.5Mo0.5,bcc
Cr0.5V0.5,bcc
Cr0.75Fe0.25,bcc
Cr0.75Mn0.25,bcc
Cr0.75Mo0.25,bcc
Cr0.75V0.25,bcc
Cr0.85Ru0.15,bcc
Cr0.8Re0.2,bcc
Cr0.95Ir0.05,bcc
Cr0.9Os0.1,bcc
Cr0.9W0.1,bcc
Cr1Mo1Nb1Re1Ta1V1W1,bcc
Cr1Mo1Nb1Ta1V1W1,bcc
Cs0.25Rb0.75,bcc
Cs0.5Rb0.5,bcc
Cs0.75Rb0.25,bcc
Fe0.1V0.9,bcc
Fe0.85Zn0.15,bcc
Fe0.8V0.2,bcc
Fe0.93Si0.07,bcc
Fe0.9Ga0.1,bcc
Fe0.9Rh0.1,bcc
Ga0.15Ti0.85,bcc
Hf0.25Nb0.75,bcc
Hf0.25Ta0.75,bcc
Hf0.25Ti0.75,bcc
Hf0.25Zr0.75,bcc
Hf0.5Nb0.5,bcc
Hf0.5Ta0.5,bcc
Hf0.5Ti0.5,bcc
Hf0.5Zr0.5,bcc
Hf0.75Nb0.25,bcc
Hf0.75Ta0.25,bcc
Hf0.75Ti0.25,bcc
Hf0.75Zr0.25,bcc
Hf1Mo1Nb1Ti1Zr1,bcc
Hf1Nb1Ta1Ti1V1Zr1,bcc
Hf1Nb1Ta1Ti1Zr1,bcc
Hf1Nb1Ta1Zr1,bcc
Hf1Nb1Ti1V1Zr1,bcc
Hf1Nb1Ti1Zr1,bcc
Ir0.02W0.98,bcc
Ir0.05Mo0.95,bcc
Ir0.05Nb0.95,bcc
Ir0.05Ta0.95,bcc
Ir0.05Ti0.95,bcc
Ir0.1V0.9,bcc
Li0.35Mg0.65,bcc
Li0.5Mg0.5,bcc
Li0.85Mg0.15,bcc
Mn0.25V0.75,bcc
Mn0.5V0.5,bcc
Mn0.6V0.4,bcc
Mn0.7V0.3,bcc
Mo0.25Nb0.75,bcc
Mo0.25Ta0.75,bcc
Mo0.25Ti0.75,bcc
Mo0.25V0.75,bcc
Mo0.25W0.75,bcc
Mo0.5Nb0.5,bcc
Mo0.5Ta0.5,bcc
Mo0.5Ti0.5,bcc
Mo0.5V0.5,bcc
Mo0.5W0.5,bcc
Mo0.75Nb0.25,bcc
Mo0.75Re0.25,bcc
Mo0.75Ta0.25,bcc
Mo0.75Ti0.25,bcc
Mo0.75V0.25,bcc
Mo0.75W0.25,bcc
Mo0.7Tc0.3,bcc
Mo0.8Tc0.2,bcc
Mo0.95Os0.05,bcc
Mo0.95Rh0.05,bcc
Mo0.98Pd0.02,bcc
Mo0.9Re0.1,bcc
Mo0.9Ru0.1,bcc
Mo0.9Tc0.1,bcc
Mo1Nb1Re1Ta1Ti1V1W1,bcc
Mo1Nb1Re1Ta1V1W1,bcc
Mo1Nb1Re1Ta1W1,bcc
Mo1Nb1Ta1Ti1V1,bcc
Mo1Nb1Ta1Ti1V1W1,bcc
Mo1Nb1Ta1V1,bcc
Mo1Nb1Ta1V1W1,bcc
Mo1Nb1Ta1W1,bcc
Mo1Nb1Ti1V1Zr1,bcc
Mo21.7Nb20.6Ta15.6V21W21.1,bcc
Mo25.6Nb22.7Ta24.4W27.3,bcc
Nb0.25Ta0.75,bcc
Nb0.25Ti0.75,bcc
Nb0.25W0.75,bcc
Nb0.25Zr0.75,bcc
Nb0.5Ta0.5,bcc
Nb0.5Ti0.5,bcc
Nb0.5W0.5,bcc
Nb0.5Zr0.5,bcc
Nb0.65Ru0.35,bcc
Nb0.6Re0.4,bcc
Nb0.75Re0.25,bcc
Nb0.75Ta0.25,bcc
Nb0.75Ti0.25,bcc
Nb0.75W0.25,bcc
Nb0.75Zr0.25,bcc
Nb0.8Pd0.2,bcc
Nb0.9Os0.1,bcc
Nb0.9Pd0.1,bcc
Nb0.9Re0.1,bcc
Nb0.9Rh0.1,bcc
Nb0.9Ru0.1,bcc
Nb1Re1Ta1Ti1V1,bcc
Nb1Ta1Ti1V1,bcc
Nb1Ta1Ti1V1W1,bcc
Nb1Ta1V1W1,bcc
Nb1Ti1V1Zr1,bcc
Nd0.25Th0.75,bcc
Nd0.5Th0.5,bcc
Nd0.75Th0.25,bcc
Os0.05W0.95,bcc
Os0.15Ta0.85,bcc
Os0.15Ti0.85,bcc
Pd0.1V0.9,bcc
Pd0.2V0.8,bcc
Pr0.25Th0.75,bcc
Pr0.5Th0.5,bcc
Pr0.75Th0.25,bcc
Pt0.05V0.95,bcc
Pu0.25Sc0.75,bcc
Pu0.25Zr0.75,bcc
Pu0.5Sc0.5,bcc
Pu0.5Zr0.5,bcc
Pu0.75Sc0.25,bcc
Pu0.75Zr0.25,bcc
Re0.1Ta0.9,bcc
Re0.1Ti0.9,bcc
Re0.1V0.9,bcc
Re0.1W0.9,bcc
Re0.25Ti0.75,bcc
Re0.25V0.75,bcc
Re0.25W0.75,bcc
Re0.2Ta0.8,bcc
Re0.4Ta0.6,bcc
Re0.4Ti0.6,bcc
Re0.5V0.5,bcc
Rh0.15Ti0.85,bcc
Rh0.1Ta0.9,bcc
Rh0.1V0.9,bcc
Ru0.1Ta0.9,bcc
Ru0.1Ti0.9,bcc
Ru0.1W0.9,bcc
Ru0.2Ta0.8,bcc
Ru0.2Ti0.8,bcc
Ru0.2W0.8,bcc
Sc0.25Th0.75,bcc
Sc0.25Ti0.75,bcc
Sc0.25Y0.75,bcc
Sc0.2Zr0.8,bcc
Sc0.4Zr0.6,bcc
Sc0.5Th0.5,bcc
Sc0.5Ti0.5,bcc
Sc0.5Y0.5,bcc
Sc0.75Th0.25,bcc
Sc0.75Ti0.25,bcc
Sc0.75Y0.25,bcc
Sm0.25Y0.75,bcc
Sm0.5Y0.5,bcc
Sm0.75Y0.25,bcc
Ta0.25Ti0.75,bcc
Ta0.25V0.75,bcc
Ta0.25W0.75,bcc
Ta0.25Zr0.75,bcc
Ta0.5Ti0.5,bcc
Ta0.5V0.5,bcc
Ta0.5W0.5,bcc
Ta0.5Zr0.5,bcc
Ta0.75Ti0.25,bcc
Ta0.75V0.25,bcc
Ta0.75W0.25,bcc
Ta0.75Zr0.25,bcc
Tb0.25Th0.75,bcc
Tb0.25Y0.75,bcc
Tb0.5Th0.5,bcc
Tb0.5Y0.5,bcc
Tb0.75Th0.25,bcc
Tb0.75Y0.25,bcc
Th0.25Zr0.75,bcc
Th0.5Zr0.5,bcc
Th0.75Zr0.25,bcc
Ti0.25U0.75,bcc
Ti0.25V0.75,bcc
Ti0.25W0.75,bcc
Ti0.25Zr0.75,bcc
Ti0.5U0.5,bcc
Ti0.5V0.5,bcc
Ti0.5W0.5,bcc
Ti0.5Zr0.5,bcc
Ti0.75U0.25,bcc
Ti0.75V0.25,bcc
Ti0.75W0.25,bcc
Ti0.75Zr0.25,bcc
U0.25Zr0.75,bcc
U0.5Zr0.5,bcc
U0.75Zr0.25,bcc
V0.1Zr0.9,bcc
V0.25W0.75,bcc
V0.5W0.5,bcc
V0.75W0.25,bcc
Ag0.05Rh0.95,fcc
Ag0.25Au0.75,fcc
Ag0.25Pd0.75,fcc
Ag0.5Au0.5,fcc
Ag0.5Pd0.5,fcc
Ag0.65Cd0.35,fcc
Ag0.6Li0.4,fcc
Ag0.75Au0.25,fcc
Ag0.75Pd0.25,fcc
Ag0.7Zn0.3,fcc
Ag0.85In0.15,fcc
Ag0.85Zn0.15,fcc
Ag0.8Cd0.2,fcc
Ag0.8Li0.2,fcc
Ag0.8Mg0.2,fcc
Ag0.8Mn0.2,fcc
Ag0.8Pt0.2,fcc
Ag0.90Al0.10,fcc
Ag0.9Mg0.1,fcc
Ag0.9Mn0.1,fcc
Ag0.9Pt0.1,fcc
Al0.05Co0.95,fcc
Al0.08Pt0.92,fcc
Al0.15Cu0.85,fcc
Al0.1Ni0.9,fcc
Al0.1Pd0.9,fcc
Al0.25Co1Cr1Fe1Ni1,fcc
Al0.375Co1Cr1Fe1Ni1,fcc
Al0.3Co1Cr1Fe1Ni1,fcc
Al0.8Zn0.2,fcc
Al0.95Li0.05,fcc
Al0.95Mg0.05,fcc
Al0.9Zn0.1,fcc
Au0.25Cu0.75,fcc
Au0.25Pd0.75,fcc
Au0.53V0.47,fcc
Au0.5Cu0.5,fcc
Au0.5Pd0.5,fcc
Au0.71V0.29,fcc
Au0.75Cu0.25,fcc
Au0.7Fe0.3,fcc
Au0.85Fe0.15,fcc
Au0.85Li0.15,fcc
Au0.85Pt0.15,fcc
Au0.8Cr0.2,fcc
Au0.8Ni0.2,fcc
Au0.95Ta0.05,fcc
Au0.9Cr0.1,fcc
Au0.9Mn0.1,fcc
Au0.9Nb0.1,fcc
Au0.9Ni0.1,fcc
Au0.9V0.1,fcc
Au0.9Zn0.1,fcc
Ca0.25Sr0.75,fcc
Ca0.25Yb0.75,fcc
Ca0.5Sr0.5,fcc
Ca0.5Yb0.5,fcc
Ca0.75Sr0.25,fcc
Co0.25Fe0.75,fcc
Co0.25Ni0.75,fcc
Co0.25Pd0.75,fcc
Co0.25Pt0.75,fcc
Co0.25Rh0.75,fcc
Co0.2Ir0.8,fcc
Co0.5Fe0.5,fcc
Co0.5Ni0.5,fcc
Co0.5Pd0.5,fcc
Co0.5Pt0.5,fcc
Co0.5Rh0.5,fcc
Co0.75Fe0.25,fcc
Co0.75Ni0.25,fcc
Co0.75Pd0.25,fcc
Co0.75Pt0.25,fcc
Co0.75Rh0.25,fcc
Co0.7Cr0.3,fcc
Co0.85Cr0.15,fcc
Co0.9Ga0.1,fcc
Co0.9Ge0.1,fcc
Co1.5Cr0.5Fe1Mn0.5Ni1,fcc
Co1Cr0.75Fe1Mn0.75Ni1,fcc
Co1Cr1.25Fe1Mn0.25Ni1,fcc
Co1Cr1Fe0.5Mn0.5Ni1.5,fcc
Co1Cr1Fe1Mn1Ni1,fcc
Co1Cr1Fe1Mo0.1Ni1,fcc
Co1Cr1Fe1Mo0.2Ni1,fcc
Co1Cr1Fe1Ni1,fcc
Co1Cr1Fe1Ni1Pd1,fcc
Co1Cr1Fe1Ni1Pd2,fcc
Co1Cr1Mn1Ni1,fcc
Co1Cr1Ni1,fcc
Co1Fe1Mn1Ni1,fcc
Co1Fe1Ni1,fcc
Co1Fe1Ni1Pd1,fcc
Cr0.1Rh0.9,fcc
Cr0.25Pt0.75,fcc
Cr0.2Rh0.8,fcc
Cr0.3Pd0.7,fcc
Cr0.5Pt0.5,fcc
Cr1Fe1Ni1,fcc
Cu0.1Rh0.9,fcc
Cu0.25Ni0.75,fcc
Cu0.25Pd0.75,fcc
Cu0.25Pt0.75,fcc
Cu0.5Mn0.5,fcc
Cu0.5Ni0.5,fcc
Cu0.5Pd0.5,fcc
Cu0.5Pt0.5,fcc
Cu0.75Mn0.25,fcc
Cu0.75Ni0.25,fcc
Cu0.75Pd0.25,fcc
Cu0.75Pt0.25,fcc
Cu0.85Li0.15,fcc
Cu0.8Rh0.2,fcc
Fe0.15Pt0.85,fcc
Fe0.25Ir0.75,fcc
Fe0.25Ni0.75,fcc
Fe0.25Pd0.75,fcc
Fe0.25Rh0.75,fcc
Fe0.5Ir0.5,fcc
Fe0.5Mn0.5,fcc
Fe0.5Ni0.5,fcc
Fe0.5Pd0.5,fcc
Fe0.75Ir0.25,fcc
Fe0.75Mn0.25,fcc
Fe0.75Ni0.25,fcc
Fe0.75Pd0.25,fcc
Fe0.75Rh0.25,fcc
Fe0.7Pt0.3,fcc
Fe0.85Pt0.15,fcc
Fe0.9Os0.1,fcc
Fe0.9Ru0.1,fcc
Ir0.25Ni0.75,fcc
Ir0.25Pt0.75,fcc
Ir0.25Rh0.75,fcc
Ir0.5Ni0.5,fcc
Ir0.5Pt0.5,fcc
Ir0.5Rh0.5,fcc
Ir0.75Ni0.25,fcc
Ir0.75Pt0.25,fcc
Ir0.75Rh0.25,fcc
Ir0.7Ru0.30,fcc
Ir0.85Ru0.15,fcc
Ir0.85W0.15,fcc
Ir0.8Mo0.2,fcc
Ir0.8Pd0.2,fcc
Ir0.95Ti0.05,fcc
Ir0.9Mo0.1,fcc
Ir0.9Nb0.1,fcc
Ir0.9Pd0.1,fcc
Ir0.9Ta0.1,fcc
Ir0.9V0.1,fcc
Mo0.15Pd0.85,fcc
Mo0.1Rh0.9,fcc
Mo0.3Pd0.7,fcc
Nb0.05Ni0.95,fcc
Nb0.1Rh0.9,fcc
Nd0.25Th0.75,fcc
Nd0.5Th0.5,fcc
Nd0.75Th0.25,fcc
Ni0.25Pd0.75,fcc
Ni0.25Pt0.75,fcc
Ni0.25Rh0.75,fcc
Ni0.5Pd0.5,fcc
Ni0.5Pt0.5,fcc
Ni0.5Rh0.5,fcc
Ni0.75Pd0.25,fcc
Ni0.75Pt0.25,fcc
Ni0.75Rh0.25,fcc
Ni0.75Zn0.25,fcc
Ni0.85Tc0.15,fcc
Ni0.85V0.15,fcc
Ni0.9Mo0.1,fcc
Ni0.9V0.1,fcc
Ni0.9W0.1,fcc
Ni0.9Zn0.1,fcc
Os0.1Pt0.9,fcc
Os0.1Rh0.9,fcc
Os0.25Rh0.75,fcc
Os0.2Pt0.8,fcc
Os0.2Rh0.8,fcc
Os0.45Rh0.55,fcc
Os0.4Rh0.6,fcc
Pb0.25Tl0.75,fcc
Pb0.5Tl0.5,fcc
Pb0.75Tl0.25,fcc
Pd0.25Pt0.75,fcc
Pd0.25Rh0.75,fcc
Pd0.5Pt0.5,fcc
Pd0.5Rh0.5,fcc
Pd0.6V0.4,fcc
Pd0.75Pt0.25,fcc
Pd0.75Rh0.25,fcc
Pd0.8V0.2,fcc
Pr0.25Th0.75,fcc
Pr0.5Th0.5,fcc
Pr0.75Th0.25,fcc
Pt0.25Rh0.75,fcc
Pt0.5Rh0.5,fcc
Pt0.5Ru0.5,fcc
Pt0.6V0.4,fcc
Pt0.75Rh0.25,fcc
Pt0.75Ru0.25,fcc
Pt0.7Re0.3,fcc
Pt0.85Zn0.15,fcc
Pt0.85Zr0.15,fcc
Pt0.8Re0.2,fcc
Pt0.8V0.2,fcc
Pt0.9Re0.1,fcc
Rh0.7Ru0.3,fcc
Rh0.85Ru0.15,fcc
Rh0.9Ta0.1,fcc
Rh0.9V0.1,fcc
Rh0.9W0.1,fcc
Sc0.1Th0.9,fcc
Sc0.3Th0.7,fcc
Sc0.5Th0.5,fcc
Tb0.25Th0.75,fcc
Tb0.5Th0.5,fcc
Al0.03Mg0.97,hcp
Al0.03Sc0.97,hcp
Al0.1Hf0.9,hcp
Al0.1Ti0.9,hcp
Cd0.25Mg0.75,hcp
Cd0.5Mg0.5,hcp
Cd0.75Mg0.25,hcp
Co0.25Os0.75,hcp
Co0.25Re0.75,hcp
Co0.25Ru0.75,hcp
Co0.5Os0.5,hcp
Co0.5Re0.5,hcp
Co0.5Ru0.5,hcp
Co0.75Os0.25,hcp
Co0.75Re0.25,hcp
Co0.75Ru0.25,hcp
Co0.7Ir0.3,hcp
Co0.8Rh0.2,hcp
Co1Fe1Re1Ru1,hcp
Cr0.05Re0.95,hcp
Cr0.1Ir0.9,hcp
Cr0.25Ir0.75,hcp
Cr0.25Os0.75,hcp
Cr0.2Ru0.8,hcp
Cr0.3Rh0.7,hcp
Cr0.45Os0.55,hcp
Cr0.4Ir0.6,hcp
Cr0.4Rh0.6,hcp
Cr0.4Ru0.6,hcp
Cr0.5Ir0.5,hcp
Cr0.5Rh0.5,hcp
Dy1Gd1Ho1Tb1Y1,hcp
Dy1Gd1Lu1Tb1Tm1,hcp
Dy1Gd1Lu1Tb1Y1,hcp
Fe0.2Os0.8,hcp
Fe0.2Ru0.8,hcp
Fe0.5Os0.5,hcp
Fe0.5Ru0.5,hcp
Fe0.6Os0.4,hcp
Fe0.6Ru0.4,hcp
Gd1Ho1La1Tb1Y1,hcp
Hf0.25Sc0.75,hcp
Hf0.25Ti0.75,hcp
Hf0.25Zr0.75,hcp
Hf0.5Sc0.5,hcp
Hf0.5Ti0.5,hcp
Hf0.5Zr0.5,hcp
Hf0.75Sc0.25,hcp
Hf0.75Ti0.25,hcp
Hf0.75Zr0.25,hcp
Ir0.25Tc0.75,hcp
Ir0.2Ru0.8,hcp
Ir0.4Ru0.6,hcp
Ir0.5Mo0.5,hcp
Ir0.5Tc0.5,hcp
Ir0.5W0.5,hcp
Ir0.6W0.4,hcp
Ir0.7W0.3,hcp
Li0.1Mg0.9,hcp
Mo0.07Re0.93,hcp
Mo0.1Rh0.9,hcp
Mo0.1Ru0.9,hcp
Mo0.1Ru0.9,hcp
Mo0.25Rh0.75,hcp
Mo0.25Ru0.75,hcp
Mo0.2Os0.8,hcp
Mo0.2Os0.8,hcp
Mo0.2Rh0.8,hcp
Mo0.2Ru0.8,hcp
Mo0.35Os0.65,hcp
Mo0.35Ru0.65,hcp
Mo0.3Os0.7,hcp
Mo0.3Rh0.7,hcp
Mo0.3Ru0.7,hcp
Mo0.4Rh0.6,hcp
Mo0.5Pd0.5,hcp
Mo0.5Rh0.5,hcp
Mo0.5Rh0.5,hcp
Mo1Pd1Rh1Ru1,hcp
Nb0.1Os0.9,hcp
Nb0.2Os0.8,hcp
Ni0.1Os0.9,hcp
Ni0.1Ru0.9,hcp
Ni0.1Tc0.9,hcp
Ni0.25Os0.75,hcp
Ni0.25Tc0.75,hcp
Ni0.2Ru0.8,hcp
Ni0.3Ru0.7,hcp
Ni0.4Tc0.6,hcp
Os0.25Re0.75,hcp
Os0.25Ru0.75,hcp
Os0.5Re0.5,hcp
Os0.5Ru0.5,hcp
Os0.75Re0.25,hcp
Os0.75Ru0.25,hcp
Os0.7V0.3,hcp
Os0.7W0.3,hcp
Os0.85Rh0.15,hcp
Os0.8Ta0.2,hcp
Os0.8V0.2,hcp
Os0.8W0.2,hcp
Os0.9Ti0.1,hcp
Os0.9V0.1,hcp
Os0.9W0.1,hcp
Pt0.15Ru0.85,hcp
Pt0.1Re0.9,hcp
Pt0.25Re0.75,hcp
Pt0.35Re0.65,hcp
Pu0.1Sc0.9,hcp
Pu0.25Sc0.75,hcp
Re0.25Ru0.75,hcp
Re0.25Tc0.75,hcp
Re0.5Ru0.5,hcp
Re0.5Tc0.5,hcp
Re0.75Ru0.25,hcp
Re0.75Tc0.25,hcp
Re0.9W0.1,hcp
Rh0.25Ru0.75,hcp
Rh0.25Tc0.75,hcp
Rh0.5Ru0.5,hcp
Rh0.5Tc0.5,hcp
Rh0.6W0.4,hcp
Ru0.7W0.3,hcp
Ru0.85Ta0.15,hcp
Ru0.8V0.2,hcp
Ru0.8W0.2,hcp
Ru0.9V0.1,hcp
Ru0.9W0.1,hcp
Sc0.25Y0.75,hcp
Sc0.25Zr0.75,hcp
Sc0.5Y0.5,hcp
Sc0.5Zr0.5,hcp
Sc0.75Y0.25,hcp
Sc0.75Zr0.25,hcp
Sm0.25Y0.75,hcp
Sm0.5Y0.5,hcp
Sm0.75Y0.25,hcp
Tb0.25Tm0.75,hcp
Tb0.25Y0.75,hcp
Tb0.5Tm0.5,hcp
Tb0.5Y0.5,hcp
Tb0.75Tm0.25,hcp
Tb0.75Y0.25,hcp
Ti0.25Zr0.75,hcp
Ti0.5Zr0.5,hcp
Ti0.75Zr0.25,hcp
AgAs,multi-phase
AgBe,multi-phase
AgCo,multi-phase
AgCr,multi-phase
AgCu,multi-phase
AgFe,multi-phase
AgGe,multi-phase
AgMn,multi-phase
AgMo,multi-phase
AgNi,multi-phase
AgOs,multi-phase
AgPb,multi-phase
AgPt,multi-phase
AgRe,multi-phase
AgRh,multi-phase
AgSb,multi-phase
AgSi,multi-phase
AgSn,multi-phase
AgW,multi-phase
Al0.25Co1Cr1Cu0.75Fe1Ni1,multi-phase
Al0.25Co1Cr1Cu0.75Fe1Ni1Ti0.5,multi-phase
Al0.25Cr1Cu1Fe1Ni2,multi-phase
Al0.2Co1.5Cr1Fe1Ni1.5Ti0.5,multi-phase
Al0.2Co1.5Cr1Fe1Ni1.5Ti1,multi-phase
Al0.3Co1Cr1Cu1Fe1Ni1,multi-phase
Al0.3Co1Cr1Fe1Mo0.1Ni1,multi-phase
Al0.3Co1Cr1Fe1Ni1Ti0.1,multi-phase
Al0.3Co1Cr2Fe1Ni1,multi-phase
Al0.3Cr1Fe1.5Mn1Ni0.5,multi-phase
Al0.3Cr1Fe1Ni1V1,multi-phase
Al0.4Co1Cr1Fe1Mn1Ni1V1,multi-phase
Al0.55V0.45,multi-phase
Al0.5B0.2Co1Cr1Cu1Fe1Ni1,multi-phase
Al0.5B0.6Co1Cr1Cu1Fe1Ni1,multi-phase
Al0.5B1Co1Cr1Cu1Fe1Ni1,multi-phase
Al0.5Ce1Co1Cu0.5Fe1Ni1Ti0.5,multi-phase
Al0.5Co1Cr1Cu0.5Fe1Ni1,multi-phase
Al0.5Co1Cr1Cu1Fe1Ni1,multi-phase
Al0.5Co1Cr1Cu1Fe1Ni1Ti0.8,multi-phase
Al0.5Co1Cr1Cu1Fe1Ni1V0.2,multi-phase
Al0.5Co1Cr1Cu1Fe1Ni1V0.4,multi-phase
Al0.5Co1Cr1Cu1Fe1Ni1V0.6,multi-phase
Al0.5Co1Cr1Cu1Fe1Ni1V0.8,multi-phase
Al0.5Co1Cr1Cu1Fe1Ni1V1,multi-phase
Al0.5Co1Cr1Cu1Fe1Ni1V1.2,multi-phase
Al0.5Co1Cr1Cu1Fe1Ni1V1.4,multi-phase
Al0.5Co1Cr1Cu1Fe1Ni1V1.6,multi-phase
Al0.5Co1Cr1Cu1Fe1Ni1V1.8,multi-phase
Al0.5Co1Cr1Cu1Fe1Ni1V2,multi-phase
Al0.5Co1Cr1Fe1Ni1,multi-phase
Al0.5Co1Cr1Fe1Ni1Ti1,multi-phase
Al0.5Cr1Cu1Fe1Ni2,multi-phase
Al0.5Cr1Fe1.5Mn1Ni0.5,multi-phase
Al0.5Cr1Fe1Ni1Ti1V1,multi-phase
Al0.5Cr1Fe1Ni1V1,multi-phase
Al0.5Nb1Ta0.8Ti1.5V0.2Zr1,multi-phase
Al0.5Nb1Ti1V1Zr1,multi-phase
Al0.75Co1Cr1Cu0.25Fe1Ni1,multi-phase
Al0.75Co1Cr1Cu0.25Fe1Ni1Ti0.5,multi-phase
Al0.75Co1Cr1Fe1Ni1,multi-phase
Al0.875Co1Cr1Fe1Ni1,multi-phase
Al0.8Co1Cr1Cu1Fe1Ni1,multi-phase
Al0.8Cr1Cu1Fe1Ni2,multi-phase
Al0.8Cr1Fe1.5Mn1Ni0.5,multi-phase
Al1.17Co1Cr1Fe1Ni1,multi-phase
Al1.25Co1Cr1Fe1Ni1,multi-phase
Al1.3Co1Cr1Cu1Fe1Ni1,multi-phase
Al1.3Cr1Cu1Fe1Ni2,multi-phase
Al1.5Co1Cr1Cu1Fe1Ni1,multi-phase
Al1.5Co1Cr1Fe1Ni1,multi-phase
Al1.5Co1Cr1Fe1Ni1Ti1,multi-phase
Al1.5Cr1Cu1Fe1Ni2,multi-phase
Al1.5Cr1Fe1.5Mn1Ni0.5,multi-phase
Al1.5Cr1Fe1Mn1Ti1,multi-phase
Al1.5Nb1Ti1V1Zr1,multi-phase
Al1.8Co1Cr1Cu1Fe1Ni1,multi-phase
Al1Au1Co1Cr1Cu1Ni1,multi-phase
Al1Co0.5Cr0.5Fe0.5Mn1Ni1V0.5,multi-phase
Al1Co0.5Cr0.5Fe0.5Mn1Ni1V1,multi-phase
Al1Co0.5Cr1Cu1Fe1Ni1,multi-phase
Al1Co0.5Cr1Fe1Mo0.5Ni1,multi-phase
Al1Co1.5Cr1Fe1Mo0.5Ni1,multi-phase
Al1Co1.5Cr1Fe1Ni1Ti0.5,multi-phase
Al1Co1.5Cr2Fe1.5Mn2Ni1V1,multi-phase
Al1Co1Cr0.5Cu1Fe1Ni1,multi-phase
Al1Co1Cr0.5Fe1Mo0.5Ni1,multi-phase
Al1Co1Cr1.5Fe1Mo0.5Ni1,multi-phase
Al1Co1Cr1Cu0.25Fe1Ni1,multi-phase
Al1Co1Cr1Cu0.25Fe1Ni1Ti0.5,multi-phase
Al1Co1Cr1Cu0.5Fe1Ni1,multi-phase
Al1Co1Cr1Cu0.5Fe1Ni1Ti0.5,multi-phase
Al1Co1Cr1Cu0.5Ni1,multi-phase
Al1Co1Cr1Cu1Fe0.5Ni1,multi-phase
Al1Co1Cr1Cu1Fe1Mn1Ni1,multi-phase
Al1Co1Cr1Cu1Fe1Mn1Ni1Ti1V1,multi-phase
Al1Co1Cr1Cu1Fe1Mo0.2Ni1,multi-phase
Al1Co1Cr1Cu1Fe1Mo0.4Ni1,multi-phase
Al1Co1Cr1Cu1Fe1Mo0.6Ni1,multi-phase
Al1Co1Cr1Cu1Fe1Mo0.8Ni1,multi-phase
Al1Co1Cr1Cu1Fe1Mo1Ni1,multi-phase
Al1Co1Cr1Cu1Fe1Ni0.5,multi-phase
Al1Co1Cr1Cu1Fe1Ni1,multi-phase
Al1Co1Cr1Cu1Fe1Ni1Si1,multi-phase
Al1Co1Cr1Cu1Fe1Ni1Ti1,multi-phase
Al1Co1Cr1Cu1Fe1Ni1Ti1V1,multi-phase
Al1Co1Cr1Cu1Fe1Ni1V1,multi-phase
Al1Co1Cr1Cu1Ni1,multi-phase
Al1Co1Cr1Cu1Ni1Ti1Y0.5,multi-phase
Al1Co1Cr1Cu1Ni1Ti1Y0.8,multi-phase
Al1Co1Cr1Cu1Ni1Ti1Y1,multi-phase
Al1Co1Cr1Fe0.6Mo0.5Ni1,multi-phase
Al1Co1Cr1Fe1.5Mo0.5Ni1,multi-phase
Al1Co1Cr1Fe1Mo0.1Ni1,multi-phase
Al1Co1Cr1Fe1Mo0.2Ni1,multi-phase
Al1Co1Cr1Fe1Mo0.3Ni1,multi-phase
Al1Co1Cr1Fe1Mo0.4Ni1,multi-phase
Al1Co1Cr1Fe1Mo0.5Ni1,multi-phase
Al1Co1Cr1Fe1Nb0.1Ni1,multi-phase
Al1Co1Cr1Fe1Nb0.25Ni1,multi-phase
Al1Co1Cr1Fe1Nb0.5Ni1,multi-phase
Al1Co1Cr1Fe1Nb0.75Ni1,multi-phase
Al1Co1Cr1Fe1Ni1,multi-phase
Al1Co1Cr1Fe1Ni1Si0.2,multi-phase
Al1Co1Cr1Fe1Ni1Si0.4,multi-phase
Al1Co1Cr1Fe1Ni1Si0.6,multi-phase
Al1Co1Cr1Fe1Ni1Si0.8,multi-phase
Al1Co1Cr1Fe1Ni1Si1,multi-phase
Al1Co1Cr1Fe1Ni1Ti0.5,multi-phase
Al1Co1Cr1Fe1Ni1Ti1,multi-phase
Al1Co1Cr1Fe1Ni1Ti1.5,multi-phase
Al1Co1Cr1Fe2Mo0.5Ni1,multi-phase
Al1Co1Cr2Fe1Mo0.5Ni1,multi-phase
Al1Co1Cu1Fe1Ni1,multi-phase
Al1Co1Cu1Fe1Ni1Ti1,multi-phase
Al1Co1Cu1Ni1,multi-phase
Al1Co1Cu1Ni1Ti1Zn1,multi-phase
Al1Co1Fe1Mn1Ni1,multi-phase
Al1Co1Fe1Mo0.5Ni1,multi-phase
Al1Co2Cr1Fe1Mo0.5Ni1,multi-phase
Al1Co2Cr1Fe1Ni1Ti0.5,multi-phase
Al1Co3Cr1Fe1Ni1Ti0.5,multi-phase
Al1Cr0.5Cu1Fe1Ni1Ti1,multi-phase
Al1Cr1.5Cu1Fe1Ni1Ti1,multi-phase
Al1Cr1.5Nb1Ti1V1,multi-phase
Al1Cr1Cu1Fe1Mn1Ni1,multi-phase
Al1Cr1Cu1Fe1Ni1Ti1,multi-phase
Al1Cr1Cu1Fe1Ni2,multi-phase
Al1Cr1Fe1Mn1Ti0.25,multi-phase
Al1Cr1Mo1Nb1Ti1,multi-phase
Al1Cr1Mo1Si1Ti1,multi-phase
Al1Cr1Nb1Ti1V1,multi-phase
Al1Cr2Cu1Fe1Ni1Ti1,multi-phase
Al1Cr3Cu1Fe1Ni1Ti1,multi-phase
Al1Cu0.2Li0.5Mg1Zn0.5,multi-phase
Al1Cu0.5Li0.5Mg1Sn0.2,multi-phase
Al1Cu1Ni1,multi-phase
Al1Fe1Mg1Ti1Zn1,multi-phase
Al1Li0.5Mg1Sn0.2Zn0.5,multi-phase
Al1Li1Mg1Sn1Zn1,multi-phase
Al1Mo0.5Nb1Ta0.5Ti1Zr1,multi-phase
Al1Nb1Ti1V1Zr1,multi-phase
Al1Ti1V1Y1Zr1,multi-phase
Al2.3Co1Cr1Cu1Fe1Ni1,multi-phase
Al2.5Co1Cr1Cu1Fe1Ni1,multi-phase
Al2.5Co1Cr1Fe1Ni1,multi-phase
Al2.8Co1Cr1Cu1Fe1Ni1,multi-phase
Al20Co10Cr10Cu10Fe10Mn10Ni10Ti10V10,multi-phase
Al20Li20Mg10Sc20Ti30,multi-phase
Al2Co1Cr1Cu1Fe1Ni1,multi-phase
Al2Co1Cr1Fe1Ni1,multi-phase
Al2Co1Cr1Fe1Ni1Ti1,multi-phase
Al2Cr1Cu1Fe1Ni2,multi-phase
Al2Cr1Fe1Mn1Ti0.25,multi-phase
Al2Cr1Fe1Mn1Ti1,multi-phase
Al3Co1Cr1Cu1Fe1Ni1,multi-phase
Al3Co1Cr1Fe1Ni1,multi-phase
Al3Cr1Cu1Fe1Ni2,multi-phase
Al3Cr1Fe1Mn1Ti025,multi-phase
Al40Co7.5Cr7.5Cu7.5Fe7.5Mn7.5Ni7.5Ti7.5V7.5,multi-phase
Al4Cr1Fe1Mn1Ti0.25,multi-phase
Al80Cu5Li5Mg5Zn5,multi-phase
Al80Li5Mg5Sn5Zn5,multi-phase
AlBa,multi-phase
AlBe,multi-phase
AlBi,multi-phase
AlCa,multi-phase
AlCd,multi-phase
AlCr,multi-phase
AlGa,multi-phase
AlGe,multi-phase
AlIn,multi-phase
AlNb,multi-phase
AlPb,multi-phase
AlSe,multi-phase
AlSi,multi-phase
AlSn,multi-phase
AlSr,multi-phase
AlW,multi-phase
AlYb,multi-phase
AsCd,multi-phase
AsCu,multi-phase
AsMo,multi-phase
AsPb,multi-phase
AsPd,multi-phase
AsTe,multi-phase
AsTh,multi-phase
AsZn,multi-phase
AuBi,multi-phase
AuCo,multi-phase
AuCr,multi-phase
AuMo,multi-phase
AuPb,multi-phase
AuSb,multi-phase
AuSi,multi-phase
AuTa,multi-phase
AuTe,multi-phase
AuW,multi-phase
BaFe,multi-phase
BaMg,multi-phase
BaMo,multi-phase
BaSc,multi-phase
BaSn,multi-phase
BaTi,multi-phase
BaV,multi-phase
BaY,multi-phase
Be0.48Cu0.52,multi-phase
Be0.4Co0.6,multi-phase
Be1Cu1Ni1Ti1V1Zr1,multi-phase
BeBi,multi-phase
BeCr,multi-phase
BeFe,multi-phase
BeGa,multi-phase
BeGe,multi-phase
BeHf,multi-phase
BeIn,multi-phase
BeLi,multi-phase
BeMg,multi-phase
BeMo,multi-phase
BeNb,multi-phase
BeRu,multi-phase
BeSi,multi-phase
BeSr,multi-phase
BeTa,multi-phase
BeTh,multi-phase
BeTh,multi-phase
CaLa,multi-phase
CaLi,multi-phase
CaLu,multi-phase
CaMg,multi-phase
CaMo,multi-phase
CaNa,multi-phase
CaNd,multi-phase
CaNi,multi-phase
CaPt,multi-phase
CaSb,multi-phase
CaSc,multi-phase
CaTi,multi-phase
CaTm,multi-phase
CaV,multi-phase
CaY,multi-phase
CdEu,multi-phase
CdFe,multi-phase
CdGa,multi-phase
CdIn,multi-phase
CdMo,multi-phase
CdNa,multi-phase
CdPb,multi-phase
CdRb,multi-phase
CdSn,multi-phase
CdTl,multi-phase
CdV,multi-phase
CdZn,multi-phase
CeCo,multi-phase
CeCr,multi-phase
CeFe,multi-phase
CeHf,multi-phase
CeIn,multi-phase
CeIr,multi-phase
CeLi,multi-phase
CeMn,multi-phase
CeMo,multi-phase
CePu,multi-phase
CeTa,multi-phase
CeTi,multi-phase
CeU,multi-phase
CeV,multi-phase
CeW,multi-phase
Co0.56Cr0.44,multi-phase
Co0.5Cr1Fe1Mn1.5Ni1,multi-phase
Co1.5Cr1Fe1Mo0.1Ni1.5Ti0.5,multi-phase
Co1.5Cr1Fe1Mo0.5Ni1.5Ti0.5,multi-phase
Co1.5Cr1Fe1Mo0.8Ni1.5Ti0.5,multi-phase
Co1.5Cr1Fe1Ni1.5Ti0.5,multi-phase
Co1.5Cr1Fe1Ni1.5Ti1,multi-phase
Co1Cr1Cu0.5Fe1Ni1,multi-phase
Co1Cr1Cu1Fe1Mn1,multi-phase
Co1Cr1Cu1Fe1Mn1Ni1,multi-phase
Co1Cr1Cu1Fe1Mn1Ni1Ti1V1,multi-phase
Co1Cr1Cu1Fe1Ni1,multi-phase
Co1Cr1Cu1Fe1Ni1Ti0.5,multi-phase
Co1Cr1Cu1Fe1Ni1Ti0.8,multi-phase
Co1Cr1Cu1Fe1Ni1Ti1,multi-phase
Co1Cr1Cu1Fe1Ni1Ti2,multi-phase
Co1Cr1Fe1Ge1Mn1Ni1,multi-phase
Co1Cr1Fe1Hf1Ni1,multi-phase
Co1Cr1Fe1Mo0.3Ni1,multi-phase
Co1Cr1Fe1Mo1Ni1,multi-phase
Co1Cr1Fe1Nb1Ni1,multi-phase
Co1Cr1Fe1Ni1Ta1,multi-phase
Co1Cr1Fe1Ni1Ti0.3,multi-phase
Co1Cr1Fe1Ni1Ti0.5,multi-phase
Co1Cr1Fe1Ni1Ti1,multi-phase
Co1Cr1Fe1Ni1V1,multi-phase
Co1Cr1Fe1Ni1W1,multi-phase
Co1Cr1Fe1Ni1Y1,multi-phase
Co1Cr1Fe1Ni1Zr1,multi-phase
Co1Cr1Mn1Ni1V1,multi-phase
Co1Cr2Fe1Ni1,multi-phase
Co1Cu1Fe1Ni1V1,multi-phase
Co1Cu1Hf1Ti1Zr1,multi-phase
Co1Fe1Ga1Mn1Ni1,multi-phase
Co1Fe1Mn1Mo1Ni1,multi-phase
Co1Fe1Mn1Ni1Sn1,multi-phase
Co1Fe1Mn1Ni1V1,multi-phase
CoDy,multi-phase
CoEr,multi-phase
CoGd,multi-phase
CoIn,multi-phase
CoLa,multi-phase
CoLu,multi-phase
CoNd,multi-phase
CoPr,multi-phase
CoSc,multi-phase
CoSm,multi-phase
CoTa,multi-phase
CoTe,multi-phase
CoW,multi-phase
CoYb,multi-phase
Cr0.56Ni0.44,multi-phase
Cr1Cu1Fe1Mn1Ni1,multi-phase
Cr1Cu1Fe1Mn2Ni2,multi-phase
Cr1Cu1Fe1Mo1Ni1,multi-phase
Cr1Cu1Fe1Ni1Zr1,multi-phase
Cr1Cu1Fe1Ni2,multi-phase
Cr1Cu2Fe2Mn1Ni2,multi-phase
Cr1Cu2Fe2Mn2Ni1,multi-phase
Cr1Fe1.5Mn1Ni0.5,multi-phase
Cr1Fe1Mn1Ni1Ti1,multi-phase
Cr1Mo0.5Nb1Ta0.5Ti1Zr1,multi-phase
Cr1Nb1Ti1V1Zr1,multi-phase
Cr1Nb1Ti1Zr1,multi-phase
Cr2Cu1Fe2Mn1Ni1,multi-phase
Cr2Cu1Fe2Mn2Ni2,multi-phase
Cr2Cu2Fe1Mn2Ni2,multi-phase
Cr2Cu2Fe2Mn1Ni2,multi-phase
CrCu,multi-phase
CrHf,multi-phase
CrMg,multi-phase
CrNb,multi-phase
CrSe,multi-phase
CrTa,multi-phase
CrTe,multi-phase
CrY,multi-phase
CrZr,multi-phase
CsGa,multi-phase
CsHf,multi-phase
CsIn,multi-phase
CsLi,multi-phase
CsMg,multi-phase
CsMo,multi-phase
CsNa,multi-phase
CsNb,multi-phase
CsTa,multi-phase
CsTe,multi-phase
CsTl,multi-phase
CsV,multi-phase
Cu1Fe1Hf1Ti1Zr1,multi-phase
CuFe,multi-phase
CuGa,multi-phase
CuGe,multi-phase
DyTa,multi-phase
DyV,multi-phase
DyW,multi-phase
DyZr,multi-phase
ErFe,multi-phase
ErHf,multi-phase
ErMn,multi-phase
ErRe,multi-phase
ErRu,multi-phase
ErSn,multi-phase
ErTa,multi-phase
ErTi,multi-phase
ErV,multi-phase
ErW,multi-phase
ErZr,multi-phase
EuFe,multi-phase
EuLa,multi-phase
EuMo,multi-phase
EuRh,multi-phase
EuTa,multi-phase
EuV,multi-phase
EuW,multi-phase
Fe0.4Mo0.6,multi-phase
Fe0.6Se0.4,multi-phase
FeGa,multi-phase
FeGd,multi-phase
FeHf,multi-phase
FeHo,multi-phase
FeIn,multi-phase
FeLa,multi-phase
FeLi,multi-phase
FeLu,multi-phase
FeMg,multi-phase
FeNa,multi-phase
FeNb,multi-phase
FePr,multi-phase
FePu,multi-phase
FeSb,multi-phase
FeSc,multi-phase
FeSm,multi-phase
FeTa,multi-phase
FeTb,multi-phase
FeTh,multi-phase
FeTm,multi-phase
FeU,multi-phase
FeY,multi-phase
FeYb,multi-phase
FeZn,multi-phase
GaGe,multi-phase
GaIn,multi-phase
GaNa,multi-phase
GaNb,multi-phase
GaPb,multi-phase
GaRb,multi-phase
GaSn,multi-phase
GaSr,multi-phase
GaTl,multi-phase
GaZn,multi-phase
GdIn,multi-phase
GdMn,multi-phase
GdPb,multi-phase
GdRe,multi-phase
GdRu,multi-phase
GdSn,multi-phase
GdTi,multi-phase
GdV,multi-phase
GdW,multi-phase
GdYb,multi-phase
GdZr,multi-phase
GeIn,multi-phase
GeLu,multi-phase
GeMn,multi-phase
GeMo,multi-phase
GeNb,multi-phase
GePb,multi-phase
GePb,multi-phase
GeRe,multi-phase
GeSb,multi-phase
GeTi,multi-phase
GeTl,multi-phase
GeYb,multi-phase
GeZn,multi-phase
HfLi,multi-phase
HfMn,multi-phase
HfMo,multi-phase
HfPu,multi-phase
HfRb,multi-phase
HfTh,multi-phase
HfV,multi-phase
HfY,multi-phase
HoMn,multi-phase
HoMo,multi-phase
HoSn,multi-phase
InMn,multi-phase
InNb,multi-phase
InRb,multi-phase
InSi,multi-phase
InSn,multi-phase
InTa,multi-phase
InV,multi-phase
InZn,multi-phase
IrNb,multi-phase
IrPr,multi-phase
IrRu,multi-phase
IrTa,multi-phase
KLi,multi-phase
KMg,multi-phase
KMo,multi-phase
KNa,multi-phase
KNb,multi-phase
KTa,multi-phase
KTi,multi-phase
KV,multi-phase
KZn,multi-phase
KZr,multi-phase
LaLi,multi-phase
LaMn,multi-phase
LaMo,multi-phase
LaNb,multi-phase
LaTa,multi-phase
LaTi,multi-phase
LaV,multi-phase
LaW,multi-phase
LiMn,multi-phase
LiMo,multi-phase
LiNa,multi-phase
LiNi,multi-phase
LiPr,multi-phase
LiPu,multi-phase
LiRb,multi-phase
LiSb,multi-phase
LiSe,multi-phase
LiSi,multi-phase
LiTa,multi-phase
LiTe,multi-phase
LiTi,multi-phase
LiZr,multi-phase
LuPb,multi-phase
LuV,multi-phase
LuW,multi-phase
LuYb,multi-phase
MgNa,multi-phase
MgNb,multi-phase
MgNi,multi-phase
MgPb,multi-phase
MgRb,multi-phase
MgSb,multi-phase
MgSn,multi-phase
MgSr,multi-phase
MgTh,multi-phase
MgV,multi-phase
MgYb,multi-phase
MgZn,multi-phase
MnMo,multi-phase
MnNd,multi-phase
MnPr,multi-phase
MnPu,multi-phase
MnSm,multi-phase
MnSr,multi-phase
MnTb,multi-phase
MnY,multi-phase
MoNd,multi-phase
MoPa,multi-phase
MoPb,multi-phase
Nb1Ti1V2Zr1,multi-phase
OsPd,multi-phase
OsPt,multi-phase
OsPu,multi-phase
OsTh,multi-phase
OsU,multi-phase
OsY,multi-phase
OsYb,multi-phase
PbPr,multi-phase
PbPu,multi-phase
PbSb,multi-phase
PbSc,multi-phase
PbSi,multi-phase
PbSm,multi-phase
PbSn,multi-phase
PbTh,multi-phase
PbZn,multi-phase
Pd0.4Si0.6,multi-phase
Pd0.4U0.6,multi-phase
Pd0.6Pu0.4,multi-phase
PdRu,multi-phase
PdW,multi-phase
PmRh,multi-phase
PmRu,multi-phase
PmV,multi-phase
PrPu,multi-phase
PrTa,multi-phase
PrTi,multi-phase
PrU,multi-phase
PrV,multi-phase
PrW,multi-phase
PtRe,multi-phase
PtSr,multi-phase
PtZn,multi-phase
PuSm,multi-phase
PuTa,multi-phase
PuTi,multi-phase
PuV,multi-phase
RbTa,multi-phase
RbTi,multi-phase
RbTl,multi-phase
RbV,multi-phase
RbZn,multi-phase
Re0.6Ti0.4,multi-phase
ReSb,multi-phase
ReSc,multi-phase
ReTb,multi-phase
ReTh,multi-phase
ReU,multi-phase
ReY,multi-phase
ReZr,multi-phase
Rh0.45Ta0.55,multi-phase
RhU,multi-phase
RuSn,multi-phase
RuW,multi-phase
SbSe,multi-phase
SbSi,multi-phase
SbZr,multi-phase
ScSr,multi-phase
ScU,multi-phase
ScV,multi-phase
ScW,multi-phase
ScW,multi-phase
SiSn,multi-phase
SiTa,multi-phase
SiTe,multi-phase
SiTl,multi-phase
SiV,multi-phase
SiW,multi-phase
SiZn,multi-phase
SmSn,multi-phase
SmU,multi-phase
SnTi,multi-phase
SnV,multi-phase
SnY,multi-phase
SnZn,multi-phase
SrTi,multi-phase
SrV,multi-phase
SrY,multi-phase
TaTb,multi-phase
TaTl,multi-phase
TaTm,multi-phase
Ta_Th,multi-phase
