composition,is metal?
Ag(AuS)2,TRUE
Ag(W3Br7)2,TRUE
Ag0.5Ge1Pb1.75S4,FALSE
Ag0.5Ge1Pb1.75Se4,FALSE
Ag2BBr,TRUE
Ag2BiO3,TRUE
Ag2GeS3,FALSE
Ag2GeSe3,FALSE
Ag2GeTe3,FALSE
Ag2HgI4,FALSE
Ag2Mo(I2O7)2,FALSE
Ag2O,FALSE
Ag2P2PbO7,TRUE
Ag2PdO2,FALSE
Ag2S,FALSE
Ag2SnS3,FALSE
Ag2SnSe3,FALSE
Ag3AsO4,TRUE
Ag3AsS3,FALSE
Ag3AsSe3,FALSE
Ag3Pd,TRUE
Ag3RuO4,TRUE
Ag3SbS3,FALSE
Ag5IO6,FALSE
Ag7(SI)2,TRUE
Ag7AsS6,FALSE
Ag7AsSe6,FALSE
Ag7NO11,TRUE
Ag8GeS6,FALSE
Ag8SnSe6,FALSE
Ag9(PbO3)4,TRUE
Ag9Ge2IO8,TRUE
AgAsS2,FALSE
AgAsSe2,FALSE
AgAu3,TRUE
AgBi(PS3)2,FALSE
AgBi(PSe3)2,FALSE
AgBiPbS3,FALSE
AgBiPbSe3,FALSE
AgBiS2,FALSE
AgBiSe2,FALSE
AgBr,FALSE
AgCNO,TRUE
AgCl,FALSE
AgF,FALSE
AgGeO3,TRUE
AgI,FALSE
AgN3,FALSE
AgO,FALSE
AgP15,FALSE
AgPd(IO3)3,FALSE
AgPdO2,TRUE
AgPt3,TRUE
AgS,FALSE
AgSO4,FALSE
AgSbS2,FALSE
AgSbSe2,FALSE
AgSbTe2,FALSE
AgTe,FALSE
AgTe2As,FALSE
Al(Ni10B7)2,TRUE
Al(NiS2)2,TRUE
Al0.01Cd0.99Sb0.01Te0.99,FALSE
Al0.01Ga0.99P1,FALSE
Al0.01In0.99P1,FALSE
Al0.05Cd0.95Sb0.05Te0.95,FALSE
Al0.15Ga0.85As1,FALSE
Al0.1Cd0.9Sb0.1Te0.9,FALSE
Al0.1In0.9P1,FALSE
Al0.2Ga0.8P1,FALSE
Al0.2In0.8P1,FALSE
Al0.35Ga0.65As1,FALSE
Al0.3Ga0.7As1,FALSE
Al0.3In0.7P1,FALSE
Al0.45Cd0.55Sb0.45Te0.55,FALSE
Al0.4Cd0.6Sb0.4Te0.6,FALSE
Al0.4Ga0.6P1,FALSE
Al0.4In0.6P1,FALSE
Al0.5Ga0.5As1,FALSE
Al0.5In0.5P1,FALSE
Al0.6Ga0.4As1,FALSE
Al0.6Ga0.4P1,FALSE
Al0.6In0.4P1,FALSE
Al0.75Ga0.25As1,FALSE
Al0.7In0.3P1,FALSE
Al0.8Ga0.2P1,FALSE
Al0.99Cd0.01Sb0.99Te0.01,FALSE
Al0.99Ga0.01P1,FALSE
Al0.99In0.01P1,FALSE
Al10V,TRUE
Al13Ru4,TRUE
Al2(CuSe2)3,TRUE
Al21Pt8,TRUE
Al2CoIr,TRUE
Al2Cr2O7,TRUE
Al2CrS4,TRUE
Al2Cu,TRUE
Al2FeNi,TRUE
Al2Ru,TRUE
Al2S3,FALSE
Al2Se3,FALSE
Al2Te3,FALSE
Al3Tc,TRUE
Al4Cu2O7,TRUE
Al4Cu9,TRUE
Al5Rh2,TRUE
Al6Fe,TRUE
Al6Ru,TRUE
Al6Tc,TRUE
Al7(CN)3,TRUE
Al9Co2,TRUE
Al9Ir2,TRUE
Al9Rh2,TRUE
AlAgO2,FALSE
AlAgS2,FALSE
AlAgSe2,FALSE
AlAgTe2,FALSE
AlAs,TRUE
AlB12,FALSE
AlB2,TRUE
AlBi,FALSE
AlCoO3,TRUE
AlCu3,TRUE
AlCu7O12,TRUE
AlCuS2,FALSE
AlCuSe2,FALSE
AlCuTe2,FALSE
AlFe2Si,TRUE
AlFe4(CuO4)3,TRUE
AlIr,TRUE
AlN,FALSE
AlNi2,TRUE
AlP,FALSE
AlPd5I2,TRUE
AlSb,FALSE
AlSn,TRUE
AlV(TeO4)2,FALSE
AlVCo2,TRUE
As2Ir,FALSE
As2O3,FALSE
As2Os,FALSE
As2Pt,FALSE
As2Rh,FALSE
As2Ru,FALSE
As2S3,FALSE
As2S5,FALSE
As2Se3,FALSE
AsAu3,TRUE
AsBr3,FALSE
AsI3,FALSE
AsOsS,FALSE
AsP,FALSE
AsPPd,FALSE
AsPPt,FALSE
AsPRu,FALSE
AsPd3Pb2,TRUE
AsRuS,FALSE
AsS,FALSE
AsS3,FALSE
AsSI,FALSE
AsSeBr,TRUE
AsSeI,FALSE
Au3S,TRUE
AuBrO2,TRUE
B2Mo(PbO2)6,FALSE
B2O3,FALSE
B2Se2O7,FALSE
B3H2Pb2O7.5,FALSE
B3Pb10Br3O13,FALSE
B3Pb3NO10,FALSE
B4C,FALSE
B4H2Pb6O13,FALSE
B4W,TRUE
B5Mo2,TRUE
B6As,FALSE
B6P,FALSE
BAs,FALSE
BH(PbO2)2,FALSE
BMo,TRUE
BP,FALSE
BPb2ClO3,FALSE
BPb6BrO7,FALSE
BPb7Br3O7,FALSE
BRh2,TRUE
BSb,FALSE
BSbPbS4,FALSE
BSe2Cl,TRUE
BTe2As,TRUE
Ba(AsPd)2,TRUE
Ba(AsRh)2,TRUE
Ba(BO2)2,FALSE
Ba(BRh)2,TRUE
Ba(FeS2)2,TRUE
Ba(GaS2)2,FALSE
Ba(GaSe2)2,FALSE
Ba(InS2)2,FALSE
Ba(InSe2)2,FALSE
Ba(NiP2)2,TRUE
Ba(PdO2)2,TRUE
Ba(SnO2)4,TRUE
Ba(ZnAs)2,FALSE
Ba1.88Ta15O32,FALSE
Ba12In4S19,FALSE
Ba14Ir8(PdO11)3,TRUE
Ba14Na8CaN6,TRUE
Ba23Ga8(SbS19)2,FALSE
Ba2B4H2O9,FALSE
Ba2B6H4O13,FALSE
Ba2B6O11,FALSE
Ba2BiSbO6,TRUE
Ba2CaOsO6,TRUE
Ba2CaReO6,TRUE
Ba2Cd(BO2)6,FALSE
Ba2Ce2O5,TRUE
Ba2CeInTe5,FALSE
Ba2CoWO6,TRUE
Ba2Cu5F14,TRUE
Ba2CuWO6,TRUE
Ba2DyCu3O7,TRUE
Ba2DyGaSe5,FALSE
Ba2DyGaTe5,FALSE
Ba2DyInSe5,FALSE
Ba2DyInTe5,FALSE
Ba2ErGaSe5,FALSE
Ba2ErGaTe5,FALSE
Ba2ErInSe5,FALSE
Ba2ErInTe5,FALSE
Ba2FeMoO6,TRUE
Ba2FeReO6,TRUE
Ba2Ga8GeS16,FALSE
Ba2Ga8SiS16,FALSE
Ba2GaAsSe5,FALSE
Ba2GaBiS5,FALSE
Ba2GaBiSe5,FALSE
Ba2GaBiTe5,FALSE
Ba2GaS4,FALSE
Ba2GaSbSe5,FALSE
Ba2GaSbTe5,FALSE
Ba2GaSe4,FALSE
Ba2GdGaSe5,FALSE
Ba2GdGaTe5,FALSE
Ba2GdInSe5,FALSE
Ba2GdInTe5,FALSE
Ba2HgS5,FALSE
Ba2In2S5,FALSE
Ba2In2Se5,FALSE
Ba2InAgS4,FALSE
Ba2InBiS5,FALSE
Ba2InSbSe5,FALSE
Ba2LaIrO6,TRUE
Ba2LiFe2N3,TRUE
Ba2NaCu3S5,FALSE
Ba2NdGaS5,FALSE
Ba2NdGaSe5,FALSE
Ba2NdInSe5,FALSE
Ba2NdInTe5,FALSE
Ba2ReNiO6,TRUE
Ba2Sb7HO14,FALSE
Ba2ScIrO6,TRUE
Ba2ScTaO6,FALSE
Ba2SmCu3O7,TRUE
Ba2SmGaSe5,FALSE
Ba2SmGaTe5,FALSE
Ba2SmInSe5,FALSE
Ba2SmInTe5,FALSE
Ba2SmTaO6,FALSE
Ba2SnSe4,FALSE
Ba2SnSe5,FALSE
Ba2TaInO6,FALSE
Ba2TbIrO6,TRUE
Ba2ThCu2Se5,FALSE
Ba2UCuO6,TRUE
Ba2V2Te2O11,FALSE
Ba2V2ZnO8,FALSE
Ba2V4(TeO6)3,FALSE
Ba2YGaSe5,FALSE
Ba2YGaTe5,FALSE
Ba2YInSe5,FALSE
Ba2YInTe5,FALSE
Ba2YReO6,TRUE
Ba2Yb(CuO2)4,TRUE
Ba2Zn0.2B2S5.2,FALSE
Ba2ZnSe3,FALSE
Ba2ZnTe3,FALSE
Ba3(AlGe)2,TRUE
Ba3(LiSn2)4,TRUE
Ba3Ag2(SnS4)2,FALSE
Ba3B1.5Sb0.5S6,FALSE
Ba3BSbS6,FALSE
Ba3BSbSe6,FALSE
Ba3Bi0.5B1.5S6,FALSE
Ba3Bi2TeO9,FALSE
Ba3CaIr2O9,TRUE
Ba3CaRu2O9,TRUE
Ba3Cd(SnS4)2,FALSE
Ba3Co10O17,TRUE
Ba3CrS5,TRUE
Ba3Dy2(PS4)4,FALSE
Ba3Er2(PS4)4,FALSE
Ba3ErRu2O9,TRUE
Ba3Eu(PO4)3,FALSE
Ba3FeS4Br,FALSE
Ba3Gd2(PS4)4,FALSE
Ba3GeS5,FALSE
Ba3Ho2(PS4)4,FALSE
Ba3In2(PO4)4,FALSE
Ba3InS4Cl,FALSE
Ba3La3(Cu3O7)2,FALSE
Ba3MgTa2O9,FALSE
Ba3N2,TRUE
Ba3NaIr2O9,TRUE
Ba3NaIrO6,TRUE
Ba3Nb2CoO9,TRUE
Ba3Nb2Se9,FALSE
Ba3P3ClO10,FALSE
Ba3PN,TRUE
Ba3Sb2S7,FALSE
Ba3Sn(SbSe4)2,FALSE
Ba3Sn0.87Bi2.13Se8,FALSE
Ba3Ta2Se9,FALSE
Ba3Ta2ZnO9,FALSE
Ba3Ta5NO14,FALSE
Ba3Tb2(PS4)4,FALSE
Ba3Te,TRUE
Ba3ThSe7,FALSE
Ba3V2(SeO4)4,FALSE
Ba3YIr2O9,TRUE
Ba3Yb4O9,TRUE
Ba3ZrRu2O9,TRUE
Ba4B11O20F,FALSE
Ba4Ga4GeSe12,FALSE
Ba4Ga4SnSe12,FALSE
Ba4Ga5AgS12,FALSE
Ba4Ga5CuS12,FALSE
Ba4Ga5CuSe12,FALSE
Ba4Ga5Si18,FALSE
Ba4Ge3S9Cl2,FALSE
Ba4Ge3Se9Cl2,FALSE
Ba4InAgSe6,FALSE
Ba4InCuSe6,FALSE
Ba4LiGa5Se12,FALSE
Ba4Nb14O23,TRUE
Ba4Sb3S8Cl,FALSE
Ba4Si20Au3,TRUE
Ba4Si3Se9Cl2,FALSE
Ba4Sm2Cu2O9,TRUE
Ba4Yb(CuO3)3,TRUE
Ba5(Ga2Se5)2,FALSE
Ba5(GaSe4)2,FALSE
Ba5Al2Ge7,TRUE
Ba5Bi3,TRUE
Ba5Cd(Ga2Se5)3,FALSE
Ba5Ga6GeP12,FALSE
Ba5Ga6SnP12,FALSE
Ba5Ge3,TRUE
Ba5In4Bi5,TRUE
Ba5In4Te4S7,FALSE
Ba5Sb3,TRUE
Ba5V3O12F,FALSE
Ba6Ag2.7Sn4.3S16,FALSE
Ba6Al4B14O33,FALSE
Ba6Ga2SnSe11,FALSE
Ba6In2NF,TRUE
Ba6Sn6Se13,FALSE
Ba7(SnS3)5,FALSE
Ba7B3O9F5,FALSE
Ba7Ga5AgS15,FALSE
Ba7Ru4Br2O15,TRUE
Ba8Al10B12O41,FALSE
Ba8Hg4Se7S5,FALSE
Ba8Sn4S15,FALSE
Ba8Ta7O24,TRUE
BaAg,TRUE
BaAg2,TRUE
BaAgSbS3,FALSE
BaAl2,TRUE
BaAl4Se7,FALSE
BaAlCu4O7,TRUE
BaAu(IO3)5,FALSE
BaAu2,TRUE
BaB6,FALSE
BaBClF4,FALSE
BaBSbS4,FALSE
BaBiClO2,FALSE
BaCaB2O5,FALSE
BaCaSn3,TRUE
BaCdSnS4,FALSE
BaCu2SnSe4,FALSE
BaCuSbS3,FALSE
BaCuSbSe3,FALSE
BaCuTeF,FALSE
BaDy2CuO5,TRUE
BaEu2Mn2O7,TRUE
BaF2,FALSE
BaGa2GeS6,FALSE
BaGa2GeSe6,FALSE
BaGa2SiS6,FALSE
BaGa2SiSe6,FALSE
BaGa2SnSe6,FALSE
BaGa4S7,FALSE
BaGa4Se7,FALSE
BaGe2,FALSE
BaGe3Pt,TRUE
BaGe4(IrS3)2,FALSE
BaGe4(IrSe3)2,FALSE
BaGe4(RhSe3)2,FALSE
BaHgS2,FALSE
BaHgSe2,FALSE
BaIn2(P2O7)2,FALSE
BaIn2Ir,TRUE
BaLa2CoS5,TRUE
BaLa2In2S7,FALSE
BaLa2In2Se7,FALSE
BaLa2Te5O14,FALSE
BaLi4,TRUE
BaMn4O7,TRUE
BaMn4ZnO8,TRUE
BaMnO3,TRUE
BaNa2GeS4,FALSE
BaNa2GeSe4,FALSE
BaNa2SnS4,FALSE
BaNa2SnSe4,FALSE
BaNaB5O9,FALSE
BaNb4O6,TRUE
BaO,FALSE
BaPd(IO3)4,FALSE
BaPdSe6,FALSE
BaPrO3,FALSE
BaPt5,TRUE
BaReH9,FALSE
BaS,FALSE
BaSe,FALSE
BaSi,TRUE
BaSi2,FALSE
BaSn2S5,FALSE
BaSn3,TRUE
BaSnO3,FALSE
BaTaNO2,FALSE
BaTbMn2O6,TRUE
BaTe,FALSE
BaTeMo2O9,FALSE
BaTh3,TRUE
BaTi14O28,TRUE
BaTi4O7,TRUE
BaTi4O8,TRUE
BaTiO3,FALSE
BaTl(MoO3)2,TRUE
BaTl3,TRUE
BaUSe3,FALSE
BaV2SeO8,FALSE
BaYb2O4,TRUE
BaYbSn3,TRUE
BaZn(MoO2)4,TRUE
BaZn5,TRUE
BaZnGeSe4,FALSE
BaZnSO,FALSE
BaZnSiSe4,FALSE
Be12Pt,TRUE
Be22Re,TRUE
Be2HgTe,TRUE
Be2W,TRUE
Be3N2,FALSE
Be3Sb2,FALSE
BeAlB,TRUE
BeCu,TRUE
BeFe2Si,TRUE
BeGaO3,TRUE
BeGaRh2,TRUE
BeO,FALSE
BePd2,TRUE
BePd3,TRUE
BeS,FALSE
BeSe,FALSE
BeSiOs2,TRUE
BeSiRu2,TRUE
BeTcSe,TRUE
BeTe,FALSE
Bi0.002Te0.003Pb0.999Se0.999,FALSE
Bi0.04Te0.06Pb0.98Se0.98,FALSE
Bi0.2Sb1.8Te3,FALSE
Bi0.2Te0.3Pb0.9Se0.9,FALSE
Bi0.4Sb1.6Te3,FALSE
Bi0.4Te0.6Pb0.8Se0.8,FALSE
Bi0.6Sb1.4Te3,FALSE
Bi1.4Sb0.6Te3,FALSE
Bi1.6Sb0.4Te3,FALSE
Bi1.8Sb0.2Te3,FALSE
Bi1.98Sb0.02Te3,FALSE
Bi12PO20,FALSE
Bi12Rh12O41,TRUE
Bi1Sb0.15,FALSE
Bi2(BO3)3,TRUE
Bi2(MoO4)3,FALSE
Bi2(PO4)3,TRUE
Bi24BO39,FALSE
Bi2AsClO4,FALSE
Bi2CO5,FALSE
Bi2I4O13,FALSE
Bi2Mo2Se2O13,FALSE
Bi2O3,FALSE
Bi2O5,TRUE
Bi2Pd3S2,TRUE
Bi2Pt,TRUE
Bi2S3,FALSE
Bi2SI2O11,FALSE
Bi2Se3,FALSE
Bi2SeI2O11,FALSE
Bi2Te0.03Se2.97,FALSE
Bi2Te0.1Se2.9,FALSE
Bi2Te0.3Se2.7,FALSE
Bi2Te0.45Se2.55,FALSE
Bi2Te0.4Se2.6,FALSE
Bi2Te0.6Se2.4,FALSE
Bi2Te0.9Se2.1,FALSE
Bi2Te1.2Se1.8,FALSE
Bi2Te1.5Se1.5,FALSE
Bi2Te2.1Se0.9,FALSE
Bi2Te2.4Se0.6,FALSE
Bi2Te2.7Se0.3,FALSE
Bi2Te2.97Se0.03,FALSE
Bi2Te2SO10,FALSE
Bi2Te2Se,FALSE
Bi2Te3,FALSE
Bi3BTeO9,FALSE
Bi3I4O13F3,FALSE
Bi3Se2NO11,FALSE
Bi4I,TRUE
Bi4Pb7Se13,FALSE
Bi4Pd(SeO3)4,FALSE
Bi5IO7,FALSE
Bi7O5F11,FALSE
Bi8Te7S5,FALSE
Bi9S6O7.5,FALSE
BiAs2Os,TRUE
BiBPbO4,FALSE
BiBr3,FALSE
BiBrO,FALSE
BiClO,FALSE
BiI3,FALSE
BiIO,FALSE
BiIO3F2,FALSE
BiO,TRUE
BiP3(PbO4)3,FALSE
BiPO4,FALSE
BiPb2S2I3,FALSE
BiPbBrO2,FALSE
BiPbClO2,FALSE
BiPd,TRUE
BiSBr,FALSE
BiSCl,FALSE
BiSI,FALSE
BiSbTe3,FALSE
BiSe,FALSE
BiSeBr,FALSE
BiSeI,FALSE
BiSeO3F,FALSE
BiTeI,FALSE
BiTeNO6,FALSE
CBr4,FALSE
CI4,FALSE
Ca(AgGe)2,TRUE
Ca(Al4Co)2,TRUE
Ca(AlZn)2,TRUE
Ca(BC)2,TRUE
Ca(BIr)2,TRUE
Ca(BiO2)2,FALSE
Ca(CoGe)2,TRUE
Ca(CoS2)4,TRUE
Ca(GdS2)2,FALSE
Ca(GeRh)2,TRUE
Ca(LaS2)2,FALSE
Ca(MnAs)2,TRUE
Ca(NdS2)2,FALSE
Ca(Ni2O3)2,TRUE
Ca(PrS2)2,FALSE
Ca(SiPd)2,TRUE
Ca(SmS2)2,FALSE
Ca(TiS2)4,TRUE
Ca10Ge16(B2O17)3,FALSE
Ca11Bi10,TRUE
Ca11Ga7,TRUE
Ca2Bi2O5,FALSE
Ca2CdAs2,FALSE
Ca2CdPb,TRUE
Ca2Co9O13,TRUE
Ca2CuWO6,TRUE
Ca2Ge,FALSE
Ca2GeN2,TRUE
Ca2Mn9O13,TRUE
Ca2MnAlO5,TRUE
Ca2NiIrO6,TRUE
Ca2Os2O7,TRUE
Ca2PbAu2,TRUE
Ca2ScSbO6,FALSE
Ca2Si,FALSE
Ca2SmTaO6,FALSE
Ca2Sn,FALSE
Ca2Sn2F3,TRUE
Ca2SnS4,FALSE
Ca2Ti9O13,TRUE
Ca2TlCd,TRUE
Ca2ZnRh,TRUE
Ca3(BN2)2,FALSE
Ca3(GaPt)2,TRUE
Ca3Al2Ge3,TRUE
Ca3Au,TRUE
Ca3Au4,TRUE
Ca3Bi(PO4)3,FALSE
Ca3BiAs,TRUE
Ca3BiSb,TRUE
Ca3Cu2(ClO2)2,TRUE
Ca3In,TRUE
Ca3La2(SnS4)3,FALSE
Ca3N2,FALSE
Ca3PbN,TRUE
Ca3Sb2,FALSE
Ca3SbN,TRUE
Ca3Sn2S7,TRUE
Ca3Ti2(SiO4)3,FALSE
Ca3TlN,TRUE
Ca3Zr17O37,TRUE
Ca4Al3O10,TRUE
Ca4Bi6O13,FALSE
Ca5(Bi7O13)2,FALSE
Ca5Au2,TRUE
Ca5B3O9F,FALSE
Ca5Ir,TRUE
Ca5Sb3,TRUE
Ca5Sn4S13,TRUE
Ca6Ag16N,TRUE
Ca6Cu2Sn7,TRUE
CaAgF5,TRUE
CaAu5,TRUE
CaB6,FALSE
CaCdPd2,TRUE
CaCdSi,TRUE
CaCu5,TRUE
CaEu2O3,TRUE
CaEuO2,TRUE
CaF2,FALSE
CaGa3Ni2,TRUE
CaGaAu3,TRUE
CaGaGe,TRUE
CaGe2,TRUE
CaHfZn,TRUE
CaHg2,TRUE
CaI2,FALSE
CaIn2Ir,TRUE
CaIn4Ir,TRUE
CaInAu,TRUE
CaInPt,TRUE
CaIrO3,TRUE
CaMg2N2,FALSE
CaMgSn,TRUE
CaMnSn,TRUE
CaNi5,TRUE
CaO,FALSE
CaOsO3,TRUE
CaPb,TRUE
CaPd3C,TRUE
CaPrZn2,TRUE
CaS,FALSE
CaSe,FALSE
CaSnO3,FALSE
CaTaNO2,FALSE
CaTe,FALSE
CaTi4O8,TRUE
CaTiO2,TRUE
CaVO2,TRUE
CaYbInSe4,TRUE
CaZn2,TRUE
CaZn3,TRUE
CaZn3Ni2,TRUE
CaZn5,TRUE
CaZnSO,FALSE
Cd(GaS2)2,FALSE
Cd(GaSe2)2,FALSE
Cd(In15Te23)2,FALSE
Cd(InS2)2,FALSE
Cd(InSe2)2,FALSE
Cd(InTe2)2,FALSE
Cd(PS2)2,FALSE
Cd0.01Ga0.99Sb0.99Te0.01,FALSE
Cd0.01Hg0.99Se1,FALSE
Cd0.01In0.99Te0.01As0.99,FALSE
Cd0.02In0.98Te0.02As0.98,FALSE
Cd0.03In0.97Te0.03As0.97,FALSE
Cd0.04In0.96Te0.04As0.96,FALSE
Cd0.05Ga0.95Sb0.95Te0.05,FALSE
Cd0.05In0.95Te0.05As0.95,FALSE
Cd0.06In0.94Te0.06As0.94,FALSE
Cd0.07In0.93Te0.07As0.93,FALSE
Cd0.1Ga0.9Sb0.9Te0.1,FALSE
Cd0.1Hg0.9Se1,FALSE
Cd0.1In0.9Te0.1As0.9,FALSE
Cd0.204Hg0.796Te1,FALSE
Cd0.23Hg0.77Te1,FALSE
Cd0.28Hg0.72Te1,FALSE
Cd0.2Ga0.8Sb0.8Te0.2,FALSE
Cd0.2Hg0.8Se1,FALSE
Cd0.2In2.4Ag0.4Te4,FALSE
Cd0.35Hg0.65Te1,FALSE
Cd0.37Hg0.63Te1,FALSE
Cd0.3Hg0.7Se1,FALSE
Cd0.3Hg0.7Te1,FALSE
Cd0.4Hg0.6Se1,FALSE
Cd0.5Hg0.5Se1,FALSE
Cd0.5In2.25Ag0.25Te4,FALSE
Cd0.5In2.2Ag0.4Te4,FALSE
Cd0.6Hg0.4Se1,FALSE
Cd0.75In2.1Ag0.2Te4,FALSE
Cd0.7Hg0.3Se1,FALSE
Cd0.8Hg0.2Se1,FALSE
Cd0.8In2.1Ag0.1Te4,FALSE
Cd0.99Ga0.01Sb0.01Te0.99,FALSE
Cd0.99Hg0.01Se1,FALSE
Cd0.9Hg0.1Se1,FALSE
Cd12Ge17(B4O29)2,FALSE
Cd13I28,TRUE
Cd1Hg6.5As4Cl6,FALSE
Cd1Se0.01S0.99,FALSE
Cd1Se0.2S0.8,FALSE
Cd1Se0.35S0.65,FALSE
Cd1Se0.45S0.55,FALSE
Cd1Se0.65S0.35,FALSE
Cd1Se0.99S0.01,FALSE
Cd2AgRh,TRUE
Cd2InAgTe3,FALSE
Cd2InCuTe3,FALSE
Cd2InCuTe4,FALSE
Cd2PbO4,TRUE
Cd3AgPS6,FALSE
Cd3As2,FALSE
Cd3Bi(PO4)3,FALSE
Cd3Bi2,FALSE
Cd3In2(Te2S)2,FALSE
Cd3P2,FALSE
Cd3Sb2,FALSE
Cd3Te2MoO10,FALSE
Cd4As2Br3,FALSE
Cd4As2I3,FALSE
Cd4P2Br3,FALSE
Cd4P2Cl3,FALSE
Cd4P2I3,FALSE
Cd4Sb2I3,FALSE
Cd4Sb3,FALSE
Cd5Ga2(Te3S)2,FALSE
Cd6P7,FALSE
Cd8B5O15F,FALSE
CdAg,TRUE
CdAg2(PS3)2,FALSE
CdAg2GeS4,FALSE
CdAs2,FALSE
CdAsPd5,TRUE
CdAuO2,TRUE
CdBiClO2,FALSE
CdBr2,FALSE
CdCl2,FALSE
CdCu(SeO3)2,FALSE
CdCu2GeS4,FALSE
CdCu2GeSe4,FALSE
CdCu2SnS4,FALSE
CdCu2SnSe4,FALSE
CdF2,FALSE
CdGeAs2,FALSE
CdGeP2,FALSE
CdHIO4,FALSE
CdHg4(AsI2)2,FALSE
CdHg6(As2Br3)2,FALSE
CdI2,FALSE
CdIClO3,FALSE
CdIn,FALSE
CdIn8Te13,FALSE
CdInCuSe3,FALSE
CdO,FALSE
CdP2,FALSE
CdP4,FALSE
CdP4PbO12,FALSE
CdPd,TRUE
CdPt,TRUE
CdRhF6,TRUE
CdS,FALSE
CdSb,FALSE
CdSb2Se3Br2,FALSE
CdSb4MoO10,FALSE
CdSe,FALSE
CdSiAs2,FALSE
CdSiP2,FALSE
CdSnAs2,FALSE
CdSnO3,FALSE
CdSnP2,FALSE
CdTe,FALSE
CdTeO3,FALSE
Ce(AlZn)2,TRUE
Ce(BC)2,TRUE
Ce(CoAs)2,TRUE
Ce(CoB)4,TRUE
Ce(CuSb)2,TRUE
Ce(HO)3,TRUE
Ce(InS2)3,FALSE
Ce(MnGe)2,TRUE
Ce(MnSi)2,TRUE
Ce(PPt2)2,TRUE
Ce(SiAu)2,TRUE
Ce(SiNi)2,TRUE
Ce(SiPd)2,TRUE
Ce1.3Lu0.7S3,FALSE
Ce10Se14O,FALSE
Ce15B8N25,FALSE
Ce1Mn0.5Se1O1,FALSE
Ce2(SbPd3)3,TRUE
Ce2(SnSe3)3,FALSE
Ce2Al2Co15,TRUE
Ce2Co5B2,TRUE
Ce2CrN3,TRUE
Ce2Cu(NO)2,TRUE
Ce2Fe(SeO)2,FALSE
Ce2Fe17,TRUE
Ce2Ge2Se7,FALSE
Ce2GeSe5,FALSE
Ce2S2O,TRUE
Ce2S3,FALSE
Ce2Sb,TRUE
Ce2Se3,FALSE
Ce2SiSeO4,TRUE
Ce2Te3,FALSE
Ce2Ti2O7,TRUE
Ce2ZnNi2,TRUE
Ce3(Al3Ru)4,TRUE
Ce3Al,TRUE
Ce3AlC,TRUE
Ce3B2(ClO2)3,TRUE
Ce3In3Ru2,TRUE
Ce3LuSe6,FALSE
Ce3MnAlS7,TRUE
Ce3MoO7,FALSE
Ce3NbS3O4,TRUE
Ce3Pd5,TRUE
Ce3SiPt5,TRUE
Ce3Ta(ClO2)3,TRUE
Ce3TaO7,TRUE
Ce4(GeS4)3,FALSE
Ce4Bi3,TRUE
Ce4FeSe6O,TRUE
Ce4InSbSe9,FALSE
Ce4Si3Rh4,TRUE
Ce4Te7,FALSE
Ce5(SiN3)3,TRUE
Ce5CuSe8,TRUE
Ce5Ge3,TRUE
Ce5Si3,TRUE
Ce6B2(CBr)3,TRUE
Ce8Sb2S15,FALSE
Ce8U2O21,TRUE
Ce9SmO20,TRUE
CeAgSn,TRUE
CeAl2Pd5,TRUE
CeAl2Pt3,TRUE
CeAl3Ni2,TRUE
CeAlO3,TRUE
CeAlSi2,TRUE
CeAsPd,TRUE
CeAsSe,TRUE
CeB2Ir3,TRUE
CeBC,TRUE
CeBiW2O9,FALSE
CeCd2Ag,TRUE
CeCdAu2,TRUE
CeCoGeH,TRUE
CeF3,FALSE
CeGaO3,TRUE
CeHSe,TRUE
CeHg,TRUE
CeInIr,TRUE
CeIr5,TRUE
CeLu3,TRUE
CeMg2Ag,TRUE
CeMgAg2,TRUE
CeMgNi4,TRUE
CeMgPt,TRUE
CeMgZn2,TRUE
CeMoO4F,FALSE
CeN,FALSE
CeNbO4,TRUE
CeO2,FALSE
CeOs2,TRUE
CePd5,TRUE
CePrO2,TRUE
CeRh,TRUE
CeSI,TRUE
CeSbO3,TRUE
CeScO3,FALSE
CeSi2Ni,TRUE
CeSi2Pt,TRUE
CeSiI,TRUE
CeSiIr,TRUE
CeSiOs,TRUE
CeTaN2O,FALSE
CeTl2P2S7,FALSE
CeTl3,TRUE
CeTlZn,TRUE
CeZnPO,TRUE
Co(PO3)4,TRUE
Co(WO4)2,TRUE
Co1Te1.88,FALSE
Co2B4Mo,TRUE
Co2Ge,TRUE
Co2O3,TRUE
Co2Te3O8,FALSE
Co3H,TRUE
Co3Se4,TRUE
Co3W,TRUE
Co5Ge7,TRUE
Co5RuO8,TRUE
Co7Mo6,TRUE
Co7Re17O48,TRUE
CoAs3,FALSE
CoAsRh,TRUE
CoAsS,FALSE
CoAsSe,FALSE
CoCu2Sn,TRUE
CoGe,TRUE
CoH2(SN)4,TRUE
CoMoP2,TRUE
CoN,TRUE
CoOF,TRUE
CoP2,FALSE
CoP3,FALSE
CoPS,FALSE
CoPbO3,TRUE
CoSb2,FALSE
CoSb3,FALSE
CoSbS,FALSE
Cr(FeSe2)2,TRUE
Cr(MoS2)2,TRUE
Cr10Sb3Te7,TRUE
Cr2CuS4,TRUE
Cr2CuTe4,TRUE
Cr2GeC,TRUE
Cr2HO4,TRUE
Cr2HgSe4,TRUE
Cr2NiS4,TRUE
Cr2O3,FALSE
Cr2P3O11,TRUE
Cr2S3,FALSE
Cr2SbTe,TRUE
Cr3N2,TRUE
Cr3Ni(PO4)6,TRUE
Cr3P,TRUE
Cr3Se4,FALSE
Cr4As3,TRUE
Cr4Cu3Te8,TRUE
Cr7C3,TRUE
CrAs,TRUE
CrB2(PbO2)6,FALSE
CrBi2I2O11,FALSE
CrCo2Bi,TRUE
CrCoGe,TRUE
CrCoPt2,TRUE
CrCu2Si,TRUE
CrFe2Sb,TRUE
CrFeP,TRUE
CrH9(CN2)3,TRUE
CrIrO4,TRUE
CrIrO6,TRUE
CrNi3,TRUE
CrNiAs,TRUE
CrNiP2O9,TRUE
CrO2,FALSE
CrO3,FALSE
CrPbO4,FALSE
CrSb2,FALSE
CrSi2,FALSE
CrTe2,FALSE
Cs(AsRu)2,TRUE
Cs(MoO3)3,TRUE
Cs0.4K0.6P1Se6,FALSE
Cs1.13Cd1.13Bi2.87Se6,FALSE
Cs1.43Cd1.43Bi2.57S6,FALSE
Cs10Cd4Sn4S17,FALSE
Cs2AgBiBr6,FALSE
Cs2AgBiCl6,FALSE
Cs2Al2B2O7,FALSE
Cs2Ba3(P2O7)2,FALSE
Cs2Cd(PSe3)2,FALSE
Cs2Cd0.25Hg5.75S7,FALSE
Cs2Cd1.35Hg4.65S7,FALSE
Cs2Cd2Bi2S5,FALSE
Cs2Cd3(B4O7)4,FALSE
Cs2Cd3Te4,FALSE
Cs2CrCl4,TRUE
Cs2Cu(PS3)3,FALSE
Cs2Cu2Sb2S5,FALSE
Cs2DyCu3Te4,FALSE
Cs2Ga2S5,FALSE
Cs2Ga2Se5,FALSE
Cs2Hg(ICl)2,FALSE
Cs2Hg3I8,FALSE
Cs2Hg3S4,FALSE
Cs2Hg6S7,FALSE
Cs2La1.19Bi8.81S16,FALSE
Cs2Li3(BO2)5,FALSE
Cs2MgGe3Se8,FALSE
Cs2MgSn3Se8,FALSE
Cs2Mo15S19,TRUE
Cs2NaCoF6,TRUE
Cs2NaMgF6,TRUE
Cs2NaMnF6,TRUE
Cs2NbCuSe4,FALSE
Cs2P2PdSe6,FALSE
Cs2PdSe8,FALSE
Cs2Pt(IO3)6,FALSE
Cs2SCl6F,TRUE
Cs2Sb,FALSE
Cs2SeClF6,TRUE
Cs2SiB4O9,FALSE
Cs2Sn(PSe3)2,FALSE
Cs2Sn3(SbS5)2,FALSE
Cs2Te,FALSE
Cs2TeBr6,FALSE
Cs2TeI6,FALSE
Cs2Th(PS3)3,FALSE
Cs2Ti(AgS2)2,FALSE
Cs2VAgS4,FALSE
Cs2Zn3(SeO3)4,FALSE
Cs2ZnGe3S8,FALSE
Cs2ZnGe3Se8,FALSE
Cs2ZnGe3Te8,FALSE
Cs2ZnSn3Se8,FALSE
Cs39Ga53(Se16Cl)6,FALSE
Cs3As,FALSE
Cs3Bi,FALSE
Cs3Bi2Br9,FALSE
Cs3Bi2I9,FALSE
Cs3Li4(BO2)7,FALSE
Cs3NaZn2Ge21,FALSE
Cs3Nb2AsSe11,FALSE
Cs3Nb9(TeO8)4,FALSE
Cs3PW3O13,FALSE
Cs3Sb,FALSE
Cs3Sb2Br9,FALSE
Cs3Sb2I9,FALSE
Cs3Sn3Cl7F2,FALSE
Cs3V2Cl9,TRUE
Cs4Ag9(SbS3)4,FALSE
Cs4BiAs3Se7,FALSE
Cs4Cu3Bi9S17,FALSE
Cs4Ga4Si19,FALSE
Cs4Ge(PSe3)4,FALSE
Cs4Ge5(PbS4)4,FALSE
Cs4In8GeSe16,FALSE
Cs4Zr3S14,FALSE
Cs5Bi(PSe3)4,FALSE
Cs5Mo21Se23,TRUE
Cs5P5Se12,FALSE
Cs6.4Na1.6Ga8Ge38,FALSE
CsAg2AsS3,FALSE
CsAg2TeS6,FALSE
CsAg5Te3,FALSE
CsAgCl3,TRUE
CsAgSb4S7,FALSE
CsAsSe2,FALSE
CsAu,FALSE
CsB3O5,FALSE
CsBi2,FALSE
CsBi3Se5,FALSE
CsBiS2,FALSE
CsBiSe2,FALSE
CsBr,FALSE
CsCaBO3,FALSE
CsCaO3,TRUE
CsCd4Ga5S12,FALSE
CsCd4Ga5Se12,FALSE
CsCd4Ga5Te12,FALSE
CsCd4In5Se12,FALSE
CsCd4In5Te12,FALSE
CsCdBO3,FALSE
CsCdInSe3,FALSE
CsCeCdSe3,FALSE
CsCeHgSe3,FALSE
CsCl,FALSE
CsCu(SbS2)2,FALSE
CsCu2AsS3,FALSE
CsCu2SbS3,FALSE
CsDy9(Cd2Se9)2,FALSE
CsEr9(Cd2Se9)2,FALSE
CsErZnSe3,FALSE
CsEuF3,TRUE
CsF,FALSE
CsGa(SnSe3)2,FALSE
CsGa7,TRUE
CsGaS3,FALSE
CsGaSnSe4,FALSE
CsGdO3,TRUE
CsGdZnTe3,FALSE
CsGe5BO12,FALSE
CsGeB3O7,FALSE
CsGeI3,FALSE
CsH3(SeO3)2,FALSE
CsHo9(Cd2Se9)2,FALSE
CsI,FALSE
CsIn(SnSe3)2,FALSE
CsInGeS4,FALSE
CsInGeSe4,FALSE
CsInHgS3,FALSE
CsInI3,TRUE
CsInS2,FALSE
CsInSe2,FALSE
CsInSnS4,FALSE
CsInTe2,FALSE
CsInTe3O8,FALSE
CsIr,TRUE
CsIrO3,TRUE
CsK(PSe4)2,FALSE
CsK2Sb,FALSE
CsLaHgSe3,FALSE
CsLi(B3O5)2,FALSE
CsLiCO3,FALSE
CsLu7S11,FALSE
CsLu7Se11,FALSE
CsLuCoS3,FALSE
CsMg149,TRUE
CsMn4Ga5Te12,FALSE
CsMn4In5Se12,FALSE
CsMn4In5Te12,FALSE
CsMnSb,TRUE
CsNa2Sb,FALSE
CsNa8(B7O12)3,FALSE
CsNb6I11,TRUE
CsNbSe2O7,FALSE
CsNi2F6,TRUE
CsPPbO4,FALSE
CsPSe4,FALSE
CsPSe6,FALSE
CsRb(PSe4)2,FALSE
CsRb2Sb,FALSE
CsRbP,TRUE
CsSb,FALSE
CsSb(SO4)2,FALSE
CsSbS2,FALSE
CsSbSe2,FALSE
CsSbTe2,FALSE
CsSc(SeO3)2,FALSE
CsScBr3,TRUE
CsSmCdSe3,FALSE
CsSmHgSe3,FALSE
CsSmZnSe3,FALSE
CsSn3,TRUE
CsTa3(SeO6)2,FALSE
CsTaPSe6,FALSE
CsTb9(Cd2Se9)2,FALSE
CsTbZnTe3,FALSE
CsTiCl3,TRUE
CsTiF4,TRUE
CsTm9(Cd2Se9)2,FALSE
CsUCuS3,TRUE
CsVP2S7,TRUE
CsWCl6,TRUE
CsYCdSe3,FALSE
CsYHgSe3,FALSE
CsYTe3O8,FALSE
CsYZnSe3,FALSE
CsYbCoSe3,FALSE
CsYbMnSe3,FALSE
CsYbZnSe3,FALSE
CsZn2B3O7,FALSE
CsZn4In5Se12,FALSE
CsZn4In5Te12,FALSE
CsZrPSe6,FALSE
Cu(IrS2)2,TRUE
Cu(NO3)2,TRUE
Cu0.5Ge1Pb1.75S4,FALSE
Cu0.96Bi2Se3I1,FALSE
Cu1.8S1,FALSE
Cu10Sb3,TRUE
Cu11Sb4S13,TRUE
Cu15Si4,TRUE
Cu18S11,TRUE
Cu23(Sb4S13)2,TRUE
Cu25Se26,TRUE
Cu2GeS3,FALSE
Cu2GeSe3,FALSE
Cu2H3ClO3,TRUE
Cu2Hg2SF6,TRUE
Cu2HgGeSe4,TRUE
Cu2O,FALSE
Cu2OF2,TRUE
Cu2PHO5,TRUE
Cu2Sb,TRUE
Cu2Se,FALSE
Cu2SnSe3,FALSE
Cu2Te,FALSE
Cu2Te3O8,FALSE
Cu2WSe4,FALSE
Cu3(BiI4)4,TRUE
Cu3(P2O7)2,TRUE
Cu3AsS4,FALSE
Cu3AsSe4,FALSE
Cu3Bi6S10I,FALSE
Cu3Hg2(Te3O8)2,FALSE
Cu3Pd,TRUE
Cu3SbS4,FALSE
Cu3SbSe4,FALSE
Cu3Se2(ClO3)2,TRUE
Cu4As2O9,TRUE
Cu4H10SO12,TRUE
Cu4Pd,TRUE
Cu4Sn7S16,FALSE
Cu4W(SCl)4,TRUE
Cu5(Si2O7)2,TRUE
Cu6PbO8,TRUE
Cu7Hg6,TRUE
Cu8O,TRUE
Cu9O13,TRUE
Cu9S5,TRUE
Cu9Se4(Cl3O7)2,TRUE
CuBS2,FALSE
CuBi(PSe3)2,FALSE
CuBiPbS3,FALSE
CuBiPbSe3,FALSE
CuBiSO,FALSE
CuBiSeO,FALSE
CuBr,FALSE
CuCN2,TRUE
CuCl,FALSE
CuClO2,TRUE
CuF,TRUE
CuHg(SeO3)2,FALSE
CuI,FALSE
CuMoO4,TRUE
CuN3,FALSE
CuNi(CN)4,FALSE
CuP2,FALSE
CuP2(HO3)2,TRUE
CuPO4F,TRUE
CuPS3,FALSE
CuPd,TRUE
CuPtO2,TRUE
CuSbPbS3,FALSE
CuSbS2,FALSE
CuSbSe2,FALSE
CuSeO3,TRUE
Dy(Al2Cu)4,TRUE
Dy(CoGe)2,TRUE
Dy(CuSe)3,FALSE
Dy(CuSi)2,TRUE
Dy(CuTe)3,FALSE
Dy(GeRu)2,TRUE
Dy(InS2)3,FALSE
Dy12C6I17,TRUE
Dy12Co7,TRUE
Dy1Te1.4,FALSE
Dy1Te1.45,FALSE
Dy1Te1.7,FALSE
Dy2(GePt3)3,TRUE
Dy2(MoO4)3,FALSE
Dy2AlCo2,TRUE
Dy2C,TRUE
Dy2CdPd2,TRUE
Dy2CuOs,TRUE
Dy2MgIn,TRUE
Dy2MgTl,TRUE
Dy2Ni12P7,TRUE
Dy2O3,FALSE
Dy2S3,FALSE
Dy2Sn5,TRUE
Dy2Te3,FALSE
Dy2Ti3Si4,TRUE
Dy2TlCd,TRUE
Dy2ZnIn,TRUE
Dy3(CuGe)4,TRUE
Dy3Al0.5Si1S7,FALSE
Dy3Ga,TRUE
Dy3GaS6,FALSE
Dy3InC,TRUE
Dy3MnB7,TRUE
Dy4CdRh,TRUE
Dy4GaSbS9,FALSE
Dy4Sb3,TRUE
Dy4Te3S4,FALSE
Dy5Pb3,TRUE
Dy5Sn3,TRUE
Dy6FeTe2,TRUE
Dy7In(CoGe3)4,TRUE
DyAg,TRUE
DyAgGe,TRUE
DyAgHg2,TRUE
DyAs,FALSE
DyB2Rh2C,TRUE
DyB6,FALSE
DyBPd3,TRUE
DyBiPd,TRUE
DyBiPt,TRUE
DyCd2,TRUE
DyCoSi2,TRUE
DyFeSi,TRUE
DyGe,TRUE
DyInAu,TRUE
DyInCu2,TRUE
DyInPt2,TRUE
DyIr2,TRUE
DyMn2,TRUE
DyN,FALSE
DyNiGe2,TRUE
DyNiSn,TRUE
DyPO4,FALSE
DyRh,TRUE
DyS2,TRUE
DySiIr,TRUE
DySn3,TRUE
DySnRu2,TRUE
DyYAg2,TRUE
DyZnGa,TRUE
DyZnRh2,TRUE
DyZrRu2,TRUE
DyZrSb,TRUE
Er(Al10Cr)2,TRUE
Er(CrSi)2,TRUE
Er(CuGe)2,TRUE
Er(CuTe)3,FALSE
Er(InS2)3,FALSE
Er(ReO4)2,TRUE
Er(SiPd)2,TRUE
Er2(Ga3Co)3,TRUE
Er2(MoO4)3,FALSE
Er2C3,TRUE
Er2Fe14B,TRUE
Er2Mg3Ru,TRUE
Er2MnC4,TRUE
Er2O3,FALSE
Er2Se3,FALSE
Er2SnAu2,TRUE
Er2Te3,FALSE
Er3Al3NiGe2,TRUE
Er3SnC,TRUE
Er3Te4,FALSE
Er4NiB13,TRUE
Er5Bi3,TRUE
Er5NiPb3,TRUE
Er5Si3,TRUE
Er6MnBi2,TRUE
ErAgSn,TRUE
ErAl9(Fe2Si3)2,TRUE
ErAlGe,TRUE
ErB2Ir3,TRUE
ErB2Ru3,TRUE
ErB6,FALSE
ErBPd3,TRUE
ErBiW2O9,FALSE
ErCu,TRUE
ErCuPb,TRUE
ErFeC2,TRUE
ErHg2,TRUE
ErLu3,TRUE
ErMg2,TRUE
ErN,FALSE
ErNi4Au,TRUE
ErNi4B,TRUE
ErNiSn,TRUE
ErPbAu,TRUE
ErRu3,TRUE
ErSe2,FALSE
ErSiPd,TRUE
ErSnAu,TRUE
ErTe,FALSE
ErTlPd,TRUE
ErZn12,TRUE
Eu(AlAu)2,TRUE
Eu(AsPd)2,TRUE
Eu(BiSe2)2,FALSE
Eu(BiTe2)2,FALSE
Eu(CdSb)2,TRUE
Eu(ClO4)3,TRUE
Eu(DySe2)2,FALSE
Eu(ErSe2)2,FALSE
Eu(FeSi)2,TRUE
Eu(GaS2)2,FALSE
Eu(GaSe2)2,FALSE
Eu(GaTe2)2,FALSE
Eu(HoSe2)2,FALSE
Eu(InAs)2,TRUE
Eu(InS2)2,FALSE
Eu(InSe2)2,FALSE
Eu(InTe2)2,FALSE
Eu(LuSe2)2,FALSE
Eu(MgBi)2,TRUE
Eu(MnGe)2,TRUE
Eu(Ni2B)6,TRUE
Eu(NiAs)2,TRUE
Eu(POs)2,TRUE
Eu(SbS2)2,FALSE
Eu(SbSe2)2,FALSE
Eu(TmSe2)2,FALSE
Eu(ZnGe)2,TRUE
Eu(ZnSi)2,TRUE
Eu1.75Ag0.5Ge1S4,FALSE
Eu1.83Ta15O32,FALSE
Eu2(Ga3Rh)3,TRUE
Eu2C(NO)2,TRUE
Eu2CuO4,TRUE
Eu2Ga2GeS7,FALSE
Eu2Ge(BO4)2,TRUE
Eu2O3,FALSE
Eu2PBr,TRUE
Eu2ReO5,TRUE
Eu2Se3,FALSE
Eu2SnSe5,FALSE
Eu2TeO2,TRUE
Eu3(InP2)2,FALSE
Eu3As2,FALSE
Eu3BWO9,TRUE
Eu3Bi4S9,FALSE
Eu3P2,FALSE
Eu3S4,FALSE
Eu3Sb4S9,FALSE
Eu3Sb4Se9,FALSE
Eu3Se4,FALSE
Eu3Sn,TRUE
Eu4Te7,FALSE
Eu7(Ga3Sb4)2,FALSE
EuAgSb,TRUE
EuAl2O4,FALSE
EuAlO3,TRUE
EuB(SbO4)2,FALSE
EuBi3,TRUE
EuBiW2O9,FALSE
EuCd11,TRUE
EuClO,TRUE
EuCo8P5,TRUE
EuCu2SnS4,FALSE
EuCu9Sn4,TRUE
EuCuSeF,TRUE
EuCuSeO,TRUE
EuF3,TRUE
EuGe3Pt,TRUE
EuH2,FALSE
EuIn2(GeIr)4,FALSE
EuN,FALSE
EuNiGe3,TRUE
EuO,FALSE
EuPPt,TRUE
EuPd,TRUE
EuRhO3,TRUE
EuS,FALSE
EuSb4S7,FALSE
EuSb4Te7,FALSE
EuSbO3,TRUE
EuScO3,TRUE
EuSe,FALSE
EuSeClO3,TRUE
EuSn3,TRUE
EuSnAu2,TRUE
EuSnO3,TRUE
EuSnTe2,FALSE
EuTe,FALSE
EuTiClO3,TRUE
EuTiO3,TRUE
EuTl,TRUE
EuVO4,FALSE
EuZn,TRUE
Fe(PdSe)2,TRUE
Fe10O9F11,TRUE
Fe12As5,TRUE
Fe2B(PO4)3,FALSE
Fe2Cu(PO4)3,TRUE
Fe2O2F3,TRUE
Fe2O3,FALSE
Fe2S,TRUE
Fe2Te3,FALSE
Fe3B,TRUE
Fe3N,TRUE
Fe3Si,TRUE
Fe4H15(IO8)3,FALSE
Fe4O7F,TRUE
Fe4Si2Sn7O16,TRUE
Fe6O7F5,TRUE
Fe6W6C,TRUE
Fe9Co7,TRUE
FeAg3(CN)6,TRUE
FeAgSe2,FALSE
FeAgTe2,FALSE
FeAs2O7,TRUE
FeAsS,FALSE
FeAsSe,FALSE
FeBi(SeO3)3,FALSE
FeBi25O39,FALSE
FeCo2Si,TRUE
FeCoAs,TRUE
FeCuS2,FALSE
FeCuSe2,FALSE
FeCuTe2,FALSE
FeI2,FALSE
FeOF,TRUE
FeP,TRUE
FeP4,FALSE
FePS,FALSE
FePd3,TRUE
FeRhO3,TRUE
FeSi2,FALSE
FeSn,TRUE
Ga1As0.1P0.9,FALSE
Ga0.001Te1Pb0.999,FALSE
Ga0.005Te1Pb0.995,FALSE
Ga0.01Te1Pb0.99,FALSE
Ga0.04Te1Pb0.96,FALSE
Ga0.07Te1Pb0.93,FALSE
Ga0.95Hg0.05Sb0.95Te0.05,FALSE
Ga0.99Hg0.01Sb0.99Te0.01,FALSE
Ga0.9Hg0.1Sb0.9Te0.1,FALSE
Ga1.001Sb0.999Se0.003,FALSE
Ga1.001Sb0.999Te0.003,FALSE
Ga1.002Sb0.998Se0.006,FALSE
Ga1.002Sb0.998Te0.006,FALSE
Ga1.005Sb0.995Se0.015,FALSE
Ga1.005Sb0.995Te0.015,FALSE
Ga1.01Cu0.99Se2.01,FALSE
Ga1.01Sb0.99Se0.03,FALSE
Ga1.01Sb0.99Te0.03,FALSE
Ga1.02Sb0.98Se0.06,FALSE
Ga1.02Sb0.98Te0.06,FALSE
Ga1.05Sb0.95Se0.15,FALSE
Ga1.05Sb0.95Te0.15,FALSE
Ga1.1Cu0.9Se2.1,FALSE
Ga1.1Sb0.9Se0.3,FALSE
Ga1.1Sb0.9Te0.3,FALSE
Ga1.2Cu0.8Se2.2,FALSE
Ga1.5Cu0.5S2.5,FALSE
Ga1.5Cu0.5Se2.5,FALSE
Ga1.65Cu0.35S2.65,FALSE
Ga1.65Cu0.35Se2.65,FALSE
Ga1.6Cu0.4S2.6,FALSE
Ga1.7Cu0.3S2.7,FALSE
Ga1.85Cu0.15Se2.85,FALSE
Ga1.8Cu0.2S2.8,FALSE
Ga1.8Cu0.2Se2.8,FALSE
Ga1.95Cu0.05S2.95,FALSE
Ga1.95Cu0.05Se2.95,FALSE
Ga1.99Cu0.01Se2.99,FALSE
Ga1.9Cu0.1S2.9,FALSE
Ga1As0.01P0.99,FALSE
Ga1As0.2P0.8,FALSE
Ga1As0.3P0.7,FALSE
Ga1As0.4P0.6,FALSE
Ga1As0.5P0.5,FALSE
Ga1As0.6P0.4,FALSE
Ga1As0.7P0.3,FALSE
Ga1As0.8P0.2,FALSE
Ga1As0.99P0.01,FALSE
Ga1As0.9P0.1,FALSE
Ga1Sb0.01As0.99,FALSE
Ga1Sb0.14As0.86,FALSE
Ga1Sb0.25As0.75,FALSE
Ga1Sb0.35As0.65,FALSE
Ga1Sb0.3As0.7,FALSE
Ga1Sb0.85As0.15,FALSE
Ga1Sb0.8As0.2,FALSE
Ga1Sb0.95As0.05,FALSE
Ga1Sb0.99As0.01,FALSE
Ga2(TeO3)3,FALSE
Ga2Cu1S3.5,FALSE
Ga2CuSe4,FALSE
Ga2GePbSe6,FALSE
Ga2GeTe3,FALSE
Ga2HgS4,FALSE
Ga2HgSe4,FALSE
Ga2NiS4,TRUE
Ga2O3,FALSE
Ga2PbS4,FALSE
Ga2PbSe4,FALSE
Ga2S3,FALSE
Ga2Se2O7,FALSE
Ga2Se3,FALSE
Ga2Si(AgS3)2,FALSE
Ga2SiPbSe6,FALSE
Ga2SnGeS6,FALSE
Ga2Te3,FALSE
Ga3CuSe5,FALSE
Ga3CuTe5,FALSE
Ga3Pt2,TRUE
Ga3SiAg3Se8,FALSE
Ga4Cu2Te7,FALSE
Ga4PbS7,FALSE
Ga4SnS7,FALSE
Ga4SnSe7,FALSE
Ga5Ge(PbS3)4,FALSE
Ga5Ge(PbSe3)4,FALSE
Ga5Pd13,TRUE
Ga8Cu3Mo2,TRUE
Ga9Rh2,TRUE
GaAgGe3Se8,FALSE
GaAgGe5Se12,FALSE
GaAgGeS4,FALSE
GaAgO2,FALSE
GaAgS2,FALSE
GaAgSe2,FALSE
GaAgTe2,FALSE
GaAs,FALSE
GaAs2W,TRUE
GaBi,FALSE
GaBi25O39,FALSE
GaCuGeSe4,FALSE
GaCuO2,FALSE
GaCuS2,FALSE
GaCuSe2,FALSE
GaCuTe2,FALSE
GaFe3,TRUE
GaFeNi2,TRUE
GaGeTe,FALSE
GaHSeO4,FALSE
GaN,FALSE
GaP,FALSE
GaS,FALSE
GaSb,FALSE
GaSe,FALSE
GaSiAgSe4,FALSE
GaSiRu2,TRUE
GaTc,FALSE
GaTc2W,TRUE
GaTe,FALSE
Gd(CuS)3,FALSE
Gd(CuSe)3,FALSE
Gd(CuTe)3,FALSE
Gd(InS2)3,FALSE
Gd(NiGe)2,TRUE
Gd(SiRu)2,TRUE
Gd1.05Sc0.95Se3,FALSE
Gd1.47Mn2.04In0.49S5,FALSE
Gd1.87Lu2.13Se6,FALSE
Gd1Mn1.95In1.05S5,FALSE
Gd2(MoO4)3,FALSE
Gd2(Zn2Ge)3,TRUE
Gd2AlCo2,TRUE
Gd2Mn4S7,FALSE
Gd2O3,FALSE
Gd2S3,FALSE
Gd2Se3,FALSE
Gd2Te3,FALSE
Gd2Zn17,TRUE
Gd2ZrS5,FALSE
Gd3(AlNi3)2,TRUE
Gd3.04Sc0.96S6,FALSE
Gd3Al0.74Si0.7S7,FALSE
Gd3Al7Ag2,TRUE
Gd3Co11B4,TRUE
Gd3ReO7,TRUE
Gd3S4,TRUE
Gd4GaSbS9,FALSE
Gd6Ge2.5S14,FALSE
Gd6Ta4Al43,TRUE
GdAs,FALSE
GdB(SbO4)2,FALSE
GdB6,FALSE
GdB66,FALSE
GdCd2,TRUE
GdCd4B3O10,FALSE
GdGeRu,TRUE
GdH2NO5,FALSE
GdInIr,TRUE
GdN,FALSE
GdNiO3,TRUE
GdO2,TRUE
GdPbAu,TRUE
GdSb,TRUE
GdSbPd,TRUE
GdScS3,FALSE
GdSe2,TRUE
GdTe,FALSE
GdZn,TRUE
GdZnIn,TRUE
Ge(Bi3O5)4,FALSE
Ge(SeO3)2,FALSE
Ge(WO3)6,TRUE
Ge0.01Pb0.99Se1,FALSE
Ge0.01Te0.01Pb0.99Se0.99,FALSE
Ge0.01Te0.99Pb0.99S0.01,FALSE
Ge0.01Te1Pb0.99,FALSE
Ge0.02Te0.98Pb0.98S0.02,FALSE
Ge0.03Pb0.97Se0.97S0.03,FALSE
Ge0.05Pb0.95Se0.95S0.05,FALSE
Ge0.05Pb0.95Se1,FALSE
Ge0.05Te0.95Pb0.95S0.05,FALSE
Ge0.05Te1Pb0.95,FALSE
Ge0.06Te0.06Pb0.94Se0.94,FALSE
Ge0.15Pb0.85Se0.85S0.15,FALSE
Ge0.15Te0.15Pb0.85Se0.85,FALSE
Ge0.15Te1Pb0.85,FALSE
Ge0.1Pb0.9Se0.9S0.1,FALSE
Ge0.1Pb0.9Se1,FALSE
Ge0.1Te1Pb0.9,FALSE
Ge0.25Te1Pb0.75,FALSE
Ge0.2Pb0.8Se1,FALSE
Ge0.2Te0.2Pb0.8Se0.8,FALSE
Ge0.2Te1Pb0.8,FALSE
Ge0.39Te1Pb0.61,FALSE
Ge0.3Pb0.7Se1,FALSE
Ge0.3Te1Pb0.7,FALSE
Ge0.41Te1Pb0.59,FALSE
Ge0.4Te1Pb0.6,FALSE
Ge2Os,TRUE
Ge2Sb2Te5,FALSE
Ge3Bi3O10.5,FALSE
Ge3Ru2,FALSE
Ge3Sb,TRUE
Ge40Te5.3I8,FALSE
Ge5(Te4As)2,TRUE
GeAs,FALSE
GeAs2,FALSE
GeAs3,TRUE
GeI2,FALSE
GeO2,FALSE
GeP,FALSE
GePb2(SeO3)4,FALSE
GePbS3,FALSE
GePt2,TRUE
GeRh,TRUE
GeS,FALSE
GeS2,FALSE
GeSe,FALSE
GeSe2,FALSE
GeTe2,FALSE
H2Se,TRUE
H6Pt(I3O10)2,FALSE
H7Se2NO6,FALSE
HPbI3,TRUE
Hf(CoSi)2,TRUE
Hf(CuP)2,TRUE
Hf(VGa2)2,TRUE
Hf(VH2)2,TRUE
Hf2Al3C4,TRUE
Hf2Co4P3,TRUE
Hf2Fe,TRUE
Hf2Ge,TRUE
Hf2Hg,TRUE
Hf2MnIr,TRUE
Hf2Ni,TRUE
Hf2OsPd,TRUE
Hf2ReRh,TRUE
Hf2S,TRUE
Hf2Si,TRUE
Hf2Tl,TRUE
Hf3(CuSi)4,TRUE
Hf3(NiGe)4,TRUE
Hf3P,TRUE
Hf3P3Pd4,TRUE
Hf3Sb,TRUE
Hf3Zn3N,TRUE
Hf4Al3,TRUE
Hf4Co4Si7,TRUE
Hf54Os17,TRUE
Hf5CuPb3,TRUE
Hf5Pb,TRUE
Hf5Sb3,TRUE
Hf5Sb9,TRUE
Hf5Si4,TRUE
Hf5Sn3,TRUE
Hf5Sn4,TRUE
Hf5Te4,TRUE
Hf6PbO18,TRUE
Hf7P4,TRUE
HfAlPd2,TRUE
HfAs2,TRUE
HfAsRh,TRUE
HfB,TRUE
HfB4Ir3,TRUE
HfC,TRUE
HfCo3B2,TRUE
HfFe2,TRUE
HfGaCo2,TRUE
HfHg4(AsCl3)2,FALSE
HfHg4(PCl3)2,FALSE
HfInCu2,TRUE
HfNi5,TRUE
HfO2,FALSE
HfOs2,TRUE
HfPt,TRUE
HfS2,FALSE
HfS3,FALSE
HfSe2,FALSE
HfSi,TRUE
HfSiPt,TRUE
HfTc,TRUE
HfTiF6,TRUE
HfTl3,TRUE
HfVSi,TRUE
HfZnNi2,TRUE
Hg2Rh,TRUE
Hg2Sb2O7,TRUE
Hg3As,TRUE
Hg3Bi2(SCl4)2,FALSE
Hg3Bi2(TeCl4)2,FALSE
Hg3C,TRUE
Hg3PS3,FALSE
Hg3PS4,FALSE
Hg3Sb,TRUE
Hg5AsS2I3,FALSE
Hg7.5As4Cl6,FALSE
Hg8Bi3As4Cl13,FALSE
HgBr,FALSE
HgBr2,FALSE
HgBrCl,FALSE
HgCl,FALSE
HgCl2,FALSE
HgI,FALSE
HgIrO3,TRUE
HgO,FALSE
HgOsPb2,TRUE
HgPS3,FALSE
HgPt,TRUE
HgPt3,TRUE
HgRhO3,TRUE
HgS,FALSE
HgSe,FALSE
HgTe,FALSE
HgTeBr,FALSE
HgTeI,FALSE
Ho(BC)2,TRUE
Ho(BiO3)2,TRUE
Ho(CuO2)2,TRUE
Ho(CuSe)3,FALSE
Ho(CuTe)3,FALSE
Ho(InS2)3,FALSE
Ho(MnSn)6,TRUE
Ho(NiB)2,TRUE
Ho(SbO3)2,TRUE
Ho(SiOs)2,TRUE
Ho(SiPd)2,TRUE
Ho(SiPt)2,TRUE
Ho(SiRu)2,TRUE
Ho10Si17,TRUE
Ho2(MoO4)3,FALSE
Ho2Au,TRUE
Ho2B4C,TRUE
Ho2Co17,TRUE
Ho2CuRh,TRUE
Ho2Ge5Rh3,TRUE
Ho2GeS5,FALSE
Ho2HfS5,FALSE
Ho2O3,FALSE
Ho2Pd2Pb,TRUE
Ho2S3,FALSE
Ho3AlC,TRUE
Ho3GaC,TRUE
Ho3Ge5,TRUE
Ho3Hg,TRUE
Ho3Ni19B10,TRUE
Ho3P,TRUE
Ho3Pd2,TRUE
Ho4C7,TRUE
Ho4Ga16Co3,TRUE
Ho5(Ge5Rh2)2,TRUE
Ho5Si4,TRUE
HoAlAu2,TRUE
HoAlB14,TRUE
HoB2Rh3,TRUE
HoB4,TRUE
HoC2,TRUE
HoCd,TRUE
HoCd3,TRUE
HoCdCu4,TRUE
HoCo3,TRUE
HoCu4Pd,TRUE
HoGe,TRUE
HoGeAu,TRUE
HoInAu2,TRUE
HoInPt,TRUE
HoMg2,TRUE
HoMgAu2,TRUE
HoMgZn2,TRUE
HoMn12,TRUE
HoN,FALSE
HoNiGe,TRUE
HoSb2,TRUE
HoSi,TRUE
HoSiRu2C,TRUE
HoTh3,TRUE
HoTiGe,TRUE
HoTiO3,TRUE
HoTiSi,TRUE
HoTlPd,TRUE
HoZnRh,TRUE
HoZnRh2,TRUE
ICl2,TRUE
In(MoSe)3,TRUE
In(PS2)2,FALSE
In(PSe2)2,FALSE
In0.001Te1Pb0.999,FALSE
In0.005Te1Pb0.995,FALSE
In0.01Ga0.99As0.99P0.01,FALSE
In0.01Ga0.99As1,FALSE
In0.01Te1Pb0.99,FALSE
In0.04Te1Pb0.96,FALSE
In0.07Te1Pb0.93,FALSE
In0.1Ga0.9As0.1P0.9,FALSE
In0.1Ga0.9As0.9P0.1,FALSE
In0.2Ga0.8As0.2P0.8,FALSE
In0.2Ga0.8As0.8P0.2,FALSE
In0.2Ga0.8As1,FALSE
In0.3Ga0.7As0.3P0.7,FALSE
In0.3Ga0.7As0.7P0.3,FALSE
In0.3Ga0.7As1,FALSE
In0.3Ga0.7P1,FALSE
In0.4Ga0.6As0.4P0.6,FALSE
In0.4Ga0.6As0.6P0.4,FALSE
In0.4Ga0.6As1,FALSE
In0.4Ga0.6P1,FALSE
In0.4Ga1.6Cu1S3.5,FALSE
In0.5Ga0.5As0.5P0.5,FALSE
In0.5Ga0.5As1,FALSE
In0.5Ga0.5P1,FALSE
In0.6Ga0.4As0.6P0.4,FALSE
In0.72Ga0.28As1,FALSE
In0.7Ga0.3As0.3P0.7,FALSE
In0.8Ga0.2As0.2P0.8,FALSE
In0.8Ga0.2As0.8P0.2,FALSE
In0.8Ga0.2As1,FALSE
In0.99Ga0.01As0.01P0.99,FALSE
In0.99Ga0.01As0.99P0.01,FALSE
In0.9Ga0.1As0.1P0.9,FALSE
In0.9Ga0.1As0.9P0.1,FALSE
In1.01Cu0.99Se2.01,FALSE
In1.05Cu0.95Se2.05,FALSE
In1.1Cu0.9Se2.1,FALSE
In1.3Cu0.7Se2.3,FALSE
In1.5Cu0.5Se2.5,FALSE
In1.65Cu0.35Se2.65,FALSE
In1.6Cu0.4Se2.6,FALSE
In1.6Ga0.4Cu1S3.5,FALSE
In1.7Cu0.3Se2.7,FALSE
In1.85Cu0.15Se2.85,FALSE
In1.8Cu0.2Se2.8,FALSE
In1.99Cu0.01Se2.99,FALSE
In1.9Cu0.1Se2.9,FALSE
In11.3Bi14.7S38,FALSE
In11Cu9Se20,TRUE
In1Ag1.75Sb5.75Se11,FALSE
In1Ga1Cu1S3.5,FALSE
In1Hg4As2.5Br3.5,FALSE
In1Sb0.01As0.99,FALSE
In1Sb0.1As0.9,FALSE
In1Sb0.2As0.8,FALSE
In1Sb0.3As0.7,FALSE
In1Sb0.4As0.6,FALSE
In1Sb0.5As0.5,FALSE
In1Sb0.6As0.4,FALSE
In1Sb0.7As0.3,FALSE
In1Sb0.8As0.2,FALSE
In1Sb0.99As0.01,FALSE
In1Sb0.9As0.1,FALSE
In2As2Cl2O5,FALSE
In2B(PO4)3,FALSE
In2Bi3Se7I,FALSE
In2Co,TRUE
In2Cu1S3.5,FALSE
In2FeSe4,FALSE
In2GeTe3,FALSE
In2Hg6(P2Cl3)3,FALSE
In2HgS4,FALSE
In2HgSe4,FALSE
In2HgTe4,FALSE
In2O3,FALSE
In2Pt,TRUE
In2S3,FALSE
In2Se,FALSE
In2Se2O7,FALSE
In2Se3,FALSE
In2Te,FALSE
In3AgTe5,FALSE
In3Au10,TRUE
In3Bi7(Pb2S9)2,TRUE
In3CuS5,FALSE
In3CuSe5,FALSE
In3CuTe5,FALSE
In3Pd5,TRUE
In3Sb,TRUE
In4As5(BrO4)3,FALSE
In4Bi3S10,FALSE
In4Cu2Te7,FALSE
In4S5,FALSE
In4Se3,FALSE
In4Te3,FALSE
In5AgS8,FALSE
In5AgTe8,FALSE
In5CuS8,FALSE
In5Se6,FALSE
In6S7,FALSE
In6Se7,FALSE
In9AgTe14,FALSE
InAg3,TRUE
InAgO2,FALSE
InAgS2,FALSE
InAgSe2,FALSE
InAgTe2,FALSE
InAs,FALSE
InAsI,FALSE
InAu3,TRUE
InBi2S4Br,FALSE
InBi2S4Cl,FALSE
InBi2Se4Br,FALSE
InCuGeSe4,FALSE
InCuS2,FALSE
InCuSe2,FALSE
InCuTe2,FALSE
InFe2CuSe4,TRUE
InHg7S6Cl5,FALSE
InHgW2,TRUE
InN,FALSE
InP,FALSE
InPS4,FALSE
InPt,TRUE
InPt3C,TRUE
InS,FALSE
InSb,FALSE
InSb2S4Br,FALSE
InSb2S4Cl,FALSE
InSb2Se4Br,FALSE
InSe,FALSE
InSiIr,TRUE
InSiTe3,TRUE
InSn2As2Se,FALSE
InSnAsSe,FALSE
Ir0.67S2,FALSE
Ir0.67Se2,FALSE
IrPb,TRUE
IrS2,FALSE
IrSe2,FALSE
IrSeS,FALSE
K(CoSe)2,TRUE
K(FeAs)2,TRUE
K(GeSe2)2,FALSE
K(OsO3)2,TRUE
K0.8Sn2Hg1.2S8,FALSE
K1.25Bi7.25Pb3.5Se15,FALSE
K1.46Sn3.09Bi7.45Se15,FALSE
K1.83Cd1.83Bi2.17S6,FALSE
K10Co4Sn4S17,FALSE
K10Fe4Sn4S17,FALSE
K10Mn4Sn4S17,FALSE
K10Sn3(PSe3)8,FALSE
K10Zn4Ge4S17,FALSE
K10Zn4Sn4S17,FALSE
K11Mn4O16,TRUE
K2.15Sb8.15Pb1.7Se15,FALSE
K2Ag3Sb3S7,FALSE
K2AgSnSe4,FALSE
K2Al2B2O7,FALSE
K2Au(IO3)5,FALSE
K2B10H9O,TRUE
K2BaNb2S11,FALSE
K2Bi8Se13,FALSE
K2Cd(PSe3)2,FALSE
K2Cd2Te3,FALSE
K2Cd3S4,FALSE
K2Cd3Se4,FALSE
K2Cd3Te4,FALSE
K2Ce(PO4)2,FALSE
K2Dy2Ti3O10,FALSE
K2FeGe3Se8,FALSE
K2Ga3CuSe6,FALSE
K2Gd2Sb2Se9,FALSE
K2Gd2Ti3O10,FALSE
K2Ge2PbS6,FALSE
K2Ge3(BO5)2,FALSE
K2Hg(PSe3)2,FALSE
K2Hg3(GeS4)2,FALSE
K2Hg3Se1.31S2.69,FALSE
K2Hg3Se2.97S1.03,FALSE
K2Ho4Cu4S9,FALSE
K2In2P3Se10,FALSE
K2In3AgSe6,FALSE
K2In3CuSe6,FALSE
K2La2Sb2S9,FALSE
K2La2Ti3O10,FALSE
K2Mn(SnSe3)2,FALSE
K2Mn3S4,TRUE
K2MnSnSe4,FALSE
K2Mo2Se2O11,FALSE
K2NbCuS4,FALSE
K2NbCuSe4,FALSE
K2NbO6,TRUE
K2Nd2Ti3O10,FALSE
K2PAuS4,FALSE
K2PdSe10,FALSE
K2RbSb,FALSE
K2ReH9,FALSE
K2RuCl6,TRUE
K2S,FALSE
K2Sb8Se3,FALSE
K2Se,FALSE
K2Sm2Ti3O10,FALSE
K2SmP2S7,FALSE
K2Sn(AuS2)2,FALSE
K2Sn2Hg3S8,FALSE
K2Sn3(SbS5)2,FALSE
K2Ta15O32,FALSE
K2Te,FALSE
K2TeI6,FALSE
K2Th(CuS2)2,FALSE
K2Ti(CuS2)2,FALSE
K2VAgS4,FALSE
K2VCuS4,FALSE
K2Zn(SnSe3)2,FALSE
K2ZnSn3S8,FALSE
K2ZnTe2,FALSE
K3(FeS2)2,TRUE
K3B6ClO10,FALSE
K3Bi2I9,FALSE
K3Cd(BO2)5,FALSE
K3Cr2(PS4)3,FALSE
K3Ga3Ge7S20,FALSE
K3Ga3Ge7Se20,FALSE
K3Hg,TRUE
K3LiNb6O15,TRUE
K3NaSn3Se8,FALSE
K3Nb2AsSe11,FALSE
K3Sm(AsS4)2,FALSE
K3Sn,TRUE
K3Ta2AsS11,FALSE
K3Ta2AsSe11,FALSE
K3Th2Cu3S7,FALSE
K3Ti2P5S18,FALSE
K3UF3,TRUE
K3V,TRUE
K4(ZrSe5)3,FALSE
K4Ag9(SbS3)4,FALSE
K4Al4Si19,FALSE
K4C2O3,TRUE
K4Ce3Sn3S14,FALSE
K4Ga4Si19,FALSE
K4Ge(PSe3)4,FALSE
K4GeS4,FALSE
K4GeSe4,FALSE
K4Hf3Se14,FALSE
K4Nb2S11,FALSE
K5In3P6Se19,FALSE
K6Cd4Sn3Se13,FALSE
K6CdTe4,FALSE
K6Ta1.03Nb2.97S25,FALSE
K6Ta2.93Nb1.07S22,FALSE
K6Yb3(PS4)5,FALSE
K8Ce2I18O53,FALSE
K8N3O,TRUE
K9Bi13S24,FALSE
KAg2,TRUE
KAg2AsS3,FALSE
KAg2PS4,FALSE
KAg2SbS3,FALSE
KAg2SbS4,FALSE
KAgAsS2,FALSE
KAgF3,TRUE
KAgO,TRUE
KAlGeS4,FALSE
KAsSe2,FALSE
KAu(IO3)4,FALSE
KB5PbO9,FALSE
KBaAsSe3,FALSE
KBaB5O9,FALSE
KBaSbSe3,FALSE
KBi2,TRUE
KBi3S5,FALSE
KBiO3,TRUE
KBiS2,FALSE
KBiSe2,FALSE
KBr,FALSE
KC60,TRUE
KCd4Ga5Se12,FALSE
KCeSe4,FALSE
KCl,FALSE
KCoO2,TRUE
KCu2BiS3,FALSE
KCu2SbS3,FALSE
KCu3S2,FALSE
KCu4AsS4,FALSE
KCuPO4,TRUE
KCuSnS3,FALSE
KCuSnSe3,FALSE
KEuAsS4,FALSE
KEuS2,TRUE
KF,FALSE
KFe2BiO5,FALSE
KFeCuTe2,FALSE
KGaSe2,FALSE
KGaSnSe4,FALSE
KH(CN2)3,TRUE
KH3(SeO3)2,FALSE
KHg,TRUE
KHg11,TRUE
KHg2,TRUE
KI,FALSE
KIO3,FALSE
KIn(TeO3)2,FALSE
KInGeS4,FALSE
KInS2,FALSE
KInSe2,FALSE
KInSnS4,FALSE
KLi(WO3)3,TRUE
KLiCO3,FALSE
KLu,TRUE
KMo6S7,TRUE
KNa2Sb,FALSE
KNb2O5,TRUE
KNb2Se,TRUE
KNb3(SeO6)2,FALSE
KNb3(TeO6)2,FALSE
KNbSe2O7,FALSE
KP(HO2)2,FALSE
KPAu5S8,FALSE
KPPbO4,FALSE
KPSe3,FALSE
KPSe6,FALSE
KRbBi8Se13,FALSE
KRuO4,TRUE
KSb,FALSE
KSb(SO4)2,FALSE
KSb5S8,FALSE
KSbS2,FALSE
KSbSe2,FALSE
KSc(SeO3)2,FALSE
KScO3,TRUE
KSi2P3,FALSE
KSiBiS4,FALSE
KSm2CuS4,FALSE
KSnAuS3,FALSE
KSnAuSe3,FALSE
KTa3(TeO6)2,FALSE
KTa3CuO9,TRUE
KTaO3,FALSE
KTbSe4,FALSE
KTeP2,FALSE
KThCuS3,FALSE
KTi2F7,FALSE
KTi5Se8,TRUE
KTiPO5,FALSE
KTm,TRUE
KUClO3,FALSE
KUCuSe3,TRUE
KV2I3O13,FALSE
KV4Ag11O16,FALSE
KV6O11,TRUE
KY(TeO3)2,FALSE
KYb2F7,TRUE
KYbSe2,TRUE
KZn4(BO3)3,FALSE
KZrPSe6,FALSE
La(FeAs3)4,TRUE
La(In2Au)2,TRUE
La(InS2)3,FALSE
La(Ni2B)6,TRUE
La(PRu)2,TRUE
La(SiOs)2,TRUE
La(SiRu)2,TRUE
La1.86Tb1.14Ga1.67S7,FALSE
La10Mn9O30,TRUE
La10Se14O,FALSE
La10Si8O3,TRUE
La16Mn15O48,TRUE
La1Se0.14S1.86,FALSE
La2.1Bi5.9Pb2S14,FALSE
La20Cu9O40,TRUE
La20Mo12Cl4O63,FALSE
La2B4Rh5,TRUE
La2CuO4,TRUE
La2Fe(SeO)2,FALSE
La2Fe2I,TRUE
La2Ga0.33Sb1S5,FALSE
La2Ga2GeS8,FALSE
La2Ge2Se7,FALSE
La2Ge5Ir3,TRUE
La2Ge5Rh3,TRUE
La2GeSe5,FALSE
La2HfS5,FALSE
La2In,TRUE
La2Mn(SeO)2,FALSE
La2MnNiO6,FALSE
La2MoO5,FALSE
La2Nb2N2O5,TRUE
La2Ni5B4,TRUE
La2O3,FALSE
La2PC,TRUE
La2PI2,TRUE
La2PdO4,TRUE
La2Pr2O7,TRUE
La2Rh7,TRUE
La2S3,FALSE
La2Se3,FALSE
La2Si5Rh3,TRUE
La2Sn5Rh3,TRUE
La2TiCoO6,FALSE
La2V2IO9,FALSE
La2VCoO6,FALSE
La2VNiO6,FALSE
La2YbCuS5,FALSE
La2YbCuSe5,FALSE
La2Zn(SeO)2,FALSE
La2ZrS5,FALSE
La3(BN2)2,TRUE
La3(OsO5)2,TRUE
La3(ReO5)2,TRUE
La3AlN,TRUE
La3CuGeSe7,FALSE
La3Ga1Ge0.5S7,FALSE
La3GaCuSe7,FALSE
La3Ge3Br2,TRUE
La3In1Ge0.5S7,FALSE
La3LuSe6,FALSE
La3Mg0.5Sn1S14,FALSE
La3Mo4O16F,FALSE
La3NiBr3,TRUE
La3Si1Sb0.33S7,FALSE
La3Si1Sb0.33Se7,FALSE
La3Te4,FALSE
La3ZrSb5,TRUE
La4Cd4In2S13,FALSE
La4Co3O10,TRUE
La4Fe(SbS5)2,FALSE
La4Fe(SbSe5)2,FALSE
La4In5S13,TRUE
La4InSbS9,FALSE
La4InSbSe9,FALSE
La5Cu6.33S7O4,FALSE
La5In3(S3O)3,FALSE
La5SmS8,TRUE
La5YbS8,TRUE
La6Sb4(SO4)3,FALSE
La8Mn7O24,TRUE
La8Sb2S15,FALSE
LaAl12O19,TRUE
LaAl4,TRUE
LaAl4Co,TRUE
LaB6,FALSE
LaBPt3,TRUE
LaBeB3O7,FALSE
LaBiAu2,TRUE
LaCd2,TRUE
LaCdAg2,TRUE
LaCdAu,TRUE
LaCu6,TRUE
LaCuSO,FALSE
LaCuSeO,FALSE
LaCuTeO,FALSE
LaF3,FALSE
LaGa,TRUE
LaGa3Pd2,TRUE
LaGaO3,FALSE
LaGaS3,FALSE
LaGeI,TRUE
LaH2,TRUE
LaH2NO5,FALSE
LaHg,TRUE
LaIn,TRUE
LaIn2Ir,TRUE
LaIn5Ir,TRUE
LaInS2O,FALSE
LaMg(FeO3)2,TRUE
LaMg2H7Pd,FALSE
LaMg3,TRUE
LaNbN2O,FALSE
LaP,FALSE
LaP3,TRUE
LaPd3S4,TRUE
LaPt5,TRUE
LaRe2Ag,TRUE
LaReB,TRUE
LaSb,FALSE
LaScSi,TRUE
LaSi,TRUE
LaSi2,FALSE
LaSi2Ru,TRUE
LaSn3Ru,TRUE
LaTaN2O,FALSE
LaTb3,TRUE
LaV,TRUE
LaVI5O16,FALSE
LaYbZn2,TRUE
LaZnAsO,FALSE
LaZnAu2,TRUE
Li(CuO)3,TRUE
Li(NiO2)4,TRUE
Li0.33Ag1Sn0.67O2,FALSE
Li0.33Ti0.67Ag1O2,FALSE
Li0.5Ge1Pb1.75S4,FALSE
Li11Mn13O32,TRUE
Li12Fe5O16,TRUE
Li13Nb14ZnO42,TRUE
Li13Ti22O48,TRUE
Li14Ti21O48,TRUE
Li15(FeO4)4,TRUE
Li15Mn2O12,TRUE
Li17Nb20O60,TRUE
Li17Ti20O40,TRUE
Li2(FeO2)5,TRUE
Li2(LuGe)3,TRUE
Li2(NiO2)3,TRUE
Li23(MnAs)20,TRUE
Li2B4O7,FALSE
Li2CdGe,FALSE
Li2CdGeS4,FALSE
Li2CdSnS4,FALSE
Li2Co4O7F,TRUE
Li2CrCo3O8,TRUE
Li2CrCuO4,TRUE
Li2Cu2S3,TRUE
Li2CuF6,TRUE
Li2DyIn,TRUE
Li2EuSn,TRUE
Li2Fe2(PO4)3,TRUE
Li2Fe3CoO8,TRUE
Li2Fe3NiO8,TRUE
Li2Fe3SnO8,TRUE
Li2FeGeS4,FALSE
Li2FeSnS4,FALSE
Li2FeWO6,TRUE
Li2Ga,TRUE
Li2Ga(GeSe3)2,FALSE
Li2Ga2GeS6,FALSE
Li2GaPd,TRUE
Li2HgGe,FALSE
Li2HgGeS4,FALSE
Li2In2GeS6,FALSE
Li2In2GeSe6,FALSE
Li2In2SiS6,FALSE
Li2In2SiSe6,FALSE
Li2InAg,TRUE
Li2LaTl,TRUE
Li2MgHg,TRUE
Li2MgIn,TRUE
Li2MgSn,TRUE
Li2MnCo3O8,TRUE
Li2MnCu3O8,TRUE
Li2MnGeS4,FALSE
Li2MnNi3O8,TRUE
Li2MnO2F,TRUE
Li2Mo2Se2O11,FALSE
Li2Nb2(PO4)3,TRUE
Li2NdAs2,TRUE
Li2NdSb2,TRUE
Li2Ni2SbO6,TRUE
Li2Ni3TeO8,TRUE
Li2Ni5(PO4)4,TRUE
Li2PmAl,TRUE
Li2PmGe,TRUE
Li2PrIn,TRUE
Li2PrP2,TRUE
Li2PtO3,FALSE
Li2Si4Ni5O14,TRUE
Li2SiHgS4,FALSE
Li2Sn5,TRUE
Li2SnHgS4,FALSE
Li2SnIr,TRUE
Li2TeMoO6,FALSE
Li2TeWO6,FALSE
Li2Ti3FeO8,TRUE
Li2TiMn3O8,TRUE
Li2TlAg,TRUE
Li2U(MoO5)2,TRUE
Li2V2F7,TRUE
Li2V3CrO8,TRUE
Li2V3FeO8,TRUE
Li2YbPb,TRUE
Li2ZnGe,FALSE
Li2ZnGeSe4,FALSE
Li2ZnSnS4,FALSE
Li2ZnSnSe4,FALSE
Li3(CoO2)4,TRUE
Li3(CuO)4,TRUE
Li3(CuO2)2,TRUE
Li3AlP2,FALSE
Li3AlTe4O11,FALSE
Li3Bi,FALSE
Li3C,TRUE
Li3Co(NiO2)4,TRUE
Li3Co2(GeO4)3,TRUE
Li3Co3SbO8,TRUE
Li3Co4TeO8,TRUE
Li3Cr(NiO2)4,TRUE
Li3Cr3(CuO6)2,TRUE
Li3CrCo3O8,TRUE
Li3CrO4,TRUE
Li3Cu4NiO8,TRUE
Li3Dy,TRUE
Li3Fe(CoO2)4,TRUE
Li3Fe(SbO3)4,TRUE
Li3Fe2SbO6,TRUE
Li3FeNi3O8,TRUE
Li3FeS3,TRUE
Li3FeTe4O11,FALSE
Li3GaTe4O11,FALSE
Li3Mn(CuO3)2,TRUE
Li3Mn(NiO3)2,TRUE
Li3Mn2(CoO4)2,TRUE
Li3Mn2(PO4)3,TRUE
Li3Mn2CuO6,TRUE
Li3Mn3NiO8,TRUE
Li3Mn3WO8,TRUE
Li3Mn4(PO4)6,TRUE
Li3Mn4O8,TRUE
Li3MnAs2,TRUE
Li3Mo2P5O18,TRUE
Li3Ni(SbO3)4,TRUE
Li3Ni2(GeO4)3,TRUE
Li3Ni3(PO4)4,TRUE
Li3PS4,FALSE
Li3ScN2,FALSE
Li3Si3Ag2,TRUE
Li3Ti2(PO4)3,TRUE
Li3Ti3(PO4)4,TRUE
Li3V12O29,TRUE
Li3V4FeO12,TRUE
Li3V4NiO12,TRUE
Li3VOF5,TRUE
Li4(FeO2)9,TRUE
Li4.5Al0.5Te1O6,FALSE
Li4.5Cr0.5Te1O6,FALSE
Li4.5Fe0.5Te1O6,FALSE
Li4.5Ga0.5Te1O6,FALSE
Li4.5Mn0.5Te1O6,FALSE
Li4Co2Ni3O10,TRUE
Li4Co3CuO8,TRUE
Li4Co5SbO12,TRUE
Li4Cr3NiO8,TRUE
Li4CrO5,TRUE
Li4Cu(PO4)2,TRUE
Li4Fe2Cu3O10,TRUE
Li4Fe3NiO8,TRUE
Li4Fe7(OF7)2,TRUE
Li4FeNi3O8,TRUE
Li4HgGe2S7,FALSE
Li4MgNi3O8,TRUE
Li4Mn(WO4)3,TRUE
Li4Mn3Cr3O12,TRUE
Li4Mn5Cu3O16,TRUE
Li4Mn5Nb3O16,TRUE
Li4Mn5NbO12,TRUE
Li4Mn5Ni3O16,TRUE
Li4NbNi3O8,TRUE
Li4Ni2(PO4)3,TRUE
Li4Ni3BiO8,TRUE
Li4Ti5Cr3O16,TRUE
Li4TiCr3O8,TRUE
Li4V5Cu3O16,TRUE
Li4VF7,TRUE
Li4WO5,TRUE
Li5(BiO3)4,TRUE
Li5Co2Ni3O10,TRUE
Li5Co2O2F5,TRUE
Li5Cr2Ni5O12,TRUE
Li5Fe2Ni3O10,TRUE
Li5Fe6(BO3)6,TRUE
Li5La3Nb14O42,TRUE
Li5Mn2Cu5O12,TRUE
Li5Mn3(FeO5)2,TRUE
Li5Mn5(SbO6)2,TRUE
Li5Mn6(BO3)6,TRUE
Li6(NiO2)5,TRUE
Li6Fe3Co7O20,TRUE
Li6Fe9CoO20,TRUE
Li6FeNi9O20,TRUE
Li6FeO5F,TRUE
Li6FeO6,TRUE
Li6Mn5CoO12,TRUE
Li6Mn5FeO12,TRUE
Li6Tb2O7,TRUE
Li7(Mo3S4)4,TRUE
Li7(NiO2)11,TRUE
Li7Ca8Nb12O40,TRUE
Li7Ti16O32,TRUE
Li7Ti5O12,TRUE
Li7Ti7O16,TRUE
Li8BiS6,TRUE
Li8GeN4,FALSE
Li8IrO6,TRUE
Li8PO3,TRUE
Li8PrO6,TRUE
Li8Ti16CuS32,TRUE
Li8TiNi7O16,TRUE
Li9Fe3(WO4)7,TRUE
Li9Ga13(Te7O22)3,FALSE
LiAgF3,TRUE
LiAl2Rh,TRUE
LiAl2Tc,TRUE
LiAl3,TRUE
LiAlB14,FALSE
LiAlB4,TRUE
LiAlGe,TRUE
LiAlRh2,TRUE
LiAsS2,FALSE
LiAsSe2,FALSE
LiB3,FALSE
LiB3O5,FALSE
LiB9PbO15,FALSE
LiBePt2,TRUE
LiBi2(PO4)3,TRUE
LiBi3(ClO2)2,FALSE
LiBiS2,FALSE
LiBr,FALSE
LiCa2Ga,TRUE
LiCa2Ge3,TRUE
LiCa2In,TRUE
LiCa2Mg,TRUE
LiCa3As2H,FALSE
LiCaO3,TRUE
LiCd2Rh,TRUE
LiCdBO3,FALSE
LiCl,FALSE
LiCo(CO3)2,TRUE
LiCo7O7F,TRUE
LiCoS2,TRUE
LiCu2(CO3)2,TRUE
LiCu2Ge,TRUE
LiCu3F7,TRUE
LiCu5P3O13,TRUE
LiCuO2,TRUE
LiCuPO4,TRUE
LiEr2Ga,TRUE
LiErAu2,TRUE
LiEuH3,FALSE
LiF,FALSE
LiFe2(PO4)3,TRUE
LiFe2(SiO4)2,TRUE
LiGa(GeSe3)2,FALSE
LiGaAg2,TRUE
LiGaAu2,TRUE
LiGaO2,FALSE
LiGaPd2,TRUE
LiGaPt2,TRUE
LiGaS2,FALSE
LiGaSe2,FALSE
LiGaTe2,FALSE
LiGd5P2O13,FALSE
LiGeRh2,TRUE
LiH3(SeO3)2,FALSE
LiHf2Ir,TRUE
LiHfPd2,TRUE
LiHg2Pd,TRUE
LiHoAu2,TRUE
LiHoO3,TRUE
LiI,FALSE
LiIO3,FALSE
LiIn(IO3)4,FALSE
LiIn2Rh,TRUE
LiInAg2,TRUE
LiInS2,FALSE
LiInSe2,FALSE
LiInSn,TRUE
LiInSnS4,FALSE
LiInTe2,FALSE
LiLa2IrO6,TRUE
LiLu2Ga,TRUE
LiLu2Pd,TRUE
LiLu2Ru,TRUE
LiLu2Tc,TRUE
LiMg2Ag,TRUE
LiMgAs,FALSE
LiMgBi,FALSE
LiMgN,FALSE
LiMgSnPd,TRUE
LiMn(PO4)2,TRUE
LiMn2(PO4)2,TRUE
LiMn4O8,TRUE
LiMn9Se10,TRUE
LiMnCoO4,TRUE
LiMnCuO4,TRUE
LiMnO2,TRUE
LiMnP2O7,TRUE
LiMnSiO4,TRUE
LiMo3O8,TRUE
LiMoIO6,FALSE
LiNb3(BiO3)4,FALSE
LiNbO3,FALSE
LiNi2(PO4)3,TRUE
LiNiP2O7,TRUE
LiPm2Al,TRUE
LiPm2Ga,TRUE
LiPm2Ir,TRUE
LiPm2Si,TRUE
LiPr2Ru,TRUE
LiSb3PbS6,FALSE
LiSbS2,FALSE
LiSbSe2,FALSE
LiSbTe2,FALSE
LiScHg2,TRUE
LiSiB6,FALSE
LiSiPd2,TRUE
LiSiRh2,TRUE
LiSm3SiS7,FALSE
LiSn(PO3)4,TRUE
LiSn4Ir,TRUE
LiSnAu,TRUE
LiTa3(BiO3)4,FALSE
LiTaO3,FALSE
LiTaRh2,TRUE
LiThAu2,TRUE
LiTi11O20,TRUE
LiTi3O6,TRUE
LiTiSiO4,TRUE
LiTlPd2,TRUE
LiTm2Rh,TRUE
LiTm2Ru,TRUE
LiTmSn,TRUE
LiV2NiO6,TRUE
LiV3O4,TRUE
LiY(CuP)2,TRUE
LiY2Ru,TRUE
LiYbF4,TRUE
LiYbPb,TRUE
LiZn(Fe5O8)2,TRUE
LiZn2GaO4,FALSE
LiZnBO3,FALSE
LiZnN,FALSE
LiZr2Os,TRUE
LiZrRh2,TRUE
Lu(InS2)3,FALSE
Lu(SiOs)2,TRUE
Lu2AgAu,TRUE
Lu2Al3Co,TRUE
Lu2AlTc,TRUE
Lu2CdAg,TRUE
Lu2CdIn,TRUE
Lu2CrS4,FALSE
Lu2Fe2Si2C,TRUE
Lu2FeS4,TRUE
Lu2InHg,TRUE
Lu2MgHg,TRUE
Lu2Mn12P7,TRUE
Lu2Mo2C3,TRUE
Lu2O3,FALSE
Lu2TlAg,TRUE
Lu2TlCd,TRUE
Lu2TlCu3Se5,FALSE
Lu3BC3,TRUE
Lu3Ga,TRUE
Lu3InN,TRUE
Lu3TlC,TRUE
Lu4C7,TRUE
Lu5(Si5Ir2)2,TRUE
Lu5Si3B,TRUE
Lu7(NiTe)2,TRUE
Lu7(TePd)2,TRUE
LuAg2,TRUE
LuAl2Pd5,TRUE
LuAlAg2,TRUE
LuAu,TRUE
LuBPd3,TRUE
LuC2,TRUE
LuCd4B3O10,FALSE
LuCdAg2,TRUE
LuGaRh2,TRUE
LuGe2,TRUE
LuHfRu2,TRUE
LuIr,TRUE
LuIr2,TRUE
LuMnSi,TRUE
LuNiBC,TRUE
LuP,FALSE
LuPt3,TRUE
LuScRh2,TRUE
LuScRu2,TRUE
LuScZn2,TRUE
LuSi2Ni,TRUE
LuSiIr,TRUE
LuU2S3O2,TRUE
LuUO3,TRUE
Mg(As2Rh3)2,TRUE
Mg(CoS2)2,TRUE
Mg(FeO2)4,TRUE
Mg(FeS2)2,TRUE
Mg(SnO2)4,TRUE
Mg(TiS2)4,TRUE
Mg10B16Ir19,TRUE
Mg17Al11Pd,TRUE
Mg23Al30,TRUE
Mg2AgIr,TRUE
Mg2Co,FALSE
Mg2CrN2,TRUE
Mg2Cu,TRUE
Mg2CuWO6,TRUE
Mg2Ga,TRUE
Mg2Ge,FALSE
Mg2GeB2Rh5,TRUE
Mg2GeSe4,FALSE
Mg2MnN2,TRUE
Mg2Pb,FALSE
Mg2PdAu,TRUE
Mg2RhAu,TRUE
Mg2Si,FALSE
Mg2SiPt,TRUE
Mg2Sn,FALSE
Mg2TcO4,TRUE
Mg2TiIrO6,TRUE
Mg2V9O13,TRUE
Mg2Zr14O5,TRUE
Mg3(B25C4)2,FALSE
Mg3(MnAl9)2,TRUE
Mg3(Ni10B3)2,TRUE
Mg3(Ni10P3)2,TRUE
Mg32Al36Ag13,TRUE
Mg3Al9FeSi5,TRUE
Mg3As2,FALSE
Mg3AsN,FALSE
Mg3Bi2,TRUE
Mg3Ga7Co2,TRUE
Mg3Ge,TRUE
Mg3N2,FALSE
Mg3P2,FALSE
Mg3Rh,TRUE
Mg3Ru2,TRUE
Mg3Sb2,FALSE
Mg3Tl,TRUE
Mg4Sc3(SiO3)8,TRUE
Mg5As,TRUE
Mg5B3O9F,FALSE
Mg5Ti13O30,TRUE
Mg5Tl2,TRUE
Mg9CuO10,TRUE
MgAgAs,TRUE
MgCo2(PO5)2,TRUE
MgCr,TRUE
MgCu2GeS4,FALSE
MgCu2SiS4,FALSE
MgCuBi,TRUE
MgCuSb,TRUE
MgCuSn,TRUE
MgF2,FALSE
MgGeN2,FALSE
MgIn3,TRUE
MgInAg2,TRUE
MgInPd2,TRUE
MgMnO3,TRUE
MgMnRh2,TRUE
MgNiSb,TRUE
MgO,FALSE
MgPb3,TRUE
MgPt5,TRUE
MgRh2Pb,TRUE
MgRhF6,TRUE
MgSbF6,TRUE
MgSbPt,TRUE
MgSc,TRUE
MgScAg2,TRUE
MgSe,FALSE
MgSi7Ir3,TRUE
MgSiN2,FALSE
MgSnRh2,TRUE
MgTe,FALSE
MgTi11O20,TRUE
MgTi4O6,TRUE
MgTl,TRUE
MgV4O6,TRUE
MgZn2,TRUE
Mn(BW)2,TRUE
Mn(CoO2)4,TRUE
Mn(PbO2)2,FALSE
Mn(SbO2)2,FALSE
Mn(SbO3)2,TRUE
Mn(SbSe2)2,FALSE
Mn0.05Te1Pb0.95,FALSE
Mn0.1Te1Pb0.9,FALSE
Mn11Si19,FALSE
Mn15Si26,FALSE
Mn2AlB2,TRUE
Mn2AlO4,TRUE
Mn2CoAs,TRUE
Mn2CoGe,TRUE
Mn2Cu(PO4)3,TRUE
Mn2GaW,TRUE
Mn2GeS4,TRUE
Mn2Hg5,TRUE
Mn2Nb,TRUE
Mn2OF3,TRUE
Mn2P,TRUE
Mn2Tl2O7,TRUE
Mn2VSi,TRUE
Mn3(OF3)2,TRUE
Mn3Al10,TRUE
Mn3Cr3(CoO8)2,TRUE
Mn3Cr3(TeO8)2,TRUE
Mn3NbO8,TRUE
Mn3NiN,TRUE
Mn3PdN,TRUE
Mn3PtN,TRUE
Mn3SbO8,TRUE
Mn3V2(SiO4)3,TRUE
Mn5As4,TRUE
Mn5Ge2,TRUE
Mn5O3F5,TRUE
Mn5O7,TRUE
Mn7O7F,TRUE
MnAl3,FALSE
MnAlAu2,TRUE
MnAs,TRUE
MnBe2Co,TRUE
MnCdO2,TRUE
MnCoSi,TRUE
MnCu2Sn,TRUE
MnCu3,TRUE
MnF2,FALSE
MnFeAs,TRUE
MnFeCoGe,TRUE
MnGaNi2,TRUE
MnGaPt,TRUE
MnGePd,TRUE
MnGeRh2,TRUE
MnI2,FALSE
MnIn2PbS5,FALSE
MnInCu2,TRUE
MnNbO4,TRUE
MnNi,TRUE
MnNiP,TRUE
MnO,FALSE
MnO2,FALSE
MnP2,TRUE
MnP4,FALSE
MnPSe3,FALSE
MnS,TRUE
MnSb3(PO4)6,TRUE
MnSbPd,TRUE
MnSbRh2,TRUE
MnSe,FALSE
MnSi,FALSE
MnSiNi2,TRUE
MnSnRu2,TRUE
MnTcOs,TRUE
MnTe,FALSE
MnTe9,FALSE
MnTePd,TRUE
MnV(TeO4)2,FALSE
Mo2NCl8,TRUE
Mo3Pd2N,TRUE
Mo5As4,TRUE
Mo5O14,TRUE
MoO3,FALSE
MoSe2,FALSE
Na(GeP)3,FALSE
Na0.5Ge1Pb1.75S4,FALSE
Na0.5Ge1Pb1.75Se4,FALSE
Na0.75Eu1.625Ge1Se4,FALSE
Na0.8Li0.2As1Se2,FALSE
Na10(Ga2Sn)3,TRUE
Na11Bi5O16,TRUE
Na11Ti20O40,TRUE
Na15Sn4,TRUE
Na19Zr11S30,TRUE
Na2B6O9F2,FALSE
Na2Be4B4O11,FALSE
Na2Cd(GeS3)2,FALSE
Na2Cd(GeSe3)2,FALSE
Na2CdSnS4,FALSE
Na2Cl,TRUE
Na2Cr7O14,TRUE
Na2EuGeSe4,FALSE
Na2Ga2GeS6,FALSE
Na2Ga2SnS6,FALSE
Na2Gd(PO4)2,FALSE
Na2Ge2Se5,FALSE
Na2Hg3(GeS4)2,FALSE
Na2Hg3Se1.49S2.51,FALSE
Na2In,TRUE
Na2In2GeS6,FALSE
Na2In2GeSe6,FALSE
Na2In2SiS6,FALSE
Na2In4Se6S,FALSE
Na2In5Au6,TRUE
Na2LiTa,TRUE
Na2Mo2Se2O11,FALSE
Na2Nb4Se4O19,FALSE
Na2Pt(IO3)6,FALSE
Na2S,FALSE
Na2SO4,TRUE
Na2Se,FALSE
Na2Si2Hg3S8,FALSE
Na2Sn2Hg3S8,FALSE
Na2Te,FALSE
Na2TeS3,FALSE
Na2TeSe3,FALSE
Na2Ti2Sb2O,TRUE
Na2Ti3O7,FALSE
Na2Tl,TRUE
Na2UI6,TRUE
Na2V6O13,TRUE
Na2VCuF7,TRUE
Na2Zn(GeS3)2,FALSE
Na2Zn(GeSe3)2,FALSE
Na2Zn(SnS3)2,FALSE
Na2Zn3(SeO3)4,FALSE
Na3(WO3)4,TRUE
Na3In2Au,TRUE
Na3Mn2(GeO4)3,TRUE
Na3MoClO4,FALSE
Na3MoO4F,FALSE
Na3Re,TRUE
Na3Sb,FALSE
Na3Sn2ClF6,FALSE
Na3Tl,TRUE
Na3UF7,TRUE
Na3WClO4,FALSE
Na3Zn(BO2)5,FALSE
Na4Al4Si19,FALSE
Na4Eu(GeS3)2,FALSE
Na4Mg(GeSe3)2,FALSE
Na4Mg(SiSe3)2,FALSE
Na5Cu7O13,TRUE
Na5Fe6(SiO3)12,TRUE
Na5Gd(MoO4)4,FALSE
Na6CoSe4,TRUE
Na6FeS4,TRUE
Na7(CoO3)2,FALSE
Na7.36Ga7.24Sn4.78Se24,FALSE
Na8(CuO2)5,TRUE
Na8Hg3,TRUE
Na8NbO6,TRUE
Na8PO3,TRUE
Na9(WO3)16,TRUE
NaAlGeS4,FALSE
NaAsO3,TRUE
NaAsS2,FALSE
NaAsSe2,FALSE
NaB15,FALSE
NaBi3,TRUE
NaBiS2,FALSE
NaBiSe2,FALSE
NaBr,FALSE
NaC,TRUE
NaCd2Au,TRUE
NaCd4P3,FALSE
NaCdAsS3,FALSE
NaCdO3,TRUE
NaCdSb,TRUE
NaCeS2,TRUE
NaCeS3,FALSE
NaCl,FALSE
NaCuO,TRUE
NaEuO2,TRUE
NaF,FALSE
NaFe2(SiO3)4,TRUE
NaFe2O3,TRUE
NaGaGe3Se8,FALSE
NaH3(SeO3)2,FALSE
NaHg,TRUE
NaI,FALSE
NaIn(IO3)4,FALSE
NaIn(TeO3)2,FALSE
NaIn3S5,FALSE
NaIn3Se5,FALSE
NaInS2,FALSE
NaInSe2,FALSE
NaInSnS4,FALSE
NaInTe2,FALSE
NaIrPb,TRUE
NaLa2TaO6,FALSE
NaLaS3,FALSE
NaLi3,TRUE
NaLu(Pd3O4)2,TRUE
NaNO2,FALSE
NaNb2PS10,FALSE
NaNbSe2O7,FALSE
NaNi2O3,TRUE
NaSb,FALSE
NaSb(PS3)2,FALSE
NaSbF6,FALSE
NaSbS2,FALSE
NaSbSe2,FALSE
NaSbTe2,FALSE
NaSc(SeO3)2,FALSE
NaSi2Pd3,TRUE
NaSm(PS3)2,FALSE
NaSn2,TRUE
NaTa3,TRUE
NaTi5Se8,TRUE
NaTl,TRUE
NaY(Te2O5)2,FALSE
NaYb(PS3)2,FALSE
NaZr2TiF11,TRUE
NaZrCuTe3,TRUE
Nb(Cl2O)2,TRUE
Nb17Ir3S40,TRUE
Nb2(CoO3)3,TRUE
Nb2AgPS10,FALSE
Nb2Cr4Si5,TRUE
Nb2O5,FALSE
Nb2Pb2Se4O15,FALSE
Nb2Sb,TRUE
Nb2Tl3CuSe12,FALSE
Nb2Tl4S11,FALSE
Nb3(Fe10B3)2,TRUE
Nb3B2,TRUE
Nb3Bi,TRUE
Nb3CuO8,FALSE
Nb3In,TRUE
Nb3IrSe8,TRUE
Nb3Os,TRUE
Nb3Ru,TRUE
Nb3Te,TRUE
Nb3V(PO4)6,TRUE
Nb3VS6,TRUE
Nb40N21O16,TRUE
Nb4Co2PdSe12,TRUE
Nb5Ga4,TRUE
Nb5Ge3,TRUE
Nb5OF14,TRUE
Nb6Co7,TRUE
Nb6VSb3O25,FALSE
NbAg2(PS4)2,FALSE
NbCrN,TRUE
NbCrW,TRUE
NbCu3Se4,FALSE
NbCuO3,FALSE
NbGaCo2,TRUE
NbHO3,TRUE
NbHg3F6,TRUE
NbOsPb,TRUE
NbPt2,TRUE
NbRu2Cl,TRUE
NbSe2,FALSE
NbSi2,TRUE
NbSiIr,TRUE
NbSnIr,FALSE
Nd(Al4Co)2,TRUE
Nd(AsPd)2,TRUE
Nd(CoGe)2,TRUE
Nd(CoSi)2,TRUE
Nd(CrSi)2,TRUE
Nd(GePt)2,TRUE
Nd(InS2)3,FALSE
Nd(NiSn)2,TRUE
Nd(PRu)2,TRUE
Nd(Re2Si)2,TRUE
Nd(SiIr)2,TRUE
Nd1.33Lu0.67S3,FALSE
Nd10Se14O,FALSE
Nd2(SnSe3)3,FALSE
Nd2BC,TRUE
Nd2CdIn,TRUE
Nd2Fe14B,TRUE
Nd2Ge5Rh3,TRUE
Nd2HfS5,FALSE
Nd2IrPd,TRUE
Nd2Ni7P4,TRUE
Nd2O3,FALSE
Nd2Ru2O7,TRUE
Nd2S3,FALSE
Nd2Se3,FALSE
Nd2Te3,FALSE
Nd2WC2,TRUE
Nd2ZnGa,TRUE
Nd2ZrS5,FALSE
Nd3(GeRu)2,TRUE
Nd3AlC,TRUE
Nd3Ge5,TRUE
Nd3In,TRUE
Nd3Ni13B2,TRUE
Nd3Te4,FALSE
Nd3Zr,TRUE
Nd4(GeS4)3,FALSE
Nd4Ge3Rh4,TRUE
Nd4InSbSe9,FALSE
Nd4Mg3Co2,TRUE
Nd4MgRu,TRUE
Nd4O3F7,TRUE
Nd5Ge3,TRUE
Nd5Ge4,TRUE
NdAgAs2,TRUE
NdAgPb,TRUE
NdAl4Ge2Au,TRUE
NdAl7Au3,TRUE
NdAs,FALSE
NdAu3,TRUE
NdB6,FALSE
NdBRh3,TRUE
NdBi,TRUE
NdCrGe3,TRUE
NdCu3(RuO3)4,TRUE
NdCuSO,FALSE
NdCuTeO,FALSE
NdErTl2,TRUE
NdErZn2,TRUE
NdF3,FALSE
NdFeSi2,TRUE
NdGa2Ni,TRUE
NdGaO3,TRUE
NdIn3,TRUE
NdIn5Rh,TRUE
NdInAu,TRUE
NdInCu,TRUE
NdLuSe3,FALSE
NdMg2,TRUE
NdMg2Ni9,TRUE
NdMgNi4,TRUE
NdMnSbO,TRUE
NdMoO4F,FALSE
NdNiC2,TRUE
NdO2,TRUE
NdPt,TRUE
NdRh,TRUE
NdSb,TRUE
NdSbPd,TRUE
NdScGe,TRUE
NdSmHg2,TRUE
NdSn2,TRUE
NdSnRh,TRUE
NdTe,TRUE
NdTe2,FALSE
NdTiGe,TRUE
NdTlAg2,TRUE
NdTlPd,TRUE
NdZn2Ag,TRUE
Ni(CN)2,FALSE
Ni(PO3)4,TRUE
Ni23B6,TRUE
Ni2Ge,TRUE
Ni2Mo3N,TRUE
Ni2Mo4C,TRUE
Ni2Mo4N,TRUE
Ni2PO5,TRUE
Ni2Te3O8,FALSE
Ni3Ge,TRUE
Ni3Pt,TRUE
Ni3S4,TRUE
Ni3SnN,TRUE
Ni4(BiO2)9,TRUE
Ni4(PO4)3,TRUE
Ni7(P2O7)4,TRUE
NiAgO2,TRUE
NiAsO3,TRUE
NiCO4,TRUE
NiGe,TRUE
NiGePt2,TRUE
NiI,TRUE
NiN,TRUE
NiO,FALSE
NiP2,FALSE
NiS2,FALSE
NiTe,FALSE
OsS2,FALSE
P2H12N7Cl,TRUE
P2H4RhO9,TRUE
P2Ir,FALSE
P2O5,TRUE
P2Os,FALSE
P2Pd,FALSE
P2Pd3S8,FALSE
P2Pt,FALSE
P2Rh,FALSE
P2Ru,FALSE
P2Se3,FALSE
P2Se5,FALSE
P4Os,FALSE
P4Ru,FALSE
PH2NO2,TRUE
PH6NO4,FALSE
PHPbO3,FALSE
POsS,FALSE
POsSe,FALSE
PPdS,FALSE
PPdSe,FALSE
PRuS,FALSE
PSe,FALSE
PW5O17,TRUE
Pb17(Cl9O4)2,FALSE
Pb1Se0.01S0.99,FALSE
Pb1Se0.5S0.5,FALSE
Pb1Se0.95S0.05,FALSE
Pb1Se0.99S0.01,FALSE
Pb1Se0.9S0.1,FALSE
Pb2O3,FALSE
Pb2SeN2O9,FALSE
Pb3O4,FALSE
Pb3Se2(BrO3)2,FALSE
PbBr2,FALSE
PbCl2,FALSE
PbI2,FALSE
PbN6,FALSE
PbO2,FALSE
PbS,FALSE
PbSe,FALSE
PbSeO4,FALSE
Pd(IO3)2,FALSE
Pd16S7,TRUE
Pd2N,TRUE
Pd3(PbS)2,TRUE
PdO,FALSE
PdPb2,TRUE
PdS,FALSE
PdS2,FALSE
PdSe,FALSE
PdSe2,FALSE
Pm2CuGe,TRUE
Pm2IrRh,TRUE
Pm2NiRh,TRUE
Pm2PtAu,TRUE
Pm3I,TRUE
PmCd3,TRUE
PmCdPd2,TRUE
PmDy3,TRUE
PmGaAu2,TRUE
PmHgAu2,TRUE
PmMgAu2,TRUE
PmMgCd2,TRUE
PmMgRh2,TRUE
PmSbRh2,TRUE
PmSnRh2,TRUE
Pr(BRu)2,TRUE
Pr(BiO3)2,TRUE
Pr(CoAs)2,TRUE
Pr(CoGe)2,TRUE
Pr(FeSi)2,TRUE
Pr(InS2)3,FALSE
Pr(MnSi)2,TRUE
Pr1.29Lu0.71S3,FALSE
Pr10Se14O,FALSE
Pr1Te1.9,FALSE
Pr27Se40,TRUE
Pr2Au,TRUE
Pr2CdSn,TRUE
Pr2Co12P7,TRUE
Pr2Ge2Se7,FALSE
Pr2GeSe5,FALSE
Pr2HgPb,TRUE
Pr2InGe2,TRUE
Pr2InPd2,TRUE
Pr2Ir2O7,TRUE
Pr2S3,FALSE
Pr2Se3,FALSE
Pr2Te3,FALSE
Pr2Te4O11,FALSE
Pr3(Al2Si3)2,TRUE
Pr3Cd,TRUE
Pr3I,TRUE
Pr4InSbSe9,FALSE
Pr4MgRu,TRUE
Pr4Sb3,TRUE
Pr4Te7,FALSE
Pr5In11Ni6,TRUE
Pr5Si4,TRUE
Pr6Fe13Si,TRUE
Pr7Mn8O24,TRUE
Pr9(SbO)5,TRUE
PrAgAs2,TRUE
PrAl3Ni2,TRUE
PrAs,FALSE
PrAu,TRUE
PrB4,TRUE
PrB6,FALSE
PrBN2,FALSE
PrBPt4,TRUE
PrCd,TRUE
PrCo4B,TRUE
PrCuSO,FALSE
PrErIn2,TRUE
PrErMg2,TRUE
PrF3,FALSE
PrFeGe2,TRUE
PrGaAu2,TRUE
PrGe3,TRUE
PrGe5,TRUE
PrGeAu,TRUE
PrIn,TRUE
PrInAu2,TRUE
PrIr2,TRUE
PrLuIn2,TRUE
PrLuSe3,FALSE
PrMgAg2,TRUE
PrMgGa,TRUE
PrMo3,TRUE
PrMoO4F,FALSE
PrNiGe2,TRUE
PrO,FALSE
PrP,TRUE
PrSb,FALSE
PrSbPt,TRUE
PrSm3,TRUE
PrSmO2,TRUE
PrTaN2O,FALSE
PrTe2,FALSE
PrTl2InSe4,FALSE
PrTlSe2,FALSE
PrTmTl2,TRUE
PrZn,TRUE
Pt0.97S2,FALSE
Pt3Pb,TRUE
Pt3PbC,TRUE
PtN,TRUE
PtS,FALSE
PtS2,FALSE
PtSe2,FALSE
Rb1.45Sb7.45Pb3.1Se15,FALSE
Rb1.54Cd1.54Bi2.46S6,FALSE
Rb15Hg16,TRUE
Rb28(Mg3In17)3,TRUE
Rb2AgPS4,FALSE
Rb2BaNb2Se11,FALSE
Rb2Cd(IBr)2,FALSE
Rb2Cd(PSe3)2,FALSE
Rb2Cd3(B4O7)4,FALSE
Rb2Cd3S4,FALSE
Rb2Cd3Se4,FALSE
Rb2Cd3Te4,FALSE
Rb2CrF6,TRUE
Rb2Cu2Sb2S5,FALSE
Rb2Cu2SnS4,FALSE
Rb2FeI4,TRUE
Rb2GeB4O9,FALSE
Rb2Hg(PSe3)2,FALSE
Rb2Hg3(GeS4)2,FALSE
Rb2Mo3Se3O16,FALSE
Rb2Mo9Se10,TRUE
Rb2Na2IrO4,TRUE
Rb2NaNiF6,TRUE
Rb2NaVF6,TRUE
Rb2NbCuS4,FALSE
Rb2NbCuSe4,FALSE
Rb2PS5,FALSE
Rb2Pt(IO3)6,FALSE
Rb2SCl6F,TRUE
Rb2Sn2Hg3S8,FALSE
Rb2Sn3(SbS5)2,FALSE
Rb2Tb3AlF16,TRUE
Rb2Te,FALSE
Rb2TeBr6,FALSE
Rb2TeI6,FALSE
Rb2Ti(AgS2)2,FALSE
Rb2Ti(CuS2)2,FALSE
Rb2VAgS4,FALSE
Rb2VCuS4,FALSE
Rb2Zn3(SeO3)4,FALSE
Rb3(Cu4S3)2,TRUE
Rb3Ag9(PS4)4,FALSE
Rb3Al3Ge7S20,FALSE
Rb3Al3Ge7Se20,FALSE
Rb3Bi2Br9,FALSE
Rb3Bi2I9,FALSE
Rb3Cd(BO2)5,FALSE
Rb3Ga,TRUE
Rb3Li4(BO2)7,FALSE
Rb3Mn,TRUE
Rb3Na(MoO4)2,FALSE
Rb3Nb2AsSe11,FALSE
Rb3Sb,FALSE
Rb3Sb2Br9,FALSE
Rb3Sb2I9,FALSE
Rb3Sm,TRUE
Rb3Ta2AsS11,FALSE
Rb3Tm,TRUE
Rb3Zn(BO2)5,FALSE
Rb4Ag9(SbS3)4,FALSE
Rb4CuSi2O7,TRUE
Rb4Ga4Si19,FALSE
Rb4Ge(PSe3)4,FALSE
Rb4Ge3B6O17,FALSE
Rb4Mo5(PO11)2,FALSE
Rb4Ti3S14,FALSE
Rb5(W4O15)2,TRUE
Rb5(WO3)18,TRUE
Rb5B(SO4)4,FALSE
Rb5Li6(BO2)11,FALSE
Rb5Tl3O,TRUE
Rb6O,TRUE
Rb7Th2(P2Se7)3,FALSE
Rb9Bi13S24,FALSE
RbAg2SbS4,FALSE
RbAg2TeS6,FALSE
RbAg5(PS4)2,FALSE
RbAgF3,TRUE
RbB5(H2O3)4,TRUE
RbBa2(PO3)5,FALSE
RbBi2,TRUE
RbBi3Se5,FALSE
RbBi3TeSe4,FALSE
RbBiS2,FALSE
RbBiSe2,FALSE
RbBr,FALSE
RbBr3,TRUE
RbC8,TRUE
RbCaBO3,FALSE
RbCd(BO2)3,FALSE
RbCd13,TRUE
RbCd4Ga5S12,FALSE
RbCd4Ga5Se12,FALSE
RbCd4Ga5Te12,FALSE
RbCd4In5Se12,FALSE
RbCl,FALSE
RbCu(SbS2)2,FALSE
RbCu2AsS3,FALSE
RbCu2SbS3,FALSE
RbCu4AsS4,FALSE
RbCuPdF5,TRUE
RbCuSnS3,FALSE
RbCuSnSe3,FALSE
RbEuO2,TRUE
RbF,FALSE
RbF3,TRUE
RbGaSnSe4,FALSE
RbGe3,TRUE
RbGeB3O7,FALSE
RbH2(IO3)3,FALSE
RbH3(SeO3)2,FALSE
RbHg3,TRUE
RbHgSbTe3,FALSE
RbI,FALSE
RbIn4,TRUE
RbIn5S6,FALSE
RbInGeS4,FALSE
RbInS2,FALSE
RbInSnS4,FALSE
RbInTe3O8,FALSE
RbLiCO3,FALSE
RbMn4Ga5Te12,FALSE
RbMn4In5Se12,FALSE
RbMnTe2,TRUE
RbMoPO6,FALSE
RbNa2NiO2,TRUE
RbNa2Sb,FALSE
RbNb3(TeO6)2,FALSE
RbNb4Br11,FALSE
RbNbSe2O7,FALSE
RbPPbO4,FALSE
RbPSe6,FALSE
RbPdF3,TRUE
RbSbO3,TRUE
RbSbS2,FALSE
RbSbSe2,FALSE
RbSbTe2,FALSE
RbSc(SeO3)2,FALSE
RbTa3(TeO6)2,FALSE
RbTbSe2,FALSE
RbTiBr3,TRUE
RbTmO3,TRUE
RbU2SbS8,TRUE
RbUAgS3,TRUE
RbV(CuS2)2,FALSE
RbVP2S7,TRUE
RbWO3,TRUE
RbY(TeO3)2,FALSE
RbYbZnSe3,FALSE
RbZn4In5Se12,FALSE
RbZrPSe6,FALSE
Re(TeCl6)2,TRUE
Re2PbO6,TRUE
Re2RuBr,TRUE
Re2W3C,TRUE
Re3As7,TRUE
Re3F,TRUE
Re3P4,TRUE
Re5(NiAs6)2,TRUE
ReBiO3,TRUE
ReCl4,TRUE
ReF6,TRUE
ReIr3,TRUE
ReO3,FALSE
ReOsRu,TRUE
RePO5,TRUE
ReS2,FALSE
ReSe2,FALSE
ReSi2,FALSE
ReSn3,TRUE
Rh0.67S2,FALSE
Rh0.67Se2,FALSE
Rh2S3,FALSE
Rh3Pb,TRUE
Rh7(PbO5)3,TRUE
RhS3,FALSE
RhSe2,FALSE
RhSe3,FALSE
RhSeS,FALSE
Ru3Cl,TRUE
RuCl3,TRUE
RuS2,FALSE
RuSe2,FALSE
Sb2I2F11,TRUE
Sb2O3,FALSE
Sb2Os,FALSE
Sb2PbSe4,FALSE
Sb2Pt,FALSE
Sb2Ru,FALSE
Sb2S3,FALSE
Sb2Se3,FALSE
Sb2Te,TRUE
Sb2Te3,FALSE
Sb2XeF14,TRUE
Sb3IO4,FALSE
Sb4Pb4S11,TRUE
Sb5IO7,FALSE
Sb6Pb4Se13,FALSE
Sb6Pb6Se17,FALSE
Sb8I2O11,FALSE
SbAs,FALSE
SbI3,FALSE
SbOsS,FALSE
SbOsSe,FALSE
SbPb2S2I3,FALSE
SbPbBrO2,FALSE
SbPbIO2,FALSE
SbPd3,TRUE
SbPt3,TRUE
SbRh3,TRUE
SbRuSe,FALSE
SbSBr,FALSE
SbSI,FALSE
SbSeBr,FALSE
SbSeI,FALSE
SbTeI,FALSE
SbTeOs,FALSE
SbTeRh,FALSE
SbTeRu,FALSE
Sc(CuSe)3,FALSE
Sc(GaFe)6,TRUE
Sc(TiN)9,TRUE
Sc(VGa2)2,TRUE
Sc11(AlGe4)2,TRUE
Sc14Cu14O37,TRUE
Sc2(PO4)3,TRUE
Sc2Al3Ru,TRUE
Sc2CuRu,TRUE
Sc2Fe,FALSE
Sc2FeB2Ir5,TRUE
Sc2GaAg,TRUE
Sc2GaIr,TRUE
Sc2MnC,TRUE
Sc2O3,FALSE
Sc2S3,FALSE
Sc2TlTc,TRUE
Sc3(MnGa3)2,TRUE
Sc3(ReSi2)2,TRUE
Sc3BPb,TRUE
Sc3C4,TRUE
Sc3Fe2Si3,TRUE
Sc3GaC,TRUE
Sc3PbC,TRUE
Sc4Ge6Rh7,TRUE
Sc5Bi3,TRUE
Sc5NCl8,TRUE
Sc5Pb3,TRUE
Sc6FeSb2,TRUE
Sc6NiTe2,TRUE
Sc6Te2Os,TRUE
Sc7CI12,TRUE
Sc8Te3,TRUE
ScAg,TRUE
ScAg(PSe3)2,FALSE
ScAgO2,FALSE
ScAlNi2,TRUE
ScBIr3,TRUE
ScBPd3,TRUE
ScBe5,TRUE
ScCd,FALSE
ScCdAg2,TRUE
ScCdHg2,TRUE
ScCoGe2,TRUE
ScCoO3,TRUE
ScCrO4,TRUE
ScCu2,TRUE
ScCuO2,FALSE
ScGa2,TRUE
ScGe2,TRUE
ScHg,FALSE
ScIr,TRUE
ScN,FALSE
ScNiSb,FALSE
ScPPt,TRUE
ScRh,TRUE
ScRh3C,TRUE
ScSbPd,FALSE
ScSbRh2,TRUE
ScSbRu2,TRUE
ScSi3Ni,TRUE
ScSnPd,TRUE
ScTa2NO5,FALSE
ScTiNbO6,FALSE
ScTiO3,TRUE
ScTlS2,FALSE
ScTlSe2,FALSE
ScTlTe2,FALSE
ScZn2,TRUE
ScZn3,TRUE
ScZnNi2,TRUE
ScZnPt2,TRUE
SeS,FALSE
Si(Bi3O5)4,FALSE
Si0.001Ge0.999,FALSE
Si0.03Ge0.97,FALSE
Si0.0645Ge0.9355,FALSE
Si0.07Ge0.93,FALSE
Si0.08Ge0.92,FALSE
Si0.109Ge0.891,FALSE
Si0.12Ge0.88,FALSE
Si0.162Ge0.838,FALSE
Si0.1Ge0.9,FALSE
Si0.226Ge0.774,FALSE
Si0.2Ge0.8,FALSE
Si0.347Ge0.653,FALSE
Si0.3Ge0.7,FALSE
Si0.458Ge0.542,FALSE
Si0.4Ge0.6,FALSE
Si0.6Ge0.4,FALSE
Si0.7Ge0.3,FALSE
Si0.8Ge0.2,FALSE
Si0.94Ge0.06,FALSE
Si0.98Ge0.02,FALSE
Si0.999Ge0.001,FALSE
Si0.9Ge0.1,FALSE
Si15(TeP2)4,FALSE
Si2Ni6B,TRUE
Si2NiP3,TRUE
Si2Pd9,TRUE
Si2Ru,TRUE
Si2SbO6,TRUE
Si2Te3,FALSE
Si3N4,FALSE
Si3Ru2,FALSE
SiAs,FALSE
SiAs2,FALSE
SiAu3,TRUE
SiB3,FALSE
SiBi3O7,TRUE
SiGe,FALSE
SiHg3,TRUE
SiP,FALSE
SiP2,FALSE
SiSb,FALSE
SiSb3,TRUE
SiSe2,FALSE
SiSn,FALSE
SiTe2,FALSE
SiTe2Os,TRUE
SiW3,TRUE
Sm(BOs)2,TRUE
Sm(CoSi)2,TRUE
Sm(CuO2)2,TRUE
Sm(CuS)3,FALSE
Sm(CuTe)3,FALSE
Sm(ErSe2)3,FALSE
Sm(InS2)3,FALSE
Sm(MnGe)2,TRUE
Sm(NiSn)2,TRUE
Sm(SiAg)2,TRUE
Sm(SiNi)2,TRUE
Sm1.82Lu2.18Se6,FALSE
Sm2(PPt2)3,TRUE
Sm2(SnSe3)3,FALSE
Sm2AgRu,TRUE
Sm2AlCd,TRUE
Sm2Cu4Sn5,TRUE
Sm2CuAs3O,TRUE
Sm2Fe17,TRUE
Sm2IO2,TRUE
Sm2In,TRUE
Sm2IrPd,TRUE
Sm2Mn3(SbS3)4,FALSE
Sm2Mo2O7,TRUE
Sm2O3,FALSE
Sm2Pd2Pb,TRUE
Sm2RuAu,TRUE
Sm2S3,FALSE
Sm2Sc3,FALSE
Sm2Se3,FALSE
Sm2Te3,FALSE
Sm2Tl,TRUE
Sm2TlHg,TRUE
Sm2TlZn,TRUE
Sm2ZrSe5,FALSE
Sm3(Sb7Te12)2,TRUE
Sm3Al,TRUE
Sm3Al0.33Si1S7,FALSE
Sm3AlN,TRUE
Sm3B(SO)3,FALSE
Sm3OsO7,TRUE
Sm3Sc,TRUE
Sm3Te4,FALSE
Sm3Zr,TRUE
Sm4Al23Ni6,TRUE
Sm4GaSbS9,FALSE
Sm4In21Pd10,TRUE
Sm4InSbS9,FALSE
Sm4MgRh,TRUE
Sm4U4O17,TRUE
Sm5Br11,TRUE
Sm6Br13,TRUE
SmAg,TRUE
SmAlCu,TRUE
SmAs,FALSE
SmAs2Au,TRUE
SmAu3,TRUE
SmB(SbO4)2,FALSE
SmB6,FALSE
SmB66,FALSE
SmBPd3,TRUE
SmBiW2O9,FALSE
SmC10,TRUE
SmCdHg2,TRUE
SmCo2,TRUE
SmCo3B2,TRUE
SmCoC2,TRUE
SmCrGe3,TRUE
SmCuO3,TRUE
SmCuSO,FALSE
SmCuSe2,FALSE
SmCuSeO,FALSE
SmCuSi,TRUE
SmErMg2,TRUE
SmHg3,TRUE
SmHgPd,TRUE
SmHoHg2,TRUE
SmHoZn2,TRUE
SmIn2Rh,TRUE
SmInAu,TRUE
SmLuTl2,TRUE
SmMg3,TRUE
SmMgHg2,TRUE
SmNi2B2C,TRUE
SmNiAs,TRUE
SmNiC2,TRUE
SmP,FALSE
SmPbAu,TRUE
SmS,FALSE
SmSb,FALSE
SmSb2,TRUE
SmSe,FALSE
SmSi3Pt5,TRUE
SmSnPd,TRUE
SmSnRh2,TRUE
SmSnTe2,FALSE
SmTe,FALSE
SmTh3,TRUE
SmTmZn2,TRUE
Sn(PO3)3,TRUE
Sn0.001Pb0.999Se1,FALSE
Sn0.001Te1Pb0.999,FALSE
Sn0.01Pb0.99Se1,FALSE
Sn0.01Te1Pb0.99,FALSE
Sn0.03Pb0.97Se1,FALSE
Sn0.03Te1Pb0.97,FALSE
Sn0.05Pb0.95Se1,FALSE
Sn0.06Pb0.94Se1,FALSE
Sn0.06Te1Pb0.94,FALSE
Sn0.07Pb0.93Se1,FALSE
Sn0.08Pb0.92Se1,FALSE
Sn0.08Te0.08Pb0.92Se0.92,FALSE
Sn0.08Te1Pb0.92,FALSE
Sn0.13Pb0.87Se1,FALSE
Sn0.15Pb0.85Se1,FALSE
Sn0.15Te0.15Pb0.85Se0.85,FALSE
Sn0.15Te1Pb0.85,FALSE
Sn0.17Pb0.83Se1,FALSE
Sn0.17Te1Pb0.83,FALSE
Sn0.1Pb0.9Se1,FALSE
Sn0.1Te1Pb0.9,FALSE
Sn0.23Te1Pb0.77,FALSE
Sn0.25Pb0.75Se1,FALSE
Sn0.25Te1Pb0.75,FALSE
Sn0.28Te0.28Pb0.72Se0.72,FALSE
Sn0.2Pb0.8Se1,FALSE
Sn0.2Te0.2Pb0.8Se0.8,FALSE
Sn0.2Te1Pb0.8,FALSE
Sn0.35Te0.35Pb0.65Se0.65,FALSE
Sn0.99Te1Pb0.01,FALSE
Sn1Se0.01S0.99,FALSE
Sn1Se0.2S0.8,FALSE
Sn1Se0.6S0.4,FALSE
Sn1Se0.75S0.25,FALSE
Sn1Se0.99S0.01,FALSE
Sn2BiS2I3,FALSE
Sn2BiSI5,FALSE
Sn2S,FALSE
Sn2SbS2I3,FALSE
Sn2WO5,FALSE
Sn3As2,FALSE
Sn3Ir2Se3,FALSE
Sn3P3O13,TRUE
Sn3Pd,TRUE
Sn3WO6,FALSE
Sn5(BIr3)2,TRUE
Sn5(BRh3)2,TRUE
SnAs3,TRUE
SnB,TRUE
SnBr2,FALSE
SnCl2,FALSE
SnGe,FALSE
SnGeS3,FALSE
SnHgO3,FALSE
SnI2,FALSE
SnI4,FALSE
SnO,FALSE
SnO2,FALSE
SnPbS3,FALSE
SnPt3C,TRUE
SnRh,TRUE
SnS,FALSE
SnS2,FALSE
SnSb3(PO4)4,TRUE
SnSe,FALSE
SnSe2,FALSE
SnTe,FALSE
Sr(CeS2)2,TRUE
Sr(CeSe2)2,TRUE
Sr(CoP)2,TRUE
Sr(GaAu)2,TRUE
Sr(In4Rh)2,TRUE
Sr(LaS2)2,FALSE
Sr(NdS2)2,FALSE
Sr(PrS2)2,FALSE
Sr(RuO3)2,TRUE
Sr(Sb3Ru)4,TRUE
Sr(YbS2)2,TRUE
Sr0.5Ta1O3,FALSE
Sr10Al4Si6O,TRUE
Sr2Be2B2O7,FALSE
Sr2Co2O5,TRUE
Sr2CoReO6,TRUE
Sr2Cu(ClO)2,TRUE
Sr2GaCo2O7,TRUE
Sr2GeN2,TRUE
Sr2HoRuO6,TRUE
Sr2La2.58Bi5.42S14,FALSE
Sr2La2Pt1O7.13,FALSE
Sr2Li2Nb3O10,TRUE
Sr2MgIrO6,TRUE
Sr2MgReO6,TRUE
Sr2Pr2Pt1O7.07,FALSE
Sr2ScSbO6,FALSE
Sr2SmTaO6,FALSE
Sr2TiO4,FALSE
Sr2V2(SeO5)3,FALSE
Sr2V3Se5O18,FALSE
Sr2YBi2O7,TRUE
Sr2YReO6,TRUE
Sr2ZnReO6,TRUE
Sr3(AlSn)2,TRUE
Sr3(SnIr)4,TRUE
Sr3Bi(PO4)3,FALSE
Sr3Co2S2O5,TRUE
Sr3Eu(PO4)3,FALSE
Sr3Ge(SbSe4)2,FALSE
Sr3Li4La5O12,TRUE
Sr3Sb2,TRUE
Sr3ScNiO6,TRUE
Sr3Se3ClO8,FALSE
Sr3Ti2O7,FALSE
Sr4Ga8Ge15,FALSE
Sr4Te3(ClO2)4,FALSE
Sr4V2(Se2O7)3,FALSE
Sr5Bi3,TRUE
Sr5Cd2Sb5F,TRUE
Sr5Sn3,TRUE
Sr5V3O12F,FALSE
Sr6Nb7O21,TRUE
Sr7Bi23O40,TRUE
Sr8(MnN3)3,TRUE
Sr8.007Ge2.043Bi7.949Se24,FALSE
Sr8Al7,TRUE
Sr8Co8O23,TRUE
Sr8Fe3N8,TRUE
SrAg,TRUE
SrAl,TRUE
SrB2,TRUE
SrB6,FALSE
SrBiClO2,FALSE
SrCd,TRUE
SrCdSi,TRUE
SrCrO4,FALSE
SrCuBi,TRUE
SrGe2,FALSE
SrIn2,TRUE
SrIn2(GeIr)4,FALSE
SrIn2Ir,TRUE
SrIn2Rh,TRUE
SrIn4Ir,TRUE
SrIn4Pt,TRUE
SrLa3MnO8,TRUE
SrLaMn2O6,TRUE
SrLi2Sn,TRUE
SrLi4(BO3)2,FALSE
SrMgIn3,TRUE
SrMgSnSe4,FALSE
SrMnGe,TRUE
SrN2,TRUE
SrNi2(PO4)2,TRUE
SrNi5As3,TRUE
SrO,FALSE
SrPb3,TRUE
SrPb3Br8,FALSE
SrPbO3,FALSE
SrRhF6,TRUE
SrS,FALSE
SrSbAu,TRUE
SrSe,FALSE
SrSeO4,FALSE
SrSiPd,TRUE
SrSnO3,FALSE
SrSnP,TRUE
SrTaNO2,FALSE
SrTe,FALSE
SrTh(PS4)2,FALSE
SrTiO3,FALSE
SrTl2,TRUE
SrTlHg2,TRUE
SrUS2,TRUE
SrV13O18,TRUE
SrZnSO,FALSE
SrZnSb2,TRUE
SrZr2Nb,TRUE
SrZrS3,FALSE
Ta11(CuO15)2,FALSE
Ta11(CuO6)5,FALSE
Ta22(CuS12)3,TRUE
Ta2Mn3O8,FALSE
Ta2MoOs,TRUE
Ta2N,TRUE
Ta2Nb3O12,TRUE
Ta2O5,FALSE
Ta2OsW,TRUE
Ta2PtSe7,TRUE
Ta2TiN3,TRUE
Ta2Tl4S11,FALSE
Ta2TlO6,TRUE
Ta3B4,TRUE
Ta3P,TRUE
Ta4AlC3,TRUE
Ta4Cu2O11,FALSE
Ta4FeTe4,TRUE
Ta4N5,TRUE
Ta5N6,TRUE
Ta6Be15Cu8,TRUE
Ta6Ni16Ge7,TRUE
Ta7Cu3O19,FALSE
TaAl3,TRUE
TaAlPt,TRUE
TaAs,TRUE
TaBe2,TRUE
TaCoSn2,TRUE
TaCu3S4,FALSE
TaF3,TRUE
TaGaPt,TRUE
TaGaS2,FALSE
TaGaSe2,FALSE
TaInNi,TRUE
TaN,FALSE
TaNO,FALSE
TaNiB2,TRUE
TaPd3,TRUE
TaPt3,TRUE
TaRh3,TRUE
TaTiFe2,TRUE
TaTl3S4,FALSE
TaTlS3,FALSE
TaW3,TRUE
Tb(Al2Fe)4,TRUE
Tb(AlC)3,TRUE
Tb(CoB)2,TRUE
Tb(CoGe)2,TRUE
Tb(CuSe)3,FALSE
Tb(CuTe)3,FALSE
Tb(FeP3)4,TRUE
Tb(GePd)2,TRUE
Tb(GeRh)2,TRUE
Tb(InS2)3,FALSE
Tb(MnGe)6,TRUE
Tb(Ni2P)2,TRUE
Tb0.52Pr2.48Ga1.67S7,FALSE
Tb10B7C10,TRUE
Tb11S16,TRUE
Tb2(MoO4)3,FALSE
Tb2AlCo2,TRUE
Tb2C3,TRUE
Tb2EuSe4,FALSE
Tb2GeS5,FALSE
Tb2In16Pt7,TRUE
Tb2O3,FALSE
Tb2Sb5,TRUE
Tb2SbO2,TRUE
Tb2Ti3Ge4,TRUE
Tb3(MnC3)2,TRUE
Tb3FeB7,TRUE
Tb3Ge5,TRUE
Tb3Ni13B2,TRUE
Tb3ReO7,TRUE
Tb3Si,TRUE
Tb4Al2O9,FALSE
Tb4GaSbS9,FALSE
Tb5Ti5O17,TRUE
Tb5Tl3,TRUE
Tb6PbSe10,TRUE
TbB(SbO4)2,FALSE
TbBRh3,TRUE
TbBe13,TRUE
TbCl,TRUE
TbCo2,TRUE
TbCu5,TRUE
TbGa,TRUE
TbGa2Co3,TRUE
TbGa3,TRUE
TbH2,TRUE
TbHg2,TRUE
TbIn2Ni,TRUE
TbInAg2,TRUE
TbInIr,TRUE
TbMn5Ge3,TRUE
TbNi5,TRUE
TbNiGe2,TRUE
TbNiO3,TRUE
TbP,TRUE
TbPt,TRUE
TbRh2,TRUE
TbSb2,TRUE
TbSe2,TRUE
TbSnAu,TRUE
TbTe,TRUE
TbTl,TRUE
TbWClO4,FALSE
TbYHg2,TRUE
TbYbHg2,TRUE
TbYbRh2,TRUE
TbZn2,TRUE
TbZrSb,TRUE
Tc3Pd,TRUE
TcB,TRUE
TcS2,FALSE
TcSe2,FALSE
Te0.01Pb1Se0.99,FALSE
Te0.05Pb1Se0.95,FALSE
Te0.4Se0.6,FALSE
Te0.5Pb1Se0.5,FALSE
Te0.5Se0.5,FALSE
Te0.6Se0.4,FALSE
Te0.8Se0.2,FALSE
Te0.99Pb1Se0.01,FALSE
Te2Au,TRUE
Te2Mo,FALSE
Te2Mo(WS2)3,TRUE
Te2Mo2WSe4,TRUE
Te2Mo3Se4,TRUE
Te2MoWS2,TRUE
Te2Os,FALSE
Te2Pd,FALSE
Te2Pd3,TRUE
Te2Pd3Pb2,TRUE
Te2Ru,FALSE
Te2W2SeS,TRUE
Te3As2,FALSE
Te3MoWS,TRUE
Te4Mo(WS)2,TRUE
Te4MoW3S4,TRUE
TeAs,FALSE
TeI,FALSE
TeI4,FALSE
TeMoSe,TRUE
TeO2,FALSE
TePb,FALSE
TePb3Cl4O3,FALSE
TePd,TRUE
TeSe,FALSE
TeSe3,FALSE
TeWCl9,TRUE
Th(Al2Fe)4,TRUE
Th(Al5Fe)2,TRUE
Th(FeGe)2,TRUE
Th(FeSi)2,TRUE
Th(GePd)2,TRUE
Th(MnGe)2,TRUE
Th(SiRu)2,TRUE
Th2CrN3,TRUE
Th2Fe7,TRUE
Th2GeSe2,FALSE
Th2In,TRUE
Th2Se5,FALSE
Th3B2C3,TRUE
Th6Mg23,TRUE
ThAl,TRUE
ThAl3,TRUE
ThAsSe,TRUE
ThBi2,TRUE
ThCrB4,TRUE
ThFe2SiC,TRUE
ThHg2,TRUE
ThIr5,TRUE
ThMn4(CuO4)3,TRUE
ThO2,FALSE
ThPSe,TRUE
ThPd3,TRUE
ThRh2,TRUE
ThRu3C,TRUE
ThS,TRUE
ThSO,FALSE
ThSeO,FALSE
ThSi,TRUE
ThSi2Ru3,TRUE
ThTeO,FALSE
ThU8O18,TRUE
Ti(Bi3O5)4,FALSE
Ti10O11,TRUE
Ti11O18,TRUE
Ti13S24,TRUE
Ti1C0.9,FALSE
Ti20(Sb3Se)3,TRUE
Ti2AlV,TRUE
Ti2B,TRUE
Ti2BRh6,TRUE
Ti2Be17,TRUE
Ti2C,TRUE
Ti2Cd,TRUE
Ti2CoGe,TRUE
Ti2CoS4,TRUE
Ti2CuS4,TRUE
Ti2MnFe,TRUE
Ti2NiH,TRUE
Ti2NiSe4,TRUE
Ti2OsRu,TRUE
Ti2RePd,TRUE
Ti2ReRh,TRUE
Ti2ReRu,TRUE
Ti2Sb(PO4)3,TRUE
Ti2TcNi,TRUE
Ti2TcPd,TRUE
Ti2ZnS4,TRUE
Ti3Be,TRUE
Ti3Cu3O,TRUE
Ti3Fe3O,TRUE
Ti3PO7,TRUE
Ti3Pt5,TRUE
Ti3SnC2,TRUE
Ti4NiBi2,TRUE
Ti4O5,TRUE
Ti4ZnO8,TRUE
Ti5(B6O13)2,TRUE
Ti5Zn4(TeO6)3,TRUE
Ti5ZnO7,TRUE
Ti6H2O13,FALSE
Ti9O10,TRUE
Ti9O8,TRUE
TiAl,TRUE
TiAlAu2,TRUE
TiAsRh,TRUE
TiAuCl,TRUE
TiBi25O39,FALSE
TiBr2,TRUE
TiC,TRUE
TiCoGe,TRUE
TiCoSb,FALSE
TiCoSn,TRUE
TiCr3(PO4)6,TRUE
TiFe2,TRUE
TiFe2As,TRUE
TiFe2Sb,TRUE
TiFe2Si,FALSE
TiFeH2,TRUE
TiGaIr2,TRUE
TiHgO3,TRUE
TiI,TRUE
TiMn2Al,TRUE
TiMn2Ge,TRUE
TiNiSb,FALSE
TiO2,FALSE
TiOs3,TRUE
TiPO4,TRUE
TiPd,TRUE
TiReN3,TRUE
TiS2,FALSE
TiS3,FALSE
TiSe,TRUE
TiSe2,FALSE
TiTc2Sb,TRUE
TiTe2,FALSE
TiTlPS5,FALSE
TiTlS2,FALSE
TiTlSe2,FALSE
TiV4CuO12,TRUE
TiZn3,TRUE
Tl(Cu3S2)2,TRUE
Tl(MoSe)3,TRUE
Tl(WO3)3,TRUE
Tl0.001Te1Pb0.999,FALSE
Tl0.005Te1Pb0.995,FALSE
Tl0.01Te1Pb0.99,FALSE
Tl0.04Te1Pb0.96,FALSE
Tl0.07Te1Pb0.93,FALSE
Tl16O15F17,TRUE
Tl2.35Sb8.65Se14,FALSE
Tl2BiP2S7,FALSE
Tl2CdTe4,TRUE
Tl2Cu2SnS4,FALSE
Tl2GeTe3,FALSE
Tl2Hg3S4,FALSE
Tl2Hg3Se4,FALSE
Tl2Hg3Te4,FALSE
Tl2InGaSe4,FALSE
Tl2InGaTe4,FALSE
Tl2Mo7O22,TRUE
Tl2O3,FALSE
Tl2PAuS4,FALSE
Tl2S,FALSE
Tl2Se,FALSE
Tl2Te3,FALSE
Tl2Te3As2Se,FALSE
Tl2TeBr6,FALSE
Tl2TeI6,FALSE
Tl2TeS3,FALSE
Tl3AsSe3,FALSE
Tl3Cr,TRUE
Tl3Ir,TRUE
Tl3Pb,TRUE
Tl3Si,TRUE
Tl3VS4,FALSE
Tl4CdI6,FALSE
Tl4CuTeO6,FALSE
Tl4In3GaS8,FALSE
Tl5Te3,TRUE
Tl6Cu(TeO5)2,FALSE
Tl8Os8O27,TRUE
Tl9SbSe6,TRUE
TlAgSe2,FALSE
TlAgTe2,FALSE
TlAsS2,FALSE
TlAsSe2,FALSE
TlBiTe2,FALSE
TlBiTe3,FALSE
TlBr,FALSE
TlCdS2,FALSE
TlCl,FALSE
TlCoBi,TRUE
TlCoMo2,TRUE
TlCr5(Se3S)2,FALSE
TlCr5(SeS)4,FALSE
TlCr5(SeS3)2,FALSE
TlCr5S8,FALSE
TlCr5Se3S5,FALSE
TlCr5Se5S3,FALSE
TlCr5Se7S,FALSE
TlCr5Se8,FALSE
TlCr5SeS7,FALSE
TlCuCl3,FALSE
TlCuSe2,FALSE
TlFeI3,TRUE
TlGaS2,FALSE
TlGaSe2,FALSE
TlGaTe2,FALSE
TlHg6S4Br5,FALSE
TlHg6Se4Br5,FALSE
TlInGeS4,FALSE
TlInHgS3,FALSE
TlInS2,FALSE
TlInSe2,FALSE
TlInTe2,FALSE
TlN,FALSE
TlN3,FALSE
TlNi,TRUE
TlPS2,FALSE
TlPSe2,FALSE
TlS,FALSE
TlS2,FALSE
TlSbS2,FALSE
TlSbSe2,FALSE
TlSbTe3,FALSE
TlSe,FALSE
TlSn,TRUE
TlSnAuSe3,FALSE
TlTe,TRUE
TlTeP,FALSE
TlZn2Tc,TRUE
Tm(CoSi)2,TRUE
Tm(CuGe)2,TRUE
Tm(CuS)2,TRUE
Tm(CuTe)3,FALSE
Tm(FeSi)2,TRUE
Tm(GeRu)2,TRUE
Tm(MnGe)6,TRUE
Tm(NiGe)2,TRUE
Tm(SiOs)2,TRUE
Tm2AlOs,TRUE
Tm2CdHg,TRUE
Tm2CuTc,TRUE
Tm2Ga10Os3,TRUE
Tm2In,TRUE
Tm2IrPd,TRUE
Tm2MgRu,TRUE
Tm2MgTl,TRUE
Tm2O3,FALSE
Tm2Ru2O7,TRUE
Tm2ZnAg,TRUE
Tm2ZnGa,TRUE
Tm2ZnHg,TRUE
Tm2ZnOs,TRUE
Tm3(GePd)4,TRUE
Tm3GaC,TRUE
Tm4In(NiGe2)2,TRUE
Tm4Sb2Se11.68,FALSE
Tm5(Ge5Rh2)2,TRUE
Tm5Ti5O17,TRUE
TmAl4Ni,TRUE
TmAlCu,TRUE
TmAs,FALSE
TmAu,TRUE
TmAu2,TRUE
TmB2C,TRUE
TmBPd3,TRUE
TmBRh3,TRUE
TmCdAg2,TRUE
TmCoSi2,TRUE
TmCu4Ag,TRUE
TmCuSi,TRUE
TmGe,TRUE
TmH2,TRUE
TmIn3,TRUE
TmLuPd2,TRUE
TmMg2Sc,TRUE
TmMgAg2,TRUE
TmMgCd2,TRUE
TmMnGe,TRUE
TmMnO3,TRUE
TmPd,TRUE
TmSb,TRUE
TmScHg2,TRUE
TmSnRh,TRUE
TmSnRu2,TRUE
TmThRu2,TRUE
TmTl,TRUE
TmU2S3O2,TRUE
U(Al2Fe)4,TRUE
U(BH4)4,TRUE
U(CoGe)2,TRUE
U(CrC)4,TRUE
U(CuP)2,TRUE
U(MnSi)2,TRUE
U(SiNi)2,TRUE
U11O5,TRUE
U2(Co7B2)3,TRUE
U2Al3C4,TRUE
U2AlCo2,TRUE
U2AlCo3,TRUE
U2Cl5O2,TRUE
U2Cr30P19,TRUE
U2Cu2As3O,TRUE
U2MnN3,TRUE
U2Re2C3,TRUE
U2SnRh2,TRUE
U2TeN2,TRUE
U2Ti,TRUE
U2Zn17,TRUE
U3Bi4,TRUE
U3Cu2Se7,TRUE
U3Nb,TRUE
U3Ni3Sn4,TRUE
U3Se4,TRUE
U4N7,TRUE
U4Re7Si6,TRUE
U4S3,TRUE
U5Ge3,TRUE
U6Co,TRUE
UAl3,TRUE
UAl4,TRUE
UAlNi4,TRUE
UAu2,TRUE
UCo4Sn,TRUE
UCoSi,TRUE
UCuP2,TRUE
UFe5Si3,TRUE
UFeSi,TRUE
UGa2,TRUE
UGa3Ni,TRUE
UGa5Ir,TRUE
UGaNi,TRUE
UGeRh,TRUE
UHg3(TeCl3)2,FALSE
UHg4(AsCl3)2,FALSE
UNiSn,TRUE
UO,FALSE
UO2,FALSE
UP2S7,FALSE
UP2S9,FALSE
UPt3,TRUE
USbSe,TRUE
USeS,TRUE
USi3,TRUE
UVC2,TRUE
V12P7,TRUE
V2(OF)3,TRUE
V2Bi4O11,FALSE
V2Cd2Te2O11,FALSE
V2GaSn2,TRUE
V2NO,TRUE
V2O5,FALSE
V2OsRu,TRUE
V2Pb4(Se2O7)3,FALSE
V2Sb(PO4)3,TRUE
V2Si2O7,TRUE
V2TcRu,TRUE
V2Zn3TeO10,FALSE
V2ZnO4,TRUE
V3(HO2)4,TRUE
V3Ag,TRUE
V3As2O9,FALSE
V3Bi(PbO4)3,FALSE
V3Cd4(TeO5)3,FALSE
V3CrO10,TRUE
V3Cu,TRUE
V3CuO8,TRUE
V3Pb2Se5O18,FALSE
V3Pt,TRUE
V3Re,TRUE
V3Si,TRUE
V3SiNi2,TRUE
V4ZnO8,TRUE
V5SiB2,TRUE
V6AgO15,TRUE
V6PbO11,TRUE
V8O,TRUE
VAg(IO4)2,FALSE
VAg(PSe3)2,TRUE
VAg2I3O11,FALSE
VB2,TRUE
VBi(SeO4)2,FALSE
VBi24O41,FALSE
VCo,TRUE
VCu3(PO4)4,TRUE
VCu3S4,FALSE
VFeRu2,TRUE
VFeSb,FALSE
VGa(TeO4)2,FALSE
VIn(NiO3)2,FALSE
VIr,TRUE
VIr3,TRUE
VNi2,TRUE
VNi5(PO4)6,TRUE
VO,FALSE
VO2,FALSE
VP,TRUE
VP4,TRUE
VPO4,TRUE
VPt2,TRUE
VSb,TRUE
VTc,TRUE
VTe2,TRUE
VTeHO5,FALSE
VZn2BiO6,FALSE
VZnRu2,TRUE
W2C,TRUE
W2N,TRUE
W3O7F,TRUE
WCl3,TRUE
WO3,FALSE
WSe2,FALSE
Y(Al2Cu)4,TRUE
Y(Al5Fe)2,TRUE
Y(AlSi)2,TRUE
Y(CrSi)2,TRUE
Y(CuSe)3,FALSE
Y(CuSi)2,TRUE
Y(CuTe)3,FALSE
Y(FeSi)2,TRUE
Y(NiP)2,TRUE
Y(Re2Si)2,TRUE
Y(SiPt)2,TRUE
Y(SiRh)2,TRUE
Y(SiRu)2,TRUE
Y(TiGa2)2,TRUE
Y2AlZn,TRUE
Y2C3,TRUE
Y2CuO4,TRUE
Y2Fe2Si2C,TRUE
Y2Ge2O7,TRUE
Y2Ge5Ir3,TRUE
Y2Mo2O7,TRUE
Y2O3,FALSE
Y2ReB6,TRUE
Y2Ru2O7,TRUE
Y2S3,FALSE
Y2U3O11,TRUE
Y3(Fe31B7)2,TRUE
Y3Al3NiGe2,TRUE
Y3Fe29,TRUE
Y3GaCo3,TRUE
Y3GaS6,FALSE
Y3Ge4,TRUE
Y3Si3Pd2,TRUE
Y3Tm,TRUE
Y4AsSe3,TRUE
Y4C7,TRUE
Y4CuTe8,TRUE
Y4GaSbS9,FALSE
Y4US5O3,FALSE
Y6Zn(SiS7)2,FALSE
YAgO3,TRUE
YAlGe,TRUE
YAlPd,TRUE
YAs,TRUE
YB2C,TRUE
YB2Rh2C,TRUE
YB66,FALSE
YBi,TRUE
YCd4B3O10,FALSE
YCdHg2,TRUE
YCdPd2,TRUE
YCdPt2,TRUE
YCo2,TRUE
YCoO3,TRUE
YCu3(WO3)4,TRUE
YCuO2,FALSE
YErRh2,TRUE
YH2,TRUE
YH2NO5,FALSE
YHg2,TRUE
YIn2Ni,TRUE
YMg4Cu,TRUE
YMgAl,TRUE
YMgCu4,TRUE
YMgGa,TRUE
YMoClO4,FALSE
YMoO4F,FALSE
YN,FALSE
YNi4B,TRUE
YNiSb,FALSE
YSbPd,FALSE
YSbPt,FALSE
YScO2,TRUE
YSi2,TRUE
YSiNi,TRUE
YSiRu,TRUE
YSn3,TRUE
YTi4(CuO4)3,TRUE
YTiO3,TRUE
YTmCu2,TRUE
YV(BiO4)2,FALSE
YVSeO10,FALSE
YVTeO10,FALSE
YWO3,TRUE
YZn5,TRUE
YZnBiO4,FALSE
Yb(Al2Mo)2,TRUE
Yb(AlGa)2,TRUE
Yb(AlGe)2,TRUE
Yb(AlSi)2,TRUE
Yb(CuS)3,FALSE
Yb(CuSe)3,FALSE
Yb(Fe2Ge)2,TRUE
Yb(Ga4Co)2,TRUE
Yb(GaS2)2,FALSE
Yb(GaSe2)2,FALSE
Yb(HO)3,TRUE
Yb(IO3)3,TRUE
Yb(InS2)3,FALSE
Yb(MnAs)2,TRUE
Yb(SbS2)2,FALSE
Yb(SbTe2)2,FALSE
Yb(SiAg)2,TRUE
Yb(SiRh)2,TRUE
Yb11(Ni10C)6,TRUE
Yb14Ti10O41,TRUE
Yb16S29,TRUE
Yb2(ZnGe)3,TRUE
Yb23Mg4Cu7,TRUE
Yb2Ce8O19,TRUE
Yb2EuS4,FALSE
Yb2EuSe4,FALSE
Yb2Ge2Ir,TRUE
Yb2HgPb,TRUE
Yb2InPd2,TRUE
Yb2MgS4,TRUE
Yb2MgSe4,TRUE
Yb2O3,FALSE
Yb2SmS4,TRUE
Yb2Sn,TRUE
Yb2ZnPb,TRUE
Yb3Al5O12,TRUE
Yb3Sn13Rh4,TRUE
Yb3Tc,TRUE
Yb3Ti3O14,TRUE
Yb3V,TRUE
Yb4Sb2S11.25,FALSE
Yb4Sb3,TRUE
Yb5Au4,TRUE
Yb6U3O17,TRUE
Yb8Ge3Sb5,TRUE
YbAg2,TRUE
YbAgGe,TRUE
YbAgO2,TRUE
YbAl3,TRUE
YbAs,FALSE
YbB2Rh3,TRUE
YbB66,FALSE
YbBO3,TRUE
YbCdHg2,TRUE
YbCe2CuS5,FALSE
YbCe2CuSe5,FALSE
YbCuGe,TRUE
YbCuSi,TRUE
YbDyPd2,TRUE
YbGa2Pd,TRUE
YbGeRh,TRUE
YbH2ClO2,TRUE
YbIn4Ni,TRUE
YbIn4Rh,TRUE
YbIr2,TRUE
YbMgPd,TRUE
YbMn2O5,TRUE
YbNd2CuS5,FALSE
YbNd3,TRUE
YbNdAg2,TRUE
YbPO4,TRUE
YbPmPt2,TRUE
YbPr11Se16,TRUE
YbPr2CuS5,FALSE
YbRh2,TRUE
YbS,FALSE
YbSb,FALSE
YbSb4Te7,FALSE
YbSe,FALSE
YbSi2Ni,TRUE
YbSm2CuS5,FALSE
YbSmRh2,TRUE
YbSn2Pd,TRUE
YbSnRh,TRUE
YbSnTe2,FALSE
YbTe,FALSE
YbTlS2,TRUE
YbTlSe2,TRUE
YbWClO4,FALSE
YbZnAu2,TRUE
YbZnPt,TRUE
Zn(Bi19O29)2,FALSE
Zn(CoO2)2,TRUE
Zn(CuO2)2,TRUE
Zn(FeN)2,TRUE
Zn(GaSe2)2,FALSE
Zn(InS2)2,FALSE
Zn(InSe2)2,FALSE
Zn(InTe2)2,FALSE
Zn0.01Cd0.99Se1,FALSE
Zn0.01Ga0.99As0.99Se0.01,FALSE
Zn0.01Ga0.99P0.99S0.01,FALSE
Zn0.01Ga0.99P0.99Se0.01,FALSE
Zn0.01Ga0.99Sb0.99Te0.01,FALSE
Zn0.05Ga0.95Sb0.95Te0.05,FALSE
Zn0.15Cd0.85Se1,FALSE
Zn0.15Ga0.85As0.85Se0.15,FALSE
Zn0.1Ga0.9Sb0.9Te0.1,FALSE
Zn0.25Ga0.75As0.75Se0.25,FALSE
Zn0.25Ga0.75P0.75Se0.25,FALSE
Zn0.2Ga0.8Sb0.8Te0.2,FALSE
Zn0.2Hg0.8Te1,FALSE
Zn0.3Ga0.7P0.7S0.3,FALSE
Zn0.42Ga0.58As0.58Se0.42,FALSE
Zn0.43Cd0.57Se1,FALSE
Zn0.4Hg0.6Se1,FALSE
Zn0.55Ga0.45P0.45S0.55,FALSE
Zn0.55Hg0.45Se1,FALSE
Zn0.5Cd0.5Se1,FALSE
Zn0.5Ga0.5As0.5Se0.5,FALSE
Zn0.5Ga0.5P0.5Se0.5,FALSE
Zn0.5Hg0.5Se1,FALSE
Zn0.65Hg0.35Se1,FALSE
Zn0.6Ga0.4As0.4Se0.6,FALSE
Zn0.75Cd0.25Se1,FALSE
Zn0.75Hg0.25Se1,FALSE
Zn0.75Hg0.25Te1,FALSE
Zn0.7Ga0.3As0.3Se0.7,FALSE
Zn0.7Ga0.3P0.3S0.7,FALSE
Zn0.7Ga0.3P0.3Se0.7,FALSE
Zn0.85Ga0.15As0.15Se0.85,FALSE
Zn0.85Ga0.15P0.15S0.85,FALSE
Zn0.85Hg0.15Se1,FALSE
Zn0.86Hg0.14Te1,FALSE
Zn0.8Hg0.2Se1,FALSE
Zn0.8Hg0.2Te1,FALSE
Zn0.92Hg0.08Te1,FALSE
Zn0.94Hg0.06Te1,FALSE
Zn0.95Ga0.05P0.05S0.95,FALSE
Zn0.95Ga0.05P0.05Se0.95,FALSE
Zn0.99Cd0.01Se1,FALSE
Zn0.99Ga0.01As0.01Se0.99,FALSE
Zn0.99Ga0.01P0.01S0.99,FALSE
Zn0.99Ga0.01P0.01Se0.99,FALSE
Zn0.99Ga0.01Sb0.01Te0.99,FALSE
Zn0.99Hg0.01Se1,FALSE
Zn0.99Hg0.01Te1,FALSE
Zn0.9Ga0.1As0.1Se0.9,FALSE
Zn0.9Ga0.1P0.1S0.9,FALSE
Zn0.9Ga0.1P0.1Se0.9,FALSE
Zn0.9Hg0.1Se1,FALSE
Zn0.9Hg0.1Te1,FALSE
Zn2BIr2,TRUE
Zn2In2S5,FALSE
Zn2InCuSe4,FALSE
Zn2InCuTe4,FALSE
Zn2MoSeO7,FALSE
Zn2Ni9O13,TRUE
Zn2Sb3O8,TRUE
Zn2SnN2,TRUE
Zn2TeMoO7,FALSE
Zn2WN2,TRUE
Zn3(BO3)2,FALSE
Zn3(InS3)2,FALSE
Zn3(PS4)2,FALSE
Zn3.5Ga1Sn0.5O6,FALSE
Zn3As2,FALSE
Zn3Cd,TRUE
Zn3Cu,TRUE
Zn3Cu10(TeO6)6,TRUE
Zn3N2,TRUE
Zn3P2,FALSE
Zn3Sb2,FALSE
Zn4.5Ga1Sn0.5O7,FALSE
Zn4Sb3,FALSE
Zn5.5Ga1Sn0.5O8,FALSE
Zn6S5Cl2,FALSE
Zn8Ag5,TRUE
ZnAgF5,TRUE
ZnAs,FALSE
ZnAs2,FALSE
ZnB12(H5O12)2,FALSE
ZnCrO2,TRUE
ZnCu2GeS4,FALSE
ZnCu2GeSe4,FALSE
ZnCu2SiS4,FALSE
ZnCu2SiSe4,FALSE
ZnCu2SiTe4,FALSE
ZnCu2SnSe4,FALSE
ZnCu2SnTe4,FALSE
ZnCu3P3O13,TRUE
ZnGaRh2,TRUE
ZnGeAs2,FALSE
ZnGeN2,FALSE
ZnGeP2,FALSE
ZnHg3(SCl2)2,FALSE
ZnHg3(SeCl2)2,FALSE
ZnI2,FALSE
ZnIrO3,TRUE
ZnO,FALSE
ZnS,FALSE
ZnSb,FALSE
ZnSb2MoO7,FALSE
ZnSb3,TRUE
ZnSe,FALSE
ZnSi(AgS2)2,FALSE
ZnSiAs2,FALSE
ZnSiP2,FALSE
ZnSn3,TRUE
ZnSnAs2,FALSE
ZnSnO3,FALSE
ZnSnP2,FALSE
ZnSnSb2,FALSE
ZnTc,FALSE
ZnTe,FALSE
ZnWO2,TRUE
Zr(Fe2Si)2,TRUE
Zr(Ni2P)2,TRUE
Zr0.67Ta1.33N3.03O0.12,FALSE
Zr1.33Ta0.67N1.63O1.89,FALSE
Zr1.33Ta0.67N1.97O1.38,FALSE
Zr1.33Ta0.67N2.61O0.42,FALSE
Zr1.86Cu1S4,FALSE
Zr2(Co7B2)3,TRUE
Zr2Al,TRUE
Zr2Co12P7,TRUE
Zr2CuS4,TRUE
Zr2HBr2,TRUE
Zr2In5Ni,TRUE
Zr2Ni12P7,TRUE
Zr2Se,TRUE
Zr2Te,TRUE
Zr3(Al2C3)2,TRUE
Zr3(Cu2Si3)2,TRUE
Zr3Ag,TRUE
Zr3Al2,TRUE
Zr3Hg,TRUE
Zr3Ir,TRUE
Zr3NiO,TRUE
Zr3O,FALSE
Zr4AlNi2,TRUE
Zr4Co4Ge7,TRUE
Zr5Al3,TRUE
Zr5Al3C,TRUE
Zr5Sb3,TRUE
Zr5SiSb3,TRUE
Zr5Sn3,TRUE
Zr5Sn4,TRUE
Zr6Al2CoH10,TRUE
Zr6Al2Ni,TRUE
Zr6NiCl15,TRUE
Zr6O,FALSE
Zr6Sb2Pt,TRUE
Zr7P4,TRUE
Zr7Sb4,TRUE
ZrAl5Ni2,TRUE
ZrAlPt,TRUE
ZrAlRu2,TRUE
ZrAlW,TRUE
ZrAu4,TRUE
ZrB2,TRUE
ZrC,FALSE
ZrCd,TRUE
ZrCrSi2,TRUE
ZrGaPt,TRUE
ZrGe2,TRUE
ZrGeRu,TRUE
ZrHCl,TRUE
ZrHg4(AsCl3)2,FALSE
ZrHg4(PCl3)2,FALSE
ZrInCu2,TRUE
ZrInPd2,TRUE
ZrInRh2,TRUE
ZrIr2,TRUE
ZrMo3,TRUE
ZrNiGe,TRUE
ZrNiSb,FALSE
ZrNiSn,TRUE
ZrO2,FALSE
ZrPd2,TRUE
ZrPd3,TRUE
ZrRe2,TRUE
ZrRh,TRUE
ZrRu3C,TRUE
ZrS2,FALSE
ZrS3,FALSE
ZrSb,TRUE
ZrSbRu,TRUE
ZrSe,TRUE
ZrSe2,FALSE
ZrSe3,FALSE
ZrSi2,TRUE
ZrSiTe,TRUE
ZrTaN3,FALSE
ZrTe,TRUE
ZrTi2O,TRUE
ZrTiF6,TRUE
ZrW2,TRUE
